# Blender 5.1.0
# www.blender.org
mtllib Untitled.mtl
o Fance
v -2.696543 0.464173 -0.000000
v -2.696543 3.331141 -0.000000
v 2.696543 3.331141 -0.000000
v 2.696543 0.464173 -0.000000
v -0.140000 0.303171 0.050000
v 0.140000 0.303171 0.050000
v 0.140000 0.303171 -0.050000
v -0.140000 0.303171 -0.050000
v -0.140000 0.304511 0.055000
v 0.140000 0.304511 0.055000
v 0.142500 0.304511 0.054330
v 0.144330 0.304511 0.052500
v 0.145000 0.304511 0.050000
v 0.145000 0.304511 -0.050000
v 0.144330 0.304511 -0.052500
v 0.142500 0.304511 -0.054330
v 0.140000 0.304511 -0.055000
v -0.140000 0.304511 -0.055000
v -0.142500 0.304511 -0.054330
v -0.144330 0.304511 -0.052500
v -0.145000 0.304511 -0.050000
v -0.145000 0.304511 0.050000
v -0.144330 0.304511 0.052500
v -0.142500 0.304511 0.054330
v -0.140000 0.308171 0.058660
v 0.140000 0.308171 0.058660
v 0.144330 0.308171 0.057500
v 0.147500 0.308171 0.054330
v 0.148660 0.308171 0.050000
v 0.148660 0.308171 -0.050000
v 0.147500 0.308171 -0.054330
v 0.144330 0.308171 -0.057500
v 0.140000 0.308171 -0.058660
v -0.140000 0.308171 -0.058660
v -0.144330 0.308171 -0.057500
v -0.147500 0.308171 -0.054330
v -0.148660 0.308171 -0.050000
v -0.148660 0.308171 0.050000
v -0.147500 0.308171 0.054330
v -0.144330 0.308171 0.057500
v -0.140000 0.313171 0.060000
v 0.140000 0.313171 0.060000
v 0.145000 0.313171 0.058660
v 0.148660 0.313171 0.055000
v 0.150000 0.313171 0.050000
v 0.150000 0.313171 -0.050000
v 0.148660 0.313171 -0.055000
v 0.145000 0.313171 -0.058660
v 0.140000 0.313171 -0.060000
v -0.140000 0.313171 -0.060000
v -0.145000 0.313171 -0.058660
v -0.148660 0.313171 -0.055000
v -0.150000 0.313171 -0.050000
v -0.150000 0.313171 0.050000
v -0.148660 0.313171 0.055000
v -0.145000 0.313171 0.058660
v -0.140000 0.593171 0.060000
v 0.140000 0.593171 0.060000
v 0.145000 0.593171 0.058660
v 0.148660 0.593171 0.055000
v 0.150000 0.593171 0.050000
v 0.150000 0.593171 -0.050000
v 0.148660 0.593171 -0.055000
v 0.145000 0.593171 -0.058660
v 0.140000 0.593171 -0.060000
v -0.140000 0.593171 -0.060000
v -0.145000 0.593171 -0.058660
v -0.148660 0.593171 -0.055000
v -0.150000 0.593171 -0.050000
v -0.150000 0.593171 0.050000
v -0.148660 0.593171 0.055000
v -0.145000 0.593171 0.058660
v -0.140000 0.598171 0.058660
v 0.140000 0.598171 0.058660
v 0.144330 0.598171 0.057500
v 0.147500 0.598171 0.054330
v 0.148660 0.598171 0.050000
v 0.148660 0.598171 -0.050000
v 0.147500 0.598171 -0.054330
v 0.144330 0.598171 -0.057500
v 0.140000 0.598171 -0.058660
v -0.140000 0.598171 -0.058660
v -0.144330 0.598171 -0.057500
v -0.147500 0.598171 -0.054330
v -0.148660 0.598171 -0.050000
v -0.148660 0.598171 0.050000
v -0.147500 0.598171 0.054330
v -0.144330 0.598171 0.057500
v -0.140000 0.601831 0.055000
v 0.140000 0.601831 0.055000
v 0.142500 0.601831 0.054330
v 0.144330 0.601831 0.052500
v 0.145000 0.601831 0.050000
v 0.145000 0.601831 -0.050000
v 0.144330 0.601831 -0.052500
v 0.142500 0.601831 -0.054330
v 0.140000 0.601831 -0.055000
v -0.140000 0.601831 -0.055000
v -0.142500 0.601831 -0.054330
v -0.144330 0.601831 -0.052500
v -0.145000 0.601831 -0.050000
v -0.145000 0.601831 0.050000
v -0.144330 0.601831 0.052500
v -0.142500 0.601831 0.054330
v -0.140000 0.603171 0.050000
v 0.140000 0.603171 0.050000
v 0.140000 0.603171 -0.050000
v -0.140000 0.603171 -0.050000
v -0.140000 1.127439 0.050000
v 0.140000 1.127439 0.050000
v 0.140000 1.127439 -0.050000
v -0.140000 1.127439 -0.050000
v -0.140000 1.128779 0.055000
v 0.140000 1.128779 0.055000
v 0.142500 1.128779 0.054330
v 0.144330 1.128779 0.052500
v 0.145000 1.128779 0.050000
v 0.145000 1.128779 -0.050000
v 0.144330 1.128779 -0.052500
v 0.142500 1.128779 -0.054330
v 0.140000 1.128779 -0.055000
v -0.140000 1.128779 -0.055000
v -0.142500 1.128779 -0.054330
v -0.144330 1.128779 -0.052500
v -0.145000 1.128779 -0.050000
v -0.145000 1.128779 0.050000
v -0.144330 1.128779 0.052500
v -0.142500 1.128779 0.054330
v -0.140000 1.132439 0.058660
v 0.140000 1.132439 0.058660
v 0.144330 1.132439 0.057500
v 0.147500 1.132439 0.054330
v 0.148660 1.132439 0.050000
v 0.148660 1.132439 -0.050000
v 0.147500 1.132439 -0.054330
v 0.144330 1.132439 -0.057500
v 0.140000 1.132439 -0.058660
v -0.140000 1.132439 -0.058660
v -0.144330 1.132439 -0.057500
v -0.147500 1.132439 -0.054330
v -0.148660 1.132439 -0.050000
v -0.148660 1.132439 0.050000
v -0.147500 1.132439 0.054330
v -0.144330 1.132439 0.057500
v -0.140000 1.137439 0.060000
v 0.140000 1.137439 0.060000
v 0.145000 1.137439 0.058660
v 0.148660 1.137439 0.055000
v 0.150000 1.137439 0.050000
v 0.150000 1.137439 -0.050000
v 0.148660 1.137439 -0.055000
v 0.145000 1.137439 -0.058660
v 0.140000 1.137439 -0.060000
v -0.140000 1.137439 -0.060000
v -0.145000 1.137439 -0.058660
v -0.148660 1.137439 -0.055000
v -0.150000 1.137439 -0.050000
v -0.150000 1.137439 0.050000
v -0.148660 1.137439 0.055000
v -0.145000 1.137439 0.058660
v -0.140000 1.417439 0.060000
v 0.140000 1.417439 0.060000
v 0.145000 1.417439 0.058660
v 0.148660 1.417439 0.055000
v 0.150000 1.417439 0.050000
v 0.150000 1.417439 -0.050000
v 0.148660 1.417439 -0.055000
v 0.145000 1.417439 -0.058660
v 0.140000 1.417439 -0.060000
v -0.140000 1.417439 -0.060000
v -0.145000 1.417439 -0.058660
v -0.148660 1.417439 -0.055000
v -0.150000 1.417439 -0.050000
v -0.150000 1.417439 0.050000
v -0.148660 1.417439 0.055000
v -0.145000 1.417439 0.058660
v -0.140000 1.422439 0.058660
v 0.140000 1.422439 0.058660
v 0.144330 1.422439 0.057500
v 0.147500 1.422439 0.054330
v 0.148660 1.422439 0.050000
v 0.148660 1.422439 -0.050000
v 0.147500 1.422439 -0.054330
v 0.144330 1.422439 -0.057500
v 0.140000 1.422439 -0.058660
v -0.140000 1.422439 -0.058660
v -0.144330 1.422439 -0.057500
v -0.147500 1.422439 -0.054330
v -0.148660 1.422439 -0.050000
v -0.148660 1.422439 0.050000
v -0.147500 1.422439 0.054330
v -0.144330 1.422439 0.057500
v -0.140000 1.426099 0.055000
v 0.140000 1.426099 0.055000
v 0.142500 1.426099 0.054330
v 0.144330 1.426099 0.052500
v 0.145000 1.426099 0.050000
v 0.145000 1.426099 -0.050000
v 0.144330 1.426099 -0.052500
v 0.142500 1.426099 -0.054330
v 0.140000 1.426099 -0.055000
v -0.140000 1.426099 -0.055000
v -0.142500 1.426099 -0.054330
v -0.144330 1.426099 -0.052500
v -0.145000 1.426099 -0.050000
v -0.145000 1.426099 0.050000
v -0.144330 1.426099 0.052500
v -0.142500 1.426099 0.054330
v -0.140000 1.427439 0.050000
v 0.140000 1.427439 0.050000
v 0.140000 1.427439 -0.050000
v -0.140000 1.427439 -0.050000
v -2.786575 1.297557 -0.034641
v -2.786575 1.312198 -0.020000
v -2.786575 1.317557 -0.000000
v -2.786575 1.312198 0.020000
v -2.786575 1.297557 0.034641
v -2.786575 1.277557 0.040000
v -2.786575 1.257557 0.034641
v -2.786575 1.242916 0.020000
v -2.786575 1.237557 -0.000000
v -2.786575 1.242916 -0.020000
v -2.786575 1.257557 -0.034641
v -2.786575 1.277557 -0.040000
v -2.612275 1.312198 -0.020000
v -2.612275 1.297557 -0.034641
v -2.612275 1.277557 -0.040000
v -2.612275 1.257557 -0.034641
v -2.612275 1.242916 -0.020000
v -2.612275 1.237557 -0.000000
v -2.612275 1.242916 0.020000
v -2.612275 1.257557 0.034641
v -2.612275 1.277557 0.040000
v -2.612275 1.297557 0.034641
v -2.612275 1.312198 0.020000
v -2.612275 1.317557 -0.000000
v -2.617896 1.329872 -0.000000
v -2.613681 1.325508 -0.000000
v -2.785170 1.325508 -0.000000
v -2.780954 1.329872 -0.000000
v -2.617896 1.322863 0.026157
v -2.613681 1.319084 0.023975
v -2.785170 1.319084 0.023975
v -2.780954 1.322863 0.026157
v -2.617896 1.303715 0.045306
v -2.613681 1.301533 0.041526
v -2.785170 1.301533 0.041526
v -2.780954 1.303715 0.045306
v -2.617896 1.277557 0.052314
v -2.613681 1.277557 0.047950
v -2.785170 1.277557 0.047950
v -2.780954 1.277557 0.052314
v -2.617896 1.251400 0.045306
v -2.613681 1.253582 0.041526
v -2.785170 1.253582 0.041526
v -2.780954 1.251400 0.045306
v -2.617896 1.232252 0.026157
v -2.613681 1.236031 0.023975
v -2.785170 1.236031 0.023975
v -2.780954 1.232252 0.026157
v -2.775575 1.304442 -0.046566
v -2.786575 1.298748 -0.036703
v -2.775575 1.324123 -0.026885
v -2.786575 1.314260 -0.021191
v -2.775575 1.331326 -0.000000
v -2.786575 1.319938 -0.000000
v -2.775575 1.324123 0.026884
v -2.786575 1.314260 0.021190
v -2.775575 1.304442 0.046565
v -2.786575 1.298748 0.036703
v -2.775575 1.277557 0.053769
v -2.786575 1.277557 0.042381
v -2.775575 1.250673 0.046565
v -2.786575 1.256367 0.036703
v -2.775575 1.230992 0.026884
v -2.786575 1.240854 0.021190
v -2.775575 1.223788 -0.000000
v -2.786575 1.235176 -0.000000
v -2.775575 1.230992 -0.026885
v -2.786575 1.240854 -0.021191
v -2.775575 1.250673 -0.046566
v -2.786575 1.256367 -0.036703
v -2.775575 1.277557 -0.053769
v -2.786575 1.277557 -0.042381
v -2.623276 1.324123 -0.026885
v -2.612275 1.314260 -0.021191
v -2.623276 1.304442 -0.046566
v -2.612275 1.298748 -0.036703
v -2.623276 1.277557 -0.053769
v -2.612275 1.277557 -0.042381
v -2.623276 1.250673 -0.046566
v -2.612275 1.256367 -0.036703
v -2.623276 1.230992 -0.026885
v -2.612275 1.240854 -0.021191
v -2.623276 1.223788 -0.000000
v -2.612275 1.235176 -0.000000
v -2.623276 1.230992 0.026884
v -2.612275 1.240854 0.021190
v -2.623276 1.250673 0.046565
v -2.612275 1.256367 0.036703
v -2.623276 1.277557 0.053769
v -2.612275 1.277557 0.042381
v -2.623276 1.304442 0.046565
v -2.612275 1.298748 0.036703
v -2.623276 1.324123 0.026884
v -2.612275 1.314260 0.021190
v -2.623276 1.331326 -0.000000
v -2.612275 1.319938 -0.000000
v -2.780954 1.303715 -0.045306
v -2.785170 1.301533 -0.041526
v -2.785170 1.319084 -0.023975
v -2.780954 1.322863 -0.026157
v -2.617896 1.322863 -0.026157
v -2.613681 1.319084 -0.023975
v -2.613681 1.301533 -0.041526
v -2.617896 1.303715 -0.045306
v -2.780954 1.277557 -0.052315
v -2.785170 1.277557 -0.047950
v -2.613681 1.277557 -0.047950
v -2.617896 1.277557 -0.052315
v -2.780954 1.251400 -0.045306
v -2.785170 1.253582 -0.041526
v -2.613681 1.253582 -0.041526
v -2.617896 1.251400 -0.045306
v -2.780954 1.232252 -0.026157
v -2.785170 1.236031 -0.023975
v -2.613681 1.236031 -0.023975
v -2.617896 1.232252 -0.026157
v -2.780954 1.225243 -0.000000
v -2.785170 1.229607 -0.000000
v -2.613681 1.229607 -0.000000
v -2.617896 1.225243 -0.000000
v -2.694796 1.387182 -0.025981
v -2.709796 1.387182 -0.030000
v -2.724796 1.387182 -0.025981
v -2.735777 1.387182 -0.015000
v -2.739796 1.387182 -0.000000
v -2.735777 1.387182 0.015000
v -2.724796 1.387182 0.025981
v -2.709796 1.387182 0.030000
v -2.694796 1.387182 0.025981
v -2.683815 1.387182 0.015000
v -2.679796 1.387182 -0.000000
v -2.683815 1.387182 -0.015000
v -2.709796 1.158923 -0.030000
v -2.694796 1.158923 -0.025981
v -2.683815 1.158923 -0.015000
v -2.679796 1.158923 -0.000000
v -2.683815 1.158923 0.015000
v -2.694796 1.158923 0.025981
v -2.709796 1.158923 0.030000
v -2.724796 1.158923 0.025981
v -2.735777 1.158923 0.015000
v -2.739796 1.158923 -0.000000
v -2.735777 1.158923 -0.015000
v -2.724796 1.158923 -0.025981
v -2.728771 1.160329 -0.032866
v -2.730953 1.164544 -0.036645
v -2.730953 1.381562 -0.036646
v -2.728771 1.385777 -0.032866
v -2.742662 1.160329 -0.018975
v -2.746441 1.164544 -0.021157
v -2.746441 1.381562 -0.021157
v -2.742662 1.385777 -0.018975
v -2.747746 1.160329 -0.000000
v -2.752110 1.164544 -0.000000
v -2.752110 1.381562 -0.000000
v -2.747746 1.385777 -0.000000
v -2.742662 1.160329 0.018975
v -2.746441 1.164544 0.021157
v -2.746441 1.381562 0.021157
v -2.742662 1.385777 0.018975
v -2.728771 1.160329 0.032866
v -2.730953 1.164544 0.036645
v -2.730953 1.381562 0.036645
v -2.728771 1.385777 0.032866
v -2.709796 1.160329 0.037950
v -2.709796 1.164544 0.042314
v -2.709796 1.381562 0.042314
v -2.709796 1.385777 0.037950
v -2.687911 1.376183 -0.037905
v -2.693605 1.387182 -0.028043
v -2.709796 1.376183 -0.043769
v -2.709796 1.387182 -0.032381
v -2.731680 1.376183 -0.037905
v -2.725986 1.387182 -0.028043
v -2.747701 1.376183 -0.021885
v -2.737839 1.387182 -0.016191
v -2.753565 1.376183 -0.000000
v -2.742177 1.387182 -0.000000
v -2.747701 1.376183 0.021884
v -2.737839 1.387182 0.016190
v -2.731680 1.376183 0.037905
v -2.725986 1.387182 0.028043
v -2.709796 1.376183 0.043769
v -2.709796 1.387182 0.032381
v -2.687911 1.376183 0.037905
v -2.693605 1.387182 0.028043
v -2.671891 1.376183 0.021884
v -2.681753 1.387182 0.016190
v -2.666027 1.376183 -0.000000
v -2.677415 1.387182 -0.000000
v -2.671891 1.376183 -0.021885
v -2.681753 1.387182 -0.016191
v -2.709796 1.169923 -0.043769
v -2.709796 1.158923 -0.032381
v -2.687911 1.169923 -0.037905
v -2.693605 1.158923 -0.028043
v -2.671891 1.169923 -0.021885
v -2.681753 1.158923 -0.016191
v -2.666027 1.169923 -0.000000
v -2.677415 1.158923 -0.000000
v -2.671891 1.169923 0.021884
v -2.681753 1.158923 0.016190
v -2.687911 1.169923 0.037905
v -2.693605 1.158923 0.028043
v -2.709796 1.169923 0.043769
v -2.709796 1.158923 0.032381
v -2.731680 1.169923 0.037905
v -2.725986 1.158923 0.028043
v -2.747701 1.169923 0.021884
v -2.737839 1.158923 0.016190
v -2.753565 1.169923 -0.000000
v -2.742177 1.158923 -0.000000
v -2.747701 1.169923 -0.021885
v -2.737839 1.158923 -0.016191
v -2.731680 1.169923 -0.037905
v -2.725986 1.158923 -0.028043
v -2.709796 1.381562 -0.042315
v -2.709796 1.385777 -0.037950
v -2.690821 1.385777 -0.032866
v -2.688639 1.381562 -0.036646
v -2.688639 1.164544 -0.036645
v -2.690821 1.160329 -0.032866
v -2.709796 1.160329 -0.037950
v -2.709796 1.164544 -0.042315
v -2.676930 1.385777 -0.018975
v -2.673151 1.381562 -0.021157
v -2.673151 1.164544 -0.021157
v -2.676930 1.160329 -0.018975
v -2.671845 1.385777 -0.000000
v -2.667481 1.381562 -0.000000
v -2.667481 1.164544 -0.000000
v -2.671845 1.160329 -0.000000
v -2.676930 1.385777 0.018975
v -2.673151 1.381562 0.021157
v -2.673151 1.164544 0.021157
v -2.676930 1.160329 0.018975
v -2.690821 1.385777 0.032866
v -2.688639 1.381562 0.036645
v -2.688639 1.164544 0.036645
v -2.690821 1.160329 0.032866
v 2.786575 1.297557 -0.034641
v 2.786575 1.312198 -0.020000
v 2.786575 1.317557 -0.000000
v 2.786575 1.312198 0.020000
v 2.786575 1.297557 0.034641
v 2.786575 1.277557 0.040000
v 2.786575 1.257557 0.034641
v 2.786575 1.242916 0.020000
v 2.786575 1.237557 -0.000000
v 2.786575 1.242916 -0.020000
v 2.786575 1.257557 -0.034641
v 2.786575 1.277557 -0.040000
v 2.612275 1.312198 -0.020000
v 2.612275 1.297557 -0.034641
v 2.612275 1.277557 -0.040000
v 2.612275 1.257557 -0.034641
v 2.612275 1.242916 -0.020000
v 2.612275 1.237557 -0.000000
v 2.612275 1.242916 0.020000
v 2.612275 1.257557 0.034641
v 2.612275 1.277557 0.040000
v 2.612275 1.297557 0.034641
v 2.612275 1.312198 0.020000
v 2.612275 1.317557 -0.000000
v 2.617896 1.329872 -0.000000
v 2.613680 1.325508 -0.000000
v 2.785170 1.325508 -0.000000
v 2.780954 1.329872 -0.000000
v 2.617896 1.322863 0.026157
v 2.613680 1.319084 0.023975
v 2.785170 1.319084 0.023975
v 2.780954 1.322863 0.026157
v 2.617896 1.303715 0.045306
v 2.613680 1.301533 0.041526
v 2.785170 1.301533 0.041526
v 2.780954 1.303715 0.045306
v 2.617896 1.277557 0.052314
v 2.613680 1.277557 0.047950
v 2.785170 1.277557 0.047950
v 2.780954 1.277557 0.052314
v 2.617896 1.251400 0.045306
v 2.613680 1.253582 0.041526
v 2.785170 1.253582 0.041526
v 2.780954 1.251400 0.045306
v 2.617896 1.232252 0.026157
v 2.613680 1.236031 0.023975
v 2.785170 1.236031 0.023975
v 2.780954 1.232252 0.026157
v 2.775574 1.304442 -0.046566
v 2.786575 1.298748 -0.036703
v 2.775574 1.324123 -0.026885
v 2.786575 1.314260 -0.021191
v 2.775574 1.331326 -0.000000
v 2.786575 1.319938 -0.000000
v 2.775574 1.324123 0.026884
v 2.786575 1.314260 0.021190
v 2.775574 1.304442 0.046565
v 2.786575 1.298748 0.036703
v 2.775574 1.277557 0.053769
v 2.786575 1.277557 0.042381
v 2.775574 1.250673 0.046565
v 2.786575 1.256367 0.036703
v 2.775574 1.230992 0.026884
v 2.786575 1.240854 0.021190
v 2.775574 1.223788 -0.000000
v 2.786575 1.235176 -0.000000
v 2.775574 1.230992 -0.026885
v 2.786575 1.240854 -0.021191
v 2.775574 1.250673 -0.046566
v 2.786575 1.256367 -0.036703
v 2.775574 1.277557 -0.053769
v 2.786575 1.277557 -0.042381
v 2.623275 1.324123 -0.026885
v 2.612275 1.314260 -0.021191
v 2.623275 1.304442 -0.046566
v 2.612275 1.298748 -0.036703
v 2.623275 1.277557 -0.053769
v 2.612275 1.277557 -0.042381
v 2.623275 1.250673 -0.046566
v 2.612275 1.256367 -0.036703
v 2.623275 1.230992 -0.026885
v 2.612275 1.240854 -0.021191
v 2.623275 1.223788 -0.000000
v 2.612275 1.235176 -0.000000
v 2.623275 1.230992 0.026884
v 2.612275 1.240854 0.021190
v 2.623275 1.250673 0.046565
v 2.612275 1.256367 0.036703
v 2.623275 1.277557 0.053769
v 2.612275 1.277557 0.042381
v 2.623275 1.304442 0.046565
v 2.612275 1.298748 0.036703
v 2.623275 1.324123 0.026884
v 2.612275 1.314260 0.021190
v 2.623275 1.331326 -0.000000
v 2.612275 1.319938 -0.000000
v 2.780954 1.303715 -0.045306
v 2.785170 1.301533 -0.041526
v 2.785170 1.319084 -0.023975
v 2.780954 1.322863 -0.026157
v 2.617896 1.322863 -0.026157
v 2.613680 1.319084 -0.023975
v 2.613680 1.301533 -0.041526
v 2.617896 1.303715 -0.045306
v 2.780954 1.277557 -0.052315
v 2.785170 1.277557 -0.047950
v 2.613680 1.277557 -0.047950
v 2.617896 1.277557 -0.052315
v 2.780954 1.251400 -0.045306
v 2.785170 1.253582 -0.041526
v 2.613680 1.253582 -0.041526
v 2.617896 1.251400 -0.045306
v 2.780954 1.232252 -0.026157
v 2.785170 1.236031 -0.023975
v 2.613680 1.236031 -0.023975
v 2.617896 1.232252 -0.026157
v 2.780954 1.225243 -0.000000
v 2.785170 1.229607 -0.000000
v 2.613680 1.229607 -0.000000
v 2.617896 1.225243 -0.000000
v 2.694796 1.387182 -0.025981
v 2.709795 1.387182 -0.030000
v 2.724795 1.387182 -0.025981
v 2.735776 1.387182 -0.015000
v 2.739795 1.387182 -0.000000
v 2.735776 1.387182 0.015000
v 2.724795 1.387182 0.025981
v 2.709795 1.387182 0.030000
v 2.694796 1.387182 0.025981
v 2.683815 1.387182 0.015000
v 2.679795 1.387182 -0.000000
v 2.683815 1.387182 -0.015000
v 2.709795 1.158923 -0.030000
v 2.694796 1.158923 -0.025981
v 2.683815 1.158923 -0.015000
v 2.679795 1.158923 -0.000000
v 2.683815 1.158923 0.015000
v 2.694796 1.158923 0.025981
v 2.709795 1.158923 0.030000
v 2.724795 1.158923 0.025981
v 2.735776 1.158923 0.015000
v 2.739795 1.158923 -0.000000
v 2.735776 1.158923 -0.015000
v 2.724795 1.158923 -0.025981
v 2.728771 1.160329 -0.032866
v 2.730953 1.164544 -0.036645
v 2.730953 1.381562 -0.036646
v 2.728771 1.385777 -0.032866
v 2.742661 1.160329 -0.018975
v 2.746441 1.164544 -0.021157
v 2.746441 1.381562 -0.021157
v 2.742661 1.385777 -0.018975
v 2.747746 1.160329 -0.000000
v 2.752110 1.164544 -0.000000
v 2.752110 1.381562 -0.000000
v 2.747746 1.385777 -0.000000
v 2.742661 1.160329 0.018975
v 2.746441 1.164544 0.021157
v 2.746441 1.381562 0.021157
v 2.742661 1.385777 0.018975
v 2.728771 1.160329 0.032866
v 2.730953 1.164544 0.036645
v 2.730953 1.381562 0.036645
v 2.728771 1.385777 0.032866
v 2.709795 1.160329 0.037950
v 2.709795 1.164544 0.042314
v 2.709795 1.381562 0.042314
v 2.709795 1.385777 0.037950
v 2.687912 1.376183 -0.037905
v 2.693605 1.387182 -0.028043
v 2.709795 1.376183 -0.043769
v 2.709795 1.387182 -0.032381
v 2.731680 1.376183 -0.037905
v 2.725986 1.387182 -0.028043
v 2.747701 1.376183 -0.021885
v 2.737839 1.387182 -0.016191
v 2.753565 1.376183 -0.000000
v 2.742177 1.387182 -0.000000
v 2.747701 1.376183 0.021884
v 2.737839 1.387182 0.016190
v 2.731680 1.376183 0.037905
v 2.725986 1.387182 0.028043
v 2.709795 1.376183 0.043769
v 2.709795 1.387182 0.032381
v 2.687912 1.376183 0.037905
v 2.693605 1.387182 0.028043
v 2.671891 1.376183 0.021884
v 2.681753 1.387182 0.016190
v 2.666027 1.376183 -0.000000
v 2.677414 1.387182 -0.000000
v 2.671891 1.376183 -0.021885
v 2.681753 1.387182 -0.016191
v 2.709795 1.169923 -0.043769
v 2.709795 1.158923 -0.032381
v 2.687912 1.169923 -0.037905
v 2.693605 1.158923 -0.028043
v 2.671891 1.169923 -0.021885
v 2.681753 1.158923 -0.016191
v 2.666027 1.169923 -0.000000
v 2.677414 1.158923 -0.000000
v 2.671891 1.169923 0.021884
v 2.681753 1.158923 0.016190
v 2.687912 1.169923 0.037905
v 2.693605 1.158923 0.028043
v 2.709795 1.169923 0.043769
v 2.709795 1.158923 0.032381
v 2.731680 1.169923 0.037905
v 2.725986 1.158923 0.028043
v 2.747701 1.169923 0.021884
v 2.737839 1.158923 0.016190
v 2.753565 1.169923 -0.000000
v 2.742177 1.158923 -0.000000
v 2.747701 1.169923 -0.021885
v 2.737839 1.158923 -0.016191
v 2.731680 1.169923 -0.037905
v 2.725986 1.158923 -0.028043
v 2.709795 1.381562 -0.042315
v 2.709795 1.385777 -0.037950
v 2.690821 1.385777 -0.032866
v 2.688638 1.381562 -0.036646
v 2.688638 1.164544 -0.036645
v 2.690821 1.160329 -0.032866
v 2.709795 1.160329 -0.037950
v 2.709795 1.164544 -0.042315
v 2.676930 1.385777 -0.018975
v 2.673151 1.381562 -0.021157
v 2.673151 1.164544 -0.021157
v 2.676930 1.160329 -0.018975
v 2.671845 1.385777 -0.000000
v 2.667481 1.381562 -0.000000
v 2.667481 1.164544 -0.000000
v 2.671845 1.160329 -0.000000
v 2.676930 1.385777 0.018975
v 2.673151 1.381562 0.021157
v 2.673151 1.164544 0.021157
v 2.676930 1.160329 0.018975
v 2.690821 1.385777 0.032866
v 2.688638 1.381562 0.036645
v 2.688638 1.164544 0.036645
v 2.690821 1.160329 0.032866
v -2.786575 0.468513 -0.034641
v -2.786575 0.483154 -0.020000
v -2.786575 0.488513 -0.000000
v -2.786575 0.483154 0.020000
v -2.786575 0.468513 0.034641
v -2.786575 0.448513 0.040000
v -2.786575 0.428513 0.034641
v -2.786575 0.413872 0.020000
v -2.786575 0.408513 -0.000000
v -2.786575 0.413872 -0.020000
v -2.786575 0.428513 -0.034641
v -2.786575 0.448513 -0.040000
v -2.612275 0.483154 -0.020000
v -2.612275 0.468513 -0.034641
v -2.612275 0.448513 -0.040000
v -2.612275 0.428513 -0.034641
v -2.612275 0.413872 -0.020000
v -2.612275 0.408513 -0.000000
v -2.612275 0.413872 0.020000
v -2.612275 0.428513 0.034641
v -2.612275 0.448513 0.040000
v -2.612275 0.468513 0.034641
v -2.612275 0.483154 0.020000
v -2.612275 0.488513 -0.000000
v -2.617896 0.500827 -0.000000
v -2.613681 0.496463 -0.000000
v -2.785170 0.496463 -0.000000
v -2.780954 0.500827 -0.000000
v -2.617896 0.493818 0.026157
v -2.613681 0.490039 0.023975
v -2.785170 0.490039 0.023975
v -2.780954 0.493818 0.026157
v -2.617896 0.474670 0.045306
v -2.613681 0.472488 0.041526
v -2.785170 0.472488 0.041526
v -2.780954 0.474670 0.045306
v -2.617896 0.448513 0.052314
v -2.613681 0.448513 0.047950
v -2.785170 0.448513 0.047950
v -2.780954 0.448513 0.052314
v -2.617896 0.422356 0.045306
v -2.613681 0.424538 0.041526
v -2.785170 0.424538 0.041526
v -2.780954 0.422356 0.045306
v -2.617896 0.403207 0.026157
v -2.613681 0.406987 0.023975
v -2.785170 0.406987 0.023975
v -2.780954 0.403207 0.026157
v -2.775575 0.475397 -0.046566
v -2.786575 0.469703 -0.036703
v -2.775575 0.495078 -0.026885
v -2.786575 0.485216 -0.021191
v -2.775575 0.502282 -0.000000
v -2.786575 0.490894 -0.000000
v -2.775575 0.495078 0.026885
v -2.786575 0.485216 0.021191
v -2.775575 0.475397 0.046565
v -2.786575 0.469703 0.036703
v -2.775575 0.448513 0.053769
v -2.786575 0.448513 0.042381
v -2.775575 0.421628 0.046565
v -2.786575 0.427322 0.036703
v -2.775575 0.401947 0.026885
v -2.786575 0.411810 0.021191
v -2.775575 0.394744 -0.000000
v -2.786575 0.406132 -0.000000
v -2.775575 0.401947 -0.026885
v -2.786575 0.411810 -0.021191
v -2.775575 0.421628 -0.046566
v -2.786575 0.427322 -0.036703
v -2.775575 0.448513 -0.053769
v -2.786575 0.448513 -0.042381
v -2.623276 0.495078 -0.026885
v -2.612275 0.485216 -0.021191
v -2.623276 0.475397 -0.046566
v -2.612275 0.469703 -0.036703
v -2.623276 0.448513 -0.053769
v -2.612275 0.448513 -0.042381
v -2.623276 0.421628 -0.046566
v -2.612275 0.427322 -0.036703
v -2.623276 0.401947 -0.026885
v -2.612275 0.411810 -0.021191
v -2.623276 0.394744 -0.000000
v -2.612275 0.406132 -0.000000
v -2.623276 0.401947 0.026885
v -2.612275 0.411810 0.021191
v -2.623276 0.421628 0.046565
v -2.612275 0.427322 0.036703
v -2.623276 0.448513 0.053769
v -2.612275 0.448513 0.042381
v -2.623276 0.475397 0.046565
v -2.612275 0.469703 0.036703
v -2.623276 0.495078 0.026885
v -2.612275 0.485216 0.021191
v -2.623276 0.502282 -0.000000
v -2.612275 0.490894 -0.000000
v -2.780954 0.474670 -0.045306
v -2.785170 0.472488 -0.041526
v -2.785170 0.490039 -0.023975
v -2.780954 0.493818 -0.026157
v -2.617896 0.493818 -0.026157
v -2.613681 0.490039 -0.023975
v -2.613681 0.472488 -0.041526
v -2.617896 0.474670 -0.045306
v -2.780954 0.448513 -0.052315
v -2.785170 0.448513 -0.047950
v -2.613681 0.448513 -0.047950
v -2.617896 0.448513 -0.052315
v -2.780954 0.422356 -0.045306
v -2.785170 0.424538 -0.041526
v -2.613681 0.424538 -0.041526
v -2.617896 0.422356 -0.045306
v -2.780954 0.403207 -0.026157
v -2.785170 0.406987 -0.023975
v -2.613681 0.406987 -0.023975
v -2.617896 0.403207 -0.026157
v -2.780954 0.396198 -0.000000
v -2.785170 0.400562 -0.000000
v -2.613681 0.400562 -0.000000
v -2.617896 0.396198 -0.000000
v -2.694796 0.558138 -0.025981
v -2.709796 0.558138 -0.030000
v -2.724796 0.558138 -0.025981
v -2.735777 0.558138 -0.015000
v -2.739796 0.558138 -0.000000
v -2.735777 0.558138 0.015000
v -2.724796 0.558138 0.025981
v -2.709796 0.558138 0.030000
v -2.694796 0.558138 0.025981
v -2.683815 0.558138 0.015000
v -2.679796 0.558138 -0.000000
v -2.683815 0.558138 -0.015000
v -2.709796 0.329879 -0.030000
v -2.694796 0.329879 -0.025981
v -2.683815 0.329879 -0.015000
v -2.679796 0.329879 -0.000000
v -2.683815 0.329879 0.015000
v -2.694796 0.329879 0.025981
v -2.709796 0.329879 0.030000
v -2.724796 0.329879 0.025981
v -2.735777 0.329879 0.015000
v -2.739796 0.329879 -0.000000
v -2.735777 0.329879 -0.015000
v -2.724796 0.329879 -0.025981
v -2.728771 0.331284 -0.032866
v -2.730953 0.335499 -0.036645
v -2.730953 0.552517 -0.036645
v -2.728771 0.556733 -0.032866
v -2.742662 0.331284 -0.018975
v -2.746441 0.335499 -0.021157
v -2.746441 0.552517 -0.021157
v -2.742662 0.556733 -0.018975
v -2.747746 0.331284 -0.000000
v -2.752110 0.335499 -0.000000
v -2.752110 0.552517 -0.000000
v -2.747746 0.556733 -0.000000
v -2.742662 0.331284 0.018975
v -2.746441 0.335499 0.021157
v -2.746441 0.552517 0.021157
v -2.742662 0.556733 0.018975
v -2.728771 0.331284 0.032866
v -2.730953 0.335499 0.036645
v -2.730953 0.552517 0.036645
v -2.728771 0.556733 0.032866
v -2.709796 0.331284 0.037950
v -2.709796 0.335499 0.042314
v -2.709796 0.552517 0.042314
v -2.709796 0.556733 0.037950
v -2.687911 0.547138 -0.037905
v -2.693605 0.558138 -0.028043
v -2.709796 0.547138 -0.043769
v -2.709796 0.558138 -0.032381
v -2.731680 0.547138 -0.037905
v -2.725986 0.558138 -0.028043
v -2.747701 0.547138 -0.021885
v -2.737839 0.558138 -0.016191
v -2.753565 0.547138 -0.000000
v -2.742177 0.558138 -0.000000
v -2.747701 0.547138 0.021885
v -2.737839 0.558138 0.016191
v -2.731680 0.547138 0.037905
v -2.725986 0.558138 0.028043
v -2.709796 0.547138 0.043769
v -2.709796 0.558138 0.032381
v -2.687911 0.547138 0.037905
v -2.693605 0.558138 0.028043
v -2.671891 0.547138 0.021885
v -2.681753 0.558138 0.016191
v -2.666027 0.547138 -0.000000
v -2.677415 0.558138 -0.000000
v -2.671891 0.547138 -0.021885
v -2.681753 0.558138 -0.016191
v -2.709796 0.340879 -0.043769
v -2.709796 0.329879 -0.032381
v -2.687911 0.340879 -0.037905
v -2.693605 0.329879 -0.028043
v -2.671891 0.340879 -0.021885
v -2.681753 0.329879 -0.016191
v -2.666027 0.340879 -0.000000
v -2.677415 0.329879 -0.000000
v -2.671891 0.340879 0.021885
v -2.681753 0.329879 0.016191
v -2.687911 0.340879 0.037905
v -2.693605 0.329879 0.028043
v -2.709796 0.340879 0.043769
v -2.709796 0.329879 0.032381
v -2.731680 0.340879 0.037905
v -2.725986 0.329879 0.028043
v -2.747701 0.340879 0.021885
v -2.737839 0.329879 0.016191
v -2.753565 0.340879 -0.000000
v -2.742177 0.329879 -0.000000
v -2.747701 0.340879 -0.021885
v -2.737839 0.329879 -0.016191
v -2.731680 0.340879 -0.037905
v -2.725986 0.329879 -0.028043
v -2.709796 0.552517 -0.042315
v -2.709796 0.556733 -0.037950
v -2.690821 0.556733 -0.032866
v -2.688639 0.552517 -0.036645
v -2.688639 0.335499 -0.036645
v -2.690821 0.331284 -0.032866
v -2.709796 0.331284 -0.037950
v -2.709796 0.335499 -0.042314
v -2.676930 0.556733 -0.018975
v -2.673151 0.552517 -0.021157
v -2.673151 0.335499 -0.021157
v -2.676930 0.331284 -0.018975
v -2.671845 0.556733 -0.000000
v -2.667481 0.552517 -0.000000
v -2.667481 0.335499 -0.000000
v -2.671845 0.331284 -0.000000
v -2.676930 0.556733 0.018975
v -2.673151 0.552517 0.021157
v -2.673151 0.335499 0.021157
v -2.676930 0.331284 0.018975
v -2.690821 0.556733 0.032866
v -2.688639 0.552517 0.036645
v -2.688639 0.335499 0.036645
v -2.690821 0.331284 0.032866
v 2.786575 0.468513 -0.034641
v 2.786575 0.483154 -0.020000
v 2.786575 0.488513 -0.000000
v 2.786575 0.483154 0.020000
v 2.786575 0.468513 0.034641
v 2.786575 0.448513 0.040000
v 2.786575 0.428513 0.034641
v 2.786575 0.413872 0.020000
v 2.786575 0.408513 -0.000000
v 2.786575 0.413872 -0.020000
v 2.786575 0.428513 -0.034641
v 2.786575 0.448513 -0.040000
v 2.612275 0.483154 -0.020000
v 2.612275 0.468513 -0.034641
v 2.612275 0.448513 -0.040000
v 2.612275 0.428513 -0.034641
v 2.612275 0.413872 -0.020000
v 2.612275 0.408513 -0.000000
v 2.612275 0.413872 0.020000
v 2.612275 0.428513 0.034641
v 2.612275 0.448513 0.040000
v 2.612275 0.468513 0.034641
v 2.612275 0.483154 0.020000
v 2.612275 0.488513 -0.000000
v 2.617896 0.500827 -0.000000
v 2.613680 0.496463 -0.000000
v 2.785170 0.496463 -0.000000
v 2.780954 0.500827 -0.000000
v 2.617896 0.493818 0.026157
v 2.613680 0.490039 0.023975
v 2.785170 0.490039 0.023975
v 2.780954 0.493818 0.026157
v 2.617896 0.474670 0.045306
v 2.613680 0.472488 0.041526
v 2.785170 0.472488 0.041526
v 2.780954 0.474670 0.045306
v 2.617896 0.448513 0.052314
v 2.613680 0.448513 0.047950
v 2.785170 0.448513 0.047950
v 2.780954 0.448513 0.052314
v 2.617896 0.422356 0.045306
v 2.613680 0.424538 0.041526
v 2.785170 0.424538 0.041526
v 2.780954 0.422356 0.045306
v 2.617896 0.403207 0.026157
v 2.613680 0.406987 0.023975
v 2.785170 0.406987 0.023975
v 2.780954 0.403207 0.026157
v 2.775574 0.475397 -0.046566
v 2.786575 0.469703 -0.036703
v 2.775574 0.495078 -0.026885
v 2.786575 0.485216 -0.021191
v 2.775574 0.502282 -0.000000
v 2.786575 0.490894 -0.000000
v 2.775574 0.495078 0.026885
v 2.786575 0.485216 0.021191
v 2.775574 0.475397 0.046565
v 2.786575 0.469703 0.036703
v 2.775574 0.448513 0.053769
v 2.786575 0.448513 0.042381
v 2.775574 0.421628 0.046565
v 2.786575 0.427322 0.036703
v 2.775574 0.401947 0.026885
v 2.786575 0.411810 0.021191
v 2.775574 0.394744 -0.000000
v 2.786575 0.406132 -0.000000
v 2.775574 0.401947 -0.026885
v 2.786575 0.411810 -0.021191
v 2.775574 0.421628 -0.046566
v 2.786575 0.427322 -0.036703
v 2.775574 0.448513 -0.053769
v 2.786575 0.448513 -0.042381
v 2.623275 0.495078 -0.026885
v 2.612275 0.485216 -0.021191
v 2.623275 0.475397 -0.046566
v 2.612275 0.469703 -0.036703
v 2.623275 0.448513 -0.053769
v 2.612275 0.448513 -0.042381
v 2.623275 0.421628 -0.046566
v 2.612275 0.427322 -0.036703
v 2.623275 0.401947 -0.026885
v 2.612275 0.411810 -0.021191
v 2.623275 0.394744 -0.000000
v 2.612275 0.406132 -0.000000
v 2.623275 0.401947 0.026885
v 2.612275 0.411810 0.021191
v 2.623275 0.421628 0.046565
v 2.612275 0.427322 0.036703
v 2.623275 0.448513 0.053769
v 2.612275 0.448513 0.042381
v 2.623275 0.475397 0.046565
v 2.612275 0.469703 0.036703
v 2.623275 0.495078 0.026885
v 2.612275 0.485216 0.021191
v 2.623275 0.502282 -0.000000
v 2.612275 0.490894 -0.000000
v 2.780954 0.474670 -0.045306
v 2.785170 0.472488 -0.041526
v 2.785170 0.490039 -0.023975
v 2.780954 0.493818 -0.026157
v 2.617896 0.493818 -0.026157
v 2.613680 0.490039 -0.023975
v 2.613680 0.472488 -0.041526
v 2.617896 0.474670 -0.045306
v 2.780954 0.448513 -0.052315
v 2.785170 0.448513 -0.047950
v 2.613680 0.448513 -0.047950
v 2.617896 0.448513 -0.052315
v 2.780954 0.422356 -0.045306
v 2.785170 0.424538 -0.041526
v 2.613680 0.424538 -0.041526
v 2.617896 0.422356 -0.045306
v 2.780954 0.403207 -0.026157
v 2.785170 0.406987 -0.023975
v 2.613680 0.406987 -0.023975
v 2.617896 0.403207 -0.026157
v 2.780954 0.396198 -0.000000
v 2.785170 0.400562 -0.000000
v 2.613680 0.400562 -0.000000
v 2.617896 0.396198 -0.000000
v 2.694796 0.558138 -0.025981
v 2.709795 0.558138 -0.030000
v 2.724795 0.558138 -0.025981
v 2.735776 0.558138 -0.015000
v 2.739795 0.558138 -0.000000
v 2.735776 0.558138 0.015000
v 2.724795 0.558138 0.025981
v 2.709795 0.558138 0.030000
v 2.694796 0.558138 0.025981
v 2.683815 0.558138 0.015000
v 2.679795 0.558138 -0.000000
v 2.683815 0.558138 -0.015000
v 2.709795 0.329879 -0.030000
v 2.694796 0.329879 -0.025981
v 2.683815 0.329879 -0.015000
v 2.679795 0.329879 -0.000000
v 2.683815 0.329879 0.015000
v 2.694796 0.329879 0.025981
v 2.709795 0.329879 0.030000
v 2.724795 0.329879 0.025981
v 2.735776 0.329879 0.015000
v 2.739795 0.329879 -0.000000
v 2.735776 0.329879 -0.015000
v 2.724795 0.329879 -0.025981
v 2.728771 0.331284 -0.032866
v 2.730953 0.335499 -0.036645
v 2.730953 0.552517 -0.036645
v 2.728771 0.556733 -0.032866
v 2.742661 0.331284 -0.018975
v 2.746441 0.335499 -0.021157
v 2.746441 0.552517 -0.021157
v 2.742661 0.556733 -0.018975
v 2.747746 0.331284 -0.000000
v 2.752110 0.335499 -0.000000
v 2.752110 0.552517 -0.000000
v 2.747746 0.556733 -0.000000
v 2.742661 0.331284 0.018975
v 2.746441 0.335499 0.021157
v 2.746441 0.552517 0.021157
v 2.742661 0.556733 0.018975
v 2.728771 0.331284 0.032866
v 2.730953 0.335499 0.036645
v 2.730953 0.552517 0.036645
v 2.728771 0.556733 0.032866
v 2.709795 0.331284 0.037950
v 2.709795 0.335499 0.042314
v 2.709795 0.552517 0.042314
v 2.709795 0.556733 0.037950
v 2.687912 0.547138 -0.037905
v 2.693605 0.558138 -0.028043
v 2.709795 0.547138 -0.043769
v 2.709795 0.558138 -0.032381
v 2.731680 0.547138 -0.037905
v 2.725986 0.558138 -0.028043
v 2.747701 0.547138 -0.021885
v 2.737839 0.558138 -0.016191
v 2.753565 0.547138 -0.000000
v 2.742177 0.558138 -0.000000
v 2.747701 0.547138 0.021885
v 2.737839 0.558138 0.016191
v 2.731680 0.547138 0.037905
v 2.725986 0.558138 0.028043
v 2.709795 0.547138 0.043769
v 2.709795 0.558138 0.032381
v 2.687912 0.547138 0.037905
v 2.693605 0.558138 0.028043
v 2.671891 0.547138 0.021885
v 2.681753 0.558138 0.016191
v 2.666027 0.547138 -0.000000
v 2.677414 0.558138 -0.000000
v 2.671891 0.547138 -0.021885
v 2.681753 0.558138 -0.016191
v 2.709795 0.340879 -0.043769
v 2.709795 0.329879 -0.032381
v 2.687912 0.340879 -0.037905
v 2.693605 0.329879 -0.028043
v 2.671891 0.340879 -0.021885
v 2.681753 0.329879 -0.016191
v 2.666027 0.340879 -0.000000
v 2.677414 0.329879 -0.000000
v 2.671891 0.340879 0.021885
v 2.681753 0.329879 0.016191
v 2.687912 0.340879 0.037905
v 2.693605 0.329879 0.028043
v 2.709795 0.340879 0.043769
v 2.709795 0.329879 0.032381
v 2.731680 0.340879 0.037905
v 2.725986 0.329879 0.028043
v 2.747701 0.340879 0.021885
v 2.737839 0.329879 0.016191
v 2.753565 0.340879 -0.000000
v 2.742177 0.329879 -0.000000
v 2.747701 0.340879 -0.021885
v 2.737839 0.329879 -0.016191
v 2.731680 0.340879 -0.037905
v 2.725986 0.329879 -0.028043
v 2.709795 0.552517 -0.042315
v 2.709795 0.556733 -0.037950
v 2.690821 0.556733 -0.032866
v 2.688638 0.552517 -0.036645
v 2.688638 0.335499 -0.036645
v 2.690821 0.331284 -0.032866
v 2.709795 0.331284 -0.037950
v 2.709795 0.335499 -0.042314
v 2.676930 0.556733 -0.018975
v 2.673151 0.552517 -0.021157
v 2.673151 0.335499 -0.021157
v 2.676930 0.331284 -0.018975
v 2.671845 0.556733 -0.000000
v 2.667481 0.552517 -0.000000
v 2.667481 0.335499 -0.000000
v 2.671845 0.331284 -0.000000
v 2.676930 0.556733 0.018975
v 2.673151 0.552517 0.021157
v 2.673151 0.335499 0.021157
v 2.676930 0.331284 0.018975
v 2.690821 0.556733 0.032866
v 2.688638 0.552517 0.036645
v 2.688638 0.335499 0.036645
v 2.690821 0.331284 0.032866
v 2.752963 1.251613 0.014979
v 2.752963 1.262578 0.025944
v -2.834662 1.237557 -0.000000
v 2.834662 1.237557 -0.000000
v -2.834662 1.242916 -0.020000
v 2.834662 1.242916 -0.020000
v -2.834662 1.257557 -0.034641
v 2.834662 1.257557 -0.034641
v -2.834662 1.277557 -0.040000
v 2.834662 1.277557 -0.040000
v -2.834662 1.297557 -0.034641
v 2.834662 1.297557 -0.034641
v -2.834662 1.312198 -0.020000
v 2.834662 1.312198 -0.020000
v -2.834662 1.317557 -0.000000
v 2.834662 1.317557 -0.000000
v -2.834662 1.312198 0.020000
v 2.834662 1.312198 0.020000
v -2.834662 1.297557 0.034641
v 2.834662 1.297557 0.034641
v -2.834662 1.277557 0.040000
v 2.834662 1.277557 0.040000
v -2.834662 1.257557 0.034641
v 2.834662 1.257557 0.034641
v -2.834662 1.242916 0.020000
v 2.834662 1.242916 0.020000
v 2.786575 1.297557 -0.034641
v 2.786575 1.312198 -0.020000
v 2.786575 1.317557 -0.000000
v 2.786575 1.312198 0.020000
v 2.786575 1.297557 0.034641
v 2.786575 1.277557 0.040000
v 2.786575 1.257557 0.034641
v 2.786575 1.242916 0.020000
v 2.786575 1.237557 -0.000000
v 2.786575 1.242916 -0.020000
v 2.786575 1.257557 -0.034641
v 2.786575 1.277557 -0.040000
v 2.612275 1.312198 -0.020000
v 2.612275 1.297557 -0.034641
v 2.612275 1.277557 -0.040000
v 2.612275 1.257557 -0.034641
v 2.612275 1.242916 -0.020000
v 2.612275 1.237557 -0.000000
v 2.612275 1.242916 0.020000
v 2.612275 1.257557 0.034641
v 2.612275 1.277557 0.040000
v 2.612275 1.297557 0.034641
v 2.612275 1.312198 0.020000
v 2.612275 1.317557 -0.000000
v -2.834662 1.247599 -0.000000
v -2.834662 1.251613 -0.014979
v -2.834662 1.262578 -0.025944
v -2.834662 1.277557 -0.029958
v -2.834662 1.292536 -0.025944
v -2.834662 1.303502 -0.014979
v -2.834662 1.307515 -0.000000
v -2.834662 1.303502 0.014979
v -2.834662 1.292536 0.025944
v -2.834662 1.277557 0.029958
v -2.834662 1.262578 0.025944
v -2.834662 1.251613 0.014979
v 2.834662 1.247599 -0.000000
v 2.834662 1.251613 -0.014979
v 2.834662 1.262578 -0.025944
v 2.834662 1.277557 -0.029958
v 2.834662 1.292536 -0.025944
v 2.834662 1.303502 -0.014979
v 2.834662 1.307515 -0.000000
v 2.834662 1.303502 0.014979
v 2.834662 1.292536 0.025944
v 2.834662 1.277557 0.029958
v 2.834662 1.262578 0.025944
v 2.834662 1.251613 0.014979
v -2.752962 1.247599 -0.000000
v -2.752962 1.251613 -0.014979
v -2.752962 1.262578 -0.025944
v -2.752962 1.277557 -0.029958
v -2.752962 1.292536 -0.025944
v -2.752962 1.303502 -0.014979
v -2.752962 1.307515 -0.000000
v -2.752962 1.303502 0.014979
v -2.752962 1.292536 0.025944
v -2.752962 1.277557 0.029958
v -2.752962 1.262578 0.025944
v -2.752962 1.251613 0.014979
v 2.752963 1.247599 -0.000000
v 2.752963 1.251613 -0.014979
v 2.752963 1.262578 -0.025944
v 2.752963 1.277557 -0.029958
v 2.752963 1.292536 -0.025944
v 2.752963 1.303502 -0.014979
v 2.752963 1.307515 -0.000000
v 2.752963 1.303502 0.014979
v 2.752963 1.292536 0.025944
v 2.752963 1.277557 0.029958
v 0.167738 1.257557 -0.034641
v 0.167738 1.277557 -0.040000
v 0.167738 1.297557 -0.034641
v 0.167738 1.312198 -0.020000
v 0.167738 1.317557 -0.000000
v 0.167738 1.312198 0.020000
v 0.167738 1.297557 0.034641
v 0.167738 1.277557 0.040000
v 0.167738 1.257557 0.034641
v 0.167738 1.242916 0.020000
v 0.167738 1.237557 -0.000000
v 0.167738 1.242916 -0.020000
v -0.166055 1.257557 -0.034641
v -0.166055 1.242916 -0.020000
v -0.166055 1.237557 -0.000000
v -0.166055 1.242916 0.020000
v -0.166055 1.257557 0.034641
v -0.166055 1.277557 0.040000
v -0.166055 1.297557 0.034641
v -0.166055 1.312198 0.020000
v -0.166055 1.317557 -0.000000
v -0.166055 1.312198 -0.020000
v -0.166055 1.297557 -0.034641
v -0.166055 1.277557 -0.040000
v -0.163806 1.277557 -0.046872
v -0.165493 1.277557 -0.045127
v 0.167176 1.277557 -0.045127
v 0.165490 1.277557 -0.046872
v -0.163806 1.300993 -0.040593
v -0.165493 1.300120 -0.039081
v 0.167176 1.300120 -0.039081
v 0.165490 1.300993 -0.040593
v -0.163806 1.318150 -0.023436
v -0.165493 1.316638 -0.022563
v 0.167176 1.316638 -0.022563
v 0.165490 1.318150 -0.023436
v -0.163806 1.324429 -0.000000
v -0.165493 1.322684 -0.000000
v 0.167176 1.322684 -0.000000
v 0.165490 1.324429 -0.000000
v -0.163806 1.318150 0.023436
v -0.165493 1.316638 0.022563
v 0.167176 1.316638 0.022563
v 0.165490 1.318150 0.023436
v -0.163806 1.300993 0.040592
v -0.165493 1.300120 0.039081
v 0.167176 1.300120 0.039081
v 0.165490 1.300993 0.040592
v 0.163338 1.253830 -0.041096
v 0.167738 1.256108 -0.037152
v 0.163338 1.277557 -0.047454
v 0.167738 1.277557 -0.042899
v 0.163338 1.301284 -0.041096
v 0.167738 1.299007 -0.037152
v 0.163338 1.318654 -0.023727
v 0.167738 1.314709 -0.021449
v 0.163338 1.325011 -0.000000
v 0.167738 1.320456 -0.000000
v 0.163338 1.318654 0.023727
v 0.167738 1.314709 0.021449
v 0.163338 1.301284 0.041096
v 0.167738 1.299007 0.037151
v 0.163338 1.277557 0.047454
v 0.167738 1.277557 0.042899
v 0.163338 1.253830 0.041096
v 0.167738 1.256108 0.037151
v 0.163338 1.236461 0.023727
v 0.167738 1.240406 0.021449
v 0.163338 1.230103 -0.000000
v 0.167738 1.234659 -0.000000
v 0.163338 1.236461 -0.023727
v 0.167738 1.240406 -0.021449
v -0.161655 1.253830 -0.041096
v -0.166055 1.256108 -0.037152
v -0.161655 1.236461 -0.023727
v -0.166055 1.240406 -0.021449
v -0.161655 1.230103 -0.000000
v -0.166055 1.234659 -0.000000
v -0.161655 1.236461 0.023727
v -0.166055 1.240406 0.021449
v -0.161655 1.253830 0.041096
v -0.166055 1.256108 0.037151
v -0.161655 1.277557 0.047454
v -0.166055 1.277557 0.042899
v -0.161655 1.301284 0.041096
v -0.166055 1.299007 0.037151
v -0.161655 1.318654 0.023727
v -0.166055 1.314709 0.021449
v -0.161655 1.325011 -0.000000
v -0.166055 1.320456 -0.000000
v -0.161655 1.318654 -0.023727
v -0.166055 1.314709 -0.021449
v -0.161655 1.301284 -0.041096
v -0.166055 1.299007 -0.037152
v -0.161655 1.277557 -0.047454
v -0.166055 1.277557 -0.042899
v 0.165490 1.236965 -0.023436
v 0.167176 1.238477 -0.022563
v 0.167176 1.254994 -0.039081
v 0.165490 1.254121 -0.040593
v -0.163806 1.254121 -0.040593
v -0.165493 1.254994 -0.039081
v -0.165493 1.238477 -0.022563
v -0.163806 1.236965 -0.023436
v 0.165490 1.230685 -0.000000
v 0.167176 1.232431 -0.000000
v -0.165493 1.232431 -0.000000
v -0.163806 1.230685 -0.000000
v 0.165490 1.236965 0.023436
v 0.167176 1.238477 0.022563
v -0.165493 1.238477 0.022563
v -0.163806 1.236965 0.023436
v 0.165490 1.254121 0.040592
v 0.167176 1.254994 0.039081
v -0.165493 1.254994 0.039081
v -0.163806 1.254121 0.040592
v 0.165490 1.277557 0.046872
v 0.167176 1.277557 0.045126
v -0.165493 1.277557 0.045126
v -0.163806 1.277557 0.046872
v 2.752963 3.312301 0.014979
v 2.752963 3.323267 0.025944
v -2.834662 3.298245 -0.000000
v 2.834662 3.298245 -0.000000
v -2.834662 3.303604 -0.020000
v 2.834662 3.303604 -0.020000
v -2.834662 3.318245 -0.034641
v 2.834662 3.318245 -0.034641
v -2.834662 3.338245 -0.040000
v 2.834662 3.338245 -0.040000
v -2.834662 3.358245 -0.034641
v 2.834662 3.358245 -0.034641
v -2.834662 3.372886 -0.020000
v 2.834662 3.372886 -0.020000
v -2.834662 3.378245 -0.000000
v 2.834662 3.378245 -0.000000
v -2.834662 3.372886 0.020000
v 2.834662 3.372886 0.020000
v -2.834662 3.358245 0.034641
v 2.834662 3.358245 0.034641
v -2.834662 3.338245 0.040000
v 2.834662 3.338245 0.040000
v -2.834662 3.318245 0.034641
v 2.834662 3.318245 0.034641
v -2.834662 3.303604 0.020000
v 2.834662 3.303604 0.020000
v 0.121908 3.358245 0.034641
v 0.121908 3.338245 0.040000
v 0.121908 3.318245 0.034641
v 0.121908 3.303604 0.020000
v 0.121908 3.298245 -0.000000
v 0.121908 3.303604 -0.020000
v 0.121908 3.318245 -0.034641
v 0.121908 3.338245 -0.040000
v 0.121908 3.358245 -0.034641
v 0.121908 3.372886 -0.020000
v 0.121908 3.378245 -0.000000
v 0.121908 3.372886 0.020000
v -0.121672 3.358245 -0.034641
v -0.121672 3.338245 -0.040000
v -0.121672 3.318245 -0.034641
v -0.121672 3.303604 -0.020000
v -0.121672 3.298245 -0.000000
v -0.121672 3.303604 0.020000
v -0.121672 3.318245 0.034641
v -0.121672 3.338245 0.040000
v -0.121672 3.358245 0.034641
v -0.121672 3.372886 0.020000
v -0.121672 3.378245 -0.000000
v -0.121672 3.372886 -0.020000
v -0.119577 3.381383 -0.024906
v -0.121148 3.379974 -0.024092
v 0.121384 3.379974 -0.024092
v 0.119812 3.381383 -0.024906
v -0.119577 3.388056 -0.000000
v -0.121148 3.386429 -0.000000
v 0.121384 3.386429 -0.000000
v 0.119812 3.388056 -0.000000
v -0.119577 3.381383 0.024905
v -0.121148 3.379974 0.024092
v 0.121384 3.379974 0.024092
v 0.119812 3.381383 0.024905
v -0.119577 3.363151 0.043137
v -0.121148 3.362337 0.041728
v 0.121384 3.362337 0.041728
v 0.119812 3.363151 0.043137
v -0.119577 3.338245 0.049810
v -0.121148 3.338245 0.048184
v 0.121384 3.338245 0.048184
v 0.119812 3.338245 0.049810
v -0.119577 3.313340 0.043137
v -0.121148 3.314153 0.041728
v 0.121384 3.314153 0.041728
v 0.119812 3.313340 0.043137
v 0.117808 3.363422 0.043607
v 0.121908 3.361299 0.039931
v 0.117808 3.338245 0.050353
v 0.121908 3.338245 0.046108
v 0.117808 3.313069 0.043607
v 0.121908 3.315191 0.039931
v 0.117808 3.294639 0.025176
v 0.121908 3.298314 0.023054
v 0.117808 3.287893 -0.000000
v 0.121908 3.292137 -0.000000
v 0.117808 3.294639 -0.025177
v 0.121908 3.298314 -0.023054
v 0.117808 3.313069 -0.043607
v 0.121908 3.315191 -0.039931
v 0.117808 3.338245 -0.050353
v 0.121908 3.338245 -0.046108
v 0.117808 3.363422 -0.043607
v 0.121908 3.361299 -0.039931
v 0.117808 3.381852 -0.025177
v 0.121908 3.378176 -0.023054
v 0.117808 3.388598 -0.000000
v 0.121908 3.384354 -0.000000
v 0.117808 3.381852 0.025176
v 0.121908 3.378176 0.023054
v -0.117572 3.363422 -0.043607
v -0.121672 3.361299 -0.039931
v -0.117572 3.338245 -0.050353
v -0.121672 3.338245 -0.046108
v -0.117572 3.313069 -0.043607
v -0.121672 3.315191 -0.039931
v -0.117572 3.294639 -0.025177
v -0.121672 3.298314 -0.023054
v -0.117572 3.287893 -0.000000
v -0.121672 3.292137 -0.000000
v -0.117572 3.294639 0.025176
v -0.121672 3.298314 0.023054
v -0.117572 3.313069 0.043607
v -0.121672 3.315191 0.039931
v -0.117572 3.338245 0.050353
v -0.121672 3.338245 0.046108
v -0.117572 3.363422 0.043607
v -0.121672 3.361299 0.039931
v -0.117572 3.381852 0.025176
v -0.121672 3.378176 0.023054
v -0.117572 3.388598 -0.000000
v -0.121672 3.384354 -0.000000
v -0.117572 3.381852 -0.025177
v -0.121672 3.378176 -0.023054
v 0.119812 3.338245 -0.049811
v 0.121384 3.338245 -0.048184
v 0.121384 3.362337 -0.041729
v 0.119812 3.363151 -0.043137
v -0.119577 3.363151 -0.043137
v -0.121148 3.362337 -0.041729
v -0.121148 3.338245 -0.048184
v -0.119577 3.338245 -0.049811
v 0.119812 3.313340 -0.043137
v 0.121384 3.314153 -0.041729
v -0.121148 3.314153 -0.041729
v -0.119577 3.313340 -0.043137
v 0.119812 3.295108 -0.024906
v 0.121384 3.296517 -0.024092
v -0.121148 3.296517 -0.024092
v -0.119577 3.295108 -0.024906
v 0.119812 3.288435 -0.000000
v 0.121384 3.290061 -0.000000
v -0.121148 3.290061 -0.000000
v -0.119577 3.288435 -0.000000
v 0.119812 3.295108 0.024905
v 0.121384 3.296517 0.024092
v -0.121148 3.296517 0.024092
v -0.119577 3.295108 0.024905
v -2.834662 3.308288 -0.000000
v -2.834662 3.312301 -0.014979
v -2.834662 3.323267 -0.025944
v -2.834662 3.338245 -0.029958
v -2.834662 3.353224 -0.025944
v -2.834662 3.364190 -0.014979
v -2.834662 3.368203 -0.000000
v -2.834662 3.364190 0.014979
v -2.834662 3.353224 0.025944
v -2.834662 3.338245 0.029958
v -2.834662 3.323267 0.025944
v -2.834662 3.312301 0.014979
v 2.834662 3.308288 -0.000000
v 2.834662 3.312301 -0.014979
v 2.834662 3.323267 -0.025944
v 2.834662 3.338245 -0.029958
v 2.834662 3.353224 -0.025944
v 2.834662 3.364190 -0.014979
v 2.834662 3.368203 -0.000000
v 2.834662 3.364190 0.014979
v 2.834662 3.353224 0.025944
v 2.834662 3.338245 0.029958
v 2.834662 3.323267 0.025944
v 2.834662 3.312301 0.014979
v -2.752962 3.308288 -0.000000
v -2.752962 3.312301 -0.014979
v -2.752962 3.323267 -0.025944
v -2.752962 3.338245 -0.029958
v -2.752962 3.353224 -0.025944
v -2.752962 3.364190 -0.014979
v -2.752962 3.368203 -0.000000
v -2.752962 3.364190 0.014979
v -2.752962 3.353224 0.025944
v -2.752962 3.338245 0.029958
v -2.752962 3.323267 0.025944
v -2.752962 3.312301 0.014979
v 2.752963 3.308288 -0.000000
v 2.752963 3.312301 -0.014979
v 2.752963 3.323267 -0.025944
v 2.752963 3.338245 -0.029958
v 2.752963 3.353224 -0.025944
v 2.752963 3.364190 -0.014979
v 2.752963 3.368203 -0.000000
v 2.752963 3.364190 0.014979
v 2.752963 3.353224 0.025944
v 2.752963 3.338245 0.029958
v 2.789141 3.303604 -0.020000
v 2.789141 3.318245 -0.034641
v 2.789141 3.338245 -0.040000
v 2.789141 3.358245 -0.034641
v 2.789141 3.372886 -0.020000
v 2.789141 3.378245 -0.000000
v 2.789141 3.372886 0.020000
v 2.789141 3.358245 0.034641
v 2.789141 3.338245 0.040000
v 2.789141 3.318245 0.034641
v 2.789141 3.303604 0.020000
v 2.789141 3.298245 -0.000000
v 2.589580 3.318245 -0.034641
v 2.589580 3.303604 -0.020000
v 2.589580 3.298245 -0.000000
v 2.589580 3.303604 0.020000
v 2.589580 3.318245 0.034641
v 2.589580 3.338245 0.040000
v 2.589580 3.358245 0.034641
v 2.589580 3.372886 0.020000
v 2.589580 3.378245 -0.000000
v 2.589580 3.372886 -0.020000
v 2.589580 3.358245 -0.034641
v 2.589580 3.338245 -0.040000
v -2.587403 3.318245 -0.034641
v -2.587403 3.338245 -0.040000
v -2.587403 3.358245 -0.034641
v -2.587403 3.372886 -0.020000
v -2.587403 3.378245 -0.000000
v -2.587403 3.372886 0.020000
v -2.587403 3.358245 0.034641
v -2.587403 3.338245 0.040000
v -2.587403 3.318245 0.034641
v -2.587403 3.303604 0.020000
v -2.587403 3.298245 -0.000000
v -2.587403 3.303604 -0.020000
v -2.792068 3.318245 -0.034641
v -2.792068 3.338245 -0.040000
v -2.792068 3.358245 -0.034641
v -2.792068 3.372886 -0.020000
v -2.792068 3.378245 -0.000000
v -2.792068 3.372886 0.020000
v -2.792068 3.358245 0.034641
v -2.792068 3.338245 0.040000
v -2.792068 3.318245 0.034641
v -2.792068 3.303604 0.020000
v -2.792068 3.298245 -0.000000
v -2.792068 3.303604 -0.020000
v -2.791506 3.299165 -0.022563
v -2.789819 3.297653 -0.023436
v -2.589651 3.297653 -0.023436
v -2.587965 3.299165 -0.022563
v -2.791506 3.293119 -0.000000
v -2.789819 3.291373 -0.000000
v -2.589651 3.291373 -0.000000
v -2.587965 3.293119 -0.000000
v -2.791506 3.299165 0.022563
v -2.789819 3.297653 0.023436
v -2.589651 3.297653 0.023436
v -2.587965 3.299165 0.022563
v -2.791506 3.315682 0.039080
v -2.789819 3.314809 0.040592
v -2.589651 3.314809 0.040592
v -2.587965 3.315682 0.039080
v -2.791506 3.338245 0.045126
v -2.789819 3.338245 0.046872
v -2.589651 3.338245 0.046872
v -2.587965 3.338245 0.045126
v -2.791506 3.360809 0.039080
v -2.789819 3.361681 0.040592
v -2.589651 3.361681 0.040592
v -2.587965 3.360809 0.039080
v -2.791506 3.377326 0.022563
v -2.789819 3.378838 0.023436
v -2.589651 3.378838 0.023436
v -2.587965 3.377326 0.022563
v -2.791506 3.383372 -0.000000
v -2.789819 3.385118 -0.000000
v -2.589651 3.385118 -0.000000
v -2.587965 3.383372 -0.000000
v -2.791506 3.377326 -0.022563
v -2.789819 3.378838 -0.023436
v -2.589651 3.378838 -0.023436
v -2.587965 3.377326 -0.022563
v -2.791506 3.360809 -0.039081
v -2.789819 3.361681 -0.040593
v -2.589651 3.361681 -0.040593
v -2.587965 3.360809 -0.039081
v -2.789819 3.314809 -0.040593
v -2.791506 3.315682 -0.039081
v -2.791506 3.338245 -0.045127
v -2.789819 3.338245 -0.046872
v -2.589651 3.338245 -0.046872
v -2.587965 3.338245 -0.045127
v -2.587965 3.315682 -0.039081
v -2.589651 3.314809 -0.040593
v 2.784741 3.297149 -0.023727
v 2.789141 3.301094 -0.021450
v 2.784741 3.314518 -0.041097
v 2.789141 3.316796 -0.037152
v 2.784741 3.338245 -0.047454
v 2.789141 3.338245 -0.042899
v 2.784741 3.361972 -0.041097
v 2.789141 3.359695 -0.037152
v 2.784741 3.379342 -0.023727
v 2.789141 3.375397 -0.021450
v 2.784741 3.385699 -0.000000
v 2.789141 3.381144 -0.000000
v 2.784741 3.379342 0.023727
v 2.789141 3.375397 0.021449
v 2.784741 3.361972 0.041096
v 2.789141 3.359695 0.037151
v 2.784741 3.338245 0.047454
v 2.789141 3.338245 0.042899
v 2.784741 3.314518 0.041096
v 2.789141 3.316796 0.037151
v 2.784741 3.297149 0.023727
v 2.789141 3.301094 0.021449
v 2.784741 3.290791 -0.000000
v 2.789141 3.295346 -0.000000
v 2.593980 3.314518 -0.041097
v 2.589580 3.316796 -0.037152
v 2.593980 3.297149 -0.023727
v 2.589580 3.301094 -0.021450
v 2.593980 3.290791 -0.000000
v 2.589580 3.295346 -0.000000
v 2.593980 3.297149 0.023727
v 2.589580 3.301094 0.021449
v 2.593980 3.314518 0.041096
v 2.589580 3.316796 0.037151
v 2.593980 3.338245 0.047454
v 2.589580 3.338245 0.042899
v 2.593980 3.361972 0.041096
v 2.589580 3.359695 0.037151
v 2.593980 3.379342 0.023727
v 2.589580 3.375397 0.021449
v 2.593980 3.385699 -0.000000
v 2.589580 3.381144 -0.000000
v 2.593980 3.379342 -0.023727
v 2.589580 3.375397 -0.021450
v 2.593980 3.361972 -0.041097
v 2.589580 3.359695 -0.037152
v 2.593980 3.338245 -0.047454
v 2.589580 3.338245 -0.042899
v -2.591803 3.314518 -0.041097
v -2.587403 3.316796 -0.037152
v -2.591803 3.338245 -0.047454
v -2.587403 3.338245 -0.042899
v -2.591803 3.361972 -0.041097
v -2.587403 3.359695 -0.037152
v -2.591803 3.379342 -0.023727
v -2.587403 3.375397 -0.021450
v -2.591803 3.385699 -0.000000
v -2.587403 3.381144 -0.000000
v -2.591803 3.379342 0.023727
v -2.587403 3.375397 0.021449
v -2.591803 3.361972 0.041096
v -2.587403 3.359695 0.037151
v -2.591803 3.338245 0.047454
v -2.587403 3.338245 0.042899
v -2.591803 3.314518 0.041096
v -2.587403 3.316796 0.037151
v -2.591803 3.297149 0.023727
v -2.587403 3.301094 0.021449
v -2.591803 3.290791 -0.000000
v -2.587403 3.295346 -0.000000
v -2.591803 3.297149 -0.023727
v -2.587403 3.301094 -0.021450
v -2.787668 3.314518 -0.041097
v -2.792068 3.316796 -0.037152
v -2.787668 3.338245 -0.047454
v -2.792068 3.338245 -0.042899
v -2.787668 3.361972 -0.041097
v -2.792068 3.359695 -0.037152
v -2.787668 3.379342 -0.023727
v -2.792068 3.375397 -0.021450
v -2.787668 3.385699 -0.000000
v -2.792068 3.381144 -0.000000
v -2.787668 3.379342 0.023727
v -2.792068 3.375397 0.021449
v -2.787668 3.361972 0.041096
v -2.792068 3.359695 0.037151
v -2.787668 3.338245 0.047454
v -2.792068 3.338245 0.042899
v -2.787668 3.314518 0.041096
v -2.792068 3.316796 0.037151
v -2.787668 3.297149 0.023727
v -2.792068 3.301094 0.021449
v -2.787668 3.290791 -0.000000
v -2.792068 3.295346 -0.000000
v -2.787668 3.297149 -0.023727
v -2.792068 3.301094 -0.021450
v 2.786892 3.297653 -0.023436
v 2.788579 3.299165 -0.022563
v 2.788579 3.315682 -0.039081
v 2.786892 3.314809 -0.040593
v 2.591828 3.314809 -0.040593
v 2.590142 3.315682 -0.039081
v 2.590142 3.299165 -0.022563
v 2.591828 3.297653 -0.023436
v 2.786892 3.291373 -0.000000
v 2.788579 3.293119 -0.000000
v 2.590142 3.293119 -0.000000
v 2.591828 3.291373 -0.000000
v 2.786892 3.297653 0.023436
v 2.788579 3.299165 0.022563
v 2.590142 3.299165 0.022563
v 2.591828 3.297653 0.023436
v 2.786892 3.314809 0.040592
v 2.788579 3.315682 0.039080
v 2.590142 3.315682 0.039080
v 2.591828 3.314809 0.040592
v 2.786892 3.338245 0.046872
v 2.788579 3.338245 0.045126
v 2.590142 3.338245 0.045126
v 2.591828 3.338245 0.046872
v 2.786892 3.361681 0.040592
v 2.788579 3.360809 0.039080
v 2.590142 3.360809 0.039080
v 2.591828 3.361681 0.040592
v 2.786892 3.378838 0.023436
v 2.788579 3.377326 0.022563
v 2.590142 3.377326 0.022563
v 2.591828 3.378838 0.023436
v 2.786892 3.385118 -0.000000
v 2.788579 3.383372 -0.000000
v 2.590142 3.383372 -0.000000
v 2.591828 3.385118 -0.000000
v 2.786892 3.378838 -0.023436
v 2.788579 3.377326 -0.022563
v 2.590142 3.377326 -0.022563
v 2.591828 3.378838 -0.023436
v 2.786892 3.361681 -0.040593
v 2.788579 3.360809 -0.039081
v 2.590142 3.360809 -0.039081
v 2.591828 3.361681 -0.040593
v 2.786892 3.338245 -0.046872
v 2.788579 3.338245 -0.045127
v 2.590142 3.338245 -0.045127
v 2.591828 3.338245 -0.046872
v -2.601087 3.429194 -0.048839
v -2.604925 3.429194 -0.052677
v -2.604925 3.433032 -0.048839
v -2.604925 3.251944 -0.048839
v -2.604925 3.255782 -0.052677
v -2.601087 3.255782 -0.048839
v -2.773636 3.429194 -0.052677
v -2.777474 3.429194 -0.048839
v 2.607318 3.432345 -0.046446
v 2.607318 3.426801 -0.051990
v 2.601774 3.426801 -0.046446
v 2.601774 3.258175 -0.046446
v 2.607318 3.258175 -0.051990
v 2.607318 3.252631 -0.046446
v 2.771243 3.432345 -0.046446
v 2.776787 3.426801 -0.046446
v -2.709796 -0.000000 0.000000
v 2.727080 3.418300 0.009979
v -2.739796 -0.000000 0.000000
v -2.739796 3.500000 -0.000000
v -2.735777 -0.000000 -0.015000
v -2.735777 3.500000 -0.015000
v -2.724796 -0.000000 -0.025981
v -2.724796 3.500000 -0.025981
v -2.709796 -0.000000 -0.030000
v -2.709796 3.500000 -0.030000
v -2.694796 -0.000000 -0.025981
v -2.694796 3.500000 -0.025981
v -2.683815 -0.000000 -0.015000
v -2.683815 3.500000 -0.015000
v -2.679796 -0.000000 -0.000000
v -2.679796 3.500000 -0.000000
v -2.683815 0.000000 0.015000
v -2.683815 3.500000 0.015000
v -2.694796 0.000000 0.025981
v -2.694796 3.500000 0.025980
v -2.709796 0.000000 0.030000
v -2.709796 3.500000 0.030000
v -2.724796 0.000000 0.025981
v -2.724796 3.500000 0.025980
v -2.735777 0.000000 0.015000
v -2.735777 3.500000 0.015000
v 2.709795 -0.000000 0.000000
v 2.719775 3.418300 0.017284
v 2.739795 -0.000000 0.000000
v 2.739795 3.500000 -0.000000
v 2.735776 -0.000000 -0.015000
v 2.735776 3.500000 -0.015000
v 2.724795 -0.000000 -0.025981
v 2.724795 3.500000 -0.025981
v 2.709795 -0.000000 -0.030000
v 2.709795 3.500000 -0.030000
v 2.694796 -0.000000 -0.025981
v 2.694796 3.500000 -0.025981
v 2.683815 -0.000000 -0.015000
v 2.683815 3.500000 -0.015000
v 2.679795 -0.000000 -0.000000
v 2.679795 3.500000 -0.000000
v 2.683815 0.000000 0.015000
v 2.683815 3.500000 0.015000
v 2.694796 0.000000 0.025981
v 2.694796 3.500000 0.025980
v 2.709795 0.000000 0.030000
v 2.709795 3.500000 0.030000
v 2.724795 0.000000 0.025981
v 2.724795 3.500000 0.025980
v 2.735776 0.000000 0.015000
v 2.735776 3.500000 0.015000
v 2.694796 1.387182 -0.025981
v 2.709795 1.387182 -0.030000
v 2.724795 1.387182 -0.025981
v 2.735776 1.387182 -0.015000
v 2.739795 1.387182 -0.000000
v 2.735776 1.387182 0.015000
v 2.724795 1.387182 0.025981
v 2.709795 1.387182 0.030000
v 2.694796 1.387182 0.025981
v 2.683815 1.387182 0.015000
v 2.679795 1.387182 -0.000000
v 2.683815 1.387182 -0.015000
v 2.709795 1.158923 -0.030000
v 2.694796 1.158923 -0.025981
v 2.683815 1.158923 -0.015000
v 2.679795 1.158923 -0.000000
v 2.683815 1.158923 0.015000
v 2.694796 1.158923 0.025981
v 2.709795 1.158923 0.030000
v 2.724795 1.158923 0.025981
v 2.735776 1.158923 0.015000
v 2.739795 1.158923 -0.000000
v 2.735776 1.158923 -0.015000
v 2.724795 1.158923 -0.025981
v -2.694796 0.447199 -0.025981
v -2.709796 0.447199 -0.030000
v -2.724796 0.447199 -0.025981
v -2.735777 0.447199 -0.015000
v -2.739796 0.447199 -0.000000
v -2.735777 0.447199 0.015000
v -2.724796 0.447199 0.025981
v -2.709796 0.447199 0.030000
v -2.694796 0.447199 0.025981
v -2.683815 0.447199 0.015000
v -2.679796 0.447199 -0.000000
v -2.683815 0.447199 -0.015000
v -2.729754 3.500000 -0.000000
v -2.727080 3.500000 -0.009979
v -2.719775 3.500000 -0.017284
v -2.709796 3.500000 -0.019958
v -2.699817 3.500000 -0.017284
v -2.692512 3.500000 -0.009979
v -2.689838 3.500000 -0.000000
v -2.692512 3.500000 0.009979
v -2.699817 3.500000 0.017284
v -2.709796 3.500000 0.019958
v -2.719775 3.500000 0.017284
v -2.727080 3.500000 0.009979
v 2.729753 3.500000 -0.000000
v 2.727080 3.500000 -0.009979
v 2.719775 3.500000 -0.017284
v 2.709795 3.500000 -0.019958
v 2.699817 3.500000 -0.017284
v 2.692512 3.500000 -0.009979
v 2.689838 3.500000 -0.000000
v 2.692512 3.500000 0.009979
v 2.699817 3.500000 0.017284
v 2.709795 3.500000 0.019958
v 2.719775 3.500000 0.017284
v 2.727080 3.500000 0.009979
v -2.729754 3.418300 -0.000000
v -2.727080 3.418300 -0.009979
v -2.719775 3.418300 -0.017284
v -2.709796 3.418300 -0.019958
v -2.699817 3.418300 -0.017284
v -2.692512 3.418300 -0.009979
v -2.689838 3.418300 -0.000000
v -2.692512 3.418300 0.009979
v -2.699817 3.418300 0.017284
v -2.709796 3.418300 0.019958
v -2.719775 3.418300 0.017284
v -2.727080 3.418300 0.009979
v 2.729753 3.418300 -0.000000
v 2.727080 3.418300 -0.009979
v 2.719775 3.418300 -0.017284
v 2.709795 3.418300 -0.019958
v 2.699817 3.418300 -0.017284
v 2.692512 3.418300 -0.009979
v 2.689838 3.418300 -0.000000
v 2.692512 3.418300 0.009979
v 2.699817 3.418300 0.017284
v 2.709795 3.418300 0.019958
v -2.599541 3.259398 0.045222
v -2.608541 3.259398 0.054222
v -2.608541 3.250398 0.045222
v -2.608541 3.434578 0.045222
v -2.608541 3.425578 0.054222
v -2.599541 3.425578 0.045222
v -2.770020 3.250398 0.045222
v -2.770020 3.259398 0.054222
v -2.779020 3.259398 0.045222
v -2.779020 3.425578 0.045222
v -2.770020 3.425578 0.054222
v -2.770020 3.434578 0.045222
v -2.770020 3.250398 -0.045222
v -2.779020 3.259398 -0.045222
v -2.770020 3.259398 -0.054222
v -2.770020 3.425578 -0.054222
v -2.779020 3.425578 -0.045222
v -2.770020 3.434578 -0.045222
v -2.608541 3.250398 -0.045222
v -2.608541 3.259398 -0.054222
v -2.599541 3.259398 -0.045222
v -2.599541 3.425578 -0.045222
v -2.608541 3.425578 -0.054222
v -2.608541 3.434578 -0.045222
v -2.608541 3.251548 0.049623
v -2.608541 3.254997 0.053072
v -2.604140 3.259398 0.053072
v -2.600691 3.259398 0.049623
v -2.600691 3.254997 0.045222
v -2.604140 3.251548 0.045222
v -2.600691 3.425578 0.049623
v -2.604140 3.425578 0.053072
v -2.608541 3.429979 0.053072
v -2.608541 3.433428 0.049623
v -2.604140 3.433428 0.045222
v -2.600691 3.429979 0.045222
v -2.777870 3.259398 0.049623
v -2.774421 3.259398 0.053072
v -2.770020 3.254997 0.053072
v -2.770020 3.251548 0.049623
v -2.774421 3.251548 0.045222
v -2.777870 3.254997 0.045222
v -2.770020 3.433428 0.049623
v -2.770020 3.429979 0.053072
v -2.774421 3.425578 0.053072
v -2.777870 3.425578 0.049623
v -2.777870 3.429979 0.045222
v -2.774421 3.433428 0.045222
v -2.774421 3.259398 -0.053073
v -2.777870 3.259398 -0.049624
v -2.777870 3.254997 -0.045222
v -2.774421 3.251548 -0.045222
v -2.770020 3.251548 -0.049624
v -2.770020 3.254997 -0.053073
v -2.774421 3.433428 -0.045222
v -2.777870 3.429979 -0.045222
v -2.777870 3.425578 -0.049624
v -2.774421 3.425578 -0.053073
v -2.770020 3.429979 -0.053073
v -2.770020 3.433428 -0.049624
v -2.600691 3.259398 -0.049624
v -2.604140 3.259398 -0.053073
v -2.608541 3.254997 -0.053073
v -2.608541 3.251548 -0.049624
v -2.604140 3.251548 -0.045222
v -2.600691 3.254997 -0.045222
v -2.608541 3.433428 -0.049624
v -2.608541 3.429979 -0.053073
v -2.604140 3.425578 -0.053073
v -2.600691 3.425578 -0.049624
v -2.600691 3.429979 -0.045222
v -2.604140 3.433428 -0.045222
v -2.604925 3.251944 0.048838
v -2.604925 3.255782 0.052676
v -2.601087 3.255782 0.048838
v -2.601087 3.429194 0.048838
v -2.604925 3.429194 0.052676
v -2.604925 3.433032 0.048838
v -2.777474 3.255782 0.048838
v -2.773636 3.255782 0.052676
v -2.773636 3.251944 0.048838
v -2.773636 3.433032 0.048838
v -2.773636 3.429194 0.052676
v -2.777474 3.429194 0.048838
v -2.773636 3.255782 -0.052677
v -2.777474 3.255782 -0.048839
v -2.773636 3.251944 -0.048839
v -2.773636 3.433032 -0.048839
v 2.612541 3.250398 0.041222
v 2.612541 3.263398 0.054222
v 2.599542 3.263398 0.041222
v 2.599542 3.421578 0.041222
v 2.612541 3.421578 0.054222
v 2.612541 3.434578 0.041222
v 2.779020 3.263398 0.041222
v 2.766020 3.263398 0.054222
v 2.766020 3.250398 0.041222
v 2.766020 3.434578 0.041222
v 2.766020 3.421578 0.054222
v 2.779020 3.421578 0.041222
v 2.766020 3.263398 -0.054222
v 2.779020 3.263398 -0.041222
v 2.766020 3.250398 -0.041222
v 2.766020 3.434578 -0.041222
v 2.779020 3.421578 -0.041222
v 2.766020 3.421578 -0.054222
v 2.599542 3.263398 -0.041222
v 2.612541 3.263398 -0.054222
v 2.612541 3.250398 -0.041222
v 2.612541 3.434578 -0.041222
v 2.612541 3.421578 -0.054222
v 2.599542 3.421578 -0.041222
v 2.601202 3.263398 0.047579
v 2.606184 3.263398 0.052561
v 2.612541 3.257041 0.052561
v 2.612541 3.252059 0.047579
v 2.606184 3.252059 0.041222
v 2.601202 3.257041 0.041222
v 2.612541 3.432917 0.047579
v 2.612541 3.427935 0.052561
v 2.606184 3.421578 0.052561
v 2.601202 3.421578 0.047579
v 2.601202 3.427935 0.041222
v 2.606184 3.432917 0.041222
v 2.766020 3.252059 0.047579
v 2.766020 3.257041 0.052561
v 2.772377 3.263398 0.052561
v 2.777359 3.263398 0.047579
v 2.777359 3.257041 0.041222
v 2.772377 3.252059 0.041222
v 2.777359 3.421578 0.047579
v 2.772377 3.421578 0.052561
v 2.766020 3.427935 0.052561
v 2.766020 3.432917 0.047579
v 2.772377 3.432917 0.041222
v 2.777359 3.427935 0.041222
v 2.772377 3.252059 -0.041222
v 2.777359 3.257041 -0.041222
v 2.777359 3.263398 -0.047580
v 2.772377 3.263398 -0.052562
v 2.766020 3.257041 -0.052562
v 2.766020 3.252059 -0.047580
v 2.772377 3.421578 -0.052562
v 2.777359 3.421578 -0.047580
v 2.777359 3.427935 -0.041222
v 2.772377 3.432917 -0.041222
v 2.766020 3.432917 -0.047580
v 2.766020 3.427935 -0.052562
v 2.612541 3.252059 -0.047580
v 2.612541 3.257041 -0.052562
v 2.606184 3.263398 -0.052562
v 2.601202 3.263398 -0.047580
v 2.601202 3.257041 -0.041222
v 2.606184 3.252059 -0.041222
v 2.601202 3.421578 -0.047580
v 2.606184 3.421578 -0.052562
v 2.612541 3.427935 -0.052562
v 2.612541 3.432917 -0.047580
v 2.606184 3.432917 -0.041222
v 2.601202 3.427935 -0.041222
v 2.601774 3.258175 0.046445
v 2.607318 3.258175 0.051989
v 2.607318 3.252631 0.046445
v 2.607318 3.432345 0.046445
v 2.607318 3.426801 0.051989
v 2.601774 3.426801 0.046445
v 2.771243 3.252631 0.046445
v 2.771243 3.258175 0.051989
v 2.776787 3.258175 0.046445
v 2.776787 3.426801 0.046445
v 2.771243 3.426801 0.051989
v 2.771243 3.432345 0.046445
v 2.771243 3.252631 -0.046446
v 2.776787 3.258175 -0.046446
v 2.771243 3.258175 -0.051990
v 2.771243 3.426801 -0.051990
v 2.694796 3.240621 -0.025981
v 2.683815 3.240621 -0.015000
v 2.679795 3.240621 -0.000000
v 2.683815 3.240621 0.015000
v 2.694796 3.240621 0.025981
v 2.709795 3.240621 0.030000
v 2.724795 3.240621 0.025981
v 2.735776 3.240621 0.015000
v 2.739795 3.240621 -0.000000
v 2.735776 3.240621 -0.015000
v 2.724795 3.240621 -0.025981
v 2.709795 3.240621 -0.030000
v 2.709795 3.443409 -0.030000
v 2.724795 3.443409 -0.025981
v 2.735776 3.443409 -0.015000
v 2.739795 3.443409 -0.000000
v 2.735776 3.443409 0.015000
v 2.724795 3.443409 0.025981
v 2.709795 3.443409 0.030000
v 2.694796 3.443409 0.025981
v 2.683815 3.443409 0.015000
v 2.679795 3.443409 -0.000000
v 2.683815 3.443409 -0.015000
v 2.694796 3.443409 -0.025981
v -2.724796 3.444134 -0.025981
v -2.709796 3.444134 -0.030000
v -2.694796 3.444134 -0.025981
v -2.683815 3.444134 -0.015000
v -2.679796 3.444134 -0.000000
v -2.683815 3.444134 0.015000
v -2.694796 3.444134 0.025981
v -2.709796 3.444134 0.030000
v -2.724796 3.444134 0.025981
v -2.735777 3.444134 0.015000
v -2.739796 3.444134 -0.000000
v -2.735777 3.444134 -0.015000
v -2.709796 3.243866 -0.030000
v -2.724796 3.243866 -0.025981
v -2.735777 3.243866 -0.015000
v -2.739796 3.243866 -0.000000
v -2.735777 3.243866 0.015000
v -2.724796 3.243866 0.025981
v -2.709796 3.243866 0.030000
v -2.694796 3.243866 0.025981
v -2.683815 3.243866 0.015000
v -2.679796 3.243866 -0.000000
v -2.683815 3.243866 -0.015000
v -2.694796 3.243866 -0.025981
v 2.691069 3.240621 -0.032436
v 2.677360 3.240621 -0.018727
v 2.672342 3.240621 -0.000000
v 2.677360 3.240621 0.018727
v 2.691069 3.240621 0.032436
v 2.709795 3.240621 0.037454
v 2.728523 3.240621 0.032436
v 2.742232 3.240621 0.018727
v 2.747250 3.240621 -0.000000
v 2.742232 3.240621 -0.018727
v 2.728523 3.240621 -0.032436
v 2.709795 3.240621 -0.037454
v -2.691360 3.441886 -0.031932
v -2.692233 3.443572 -0.030421
v -2.677864 3.441886 -0.018436
v -2.679375 3.443572 -0.017563
v -2.672924 3.441886 -0.000000
v -2.674670 3.443572 -0.000000
v -2.677864 3.441886 0.018436
v -2.679375 3.443572 0.017563
v -2.691360 3.441886 0.031932
v -2.692233 3.443572 0.030420
v -2.709796 3.441886 0.036872
v -2.709796 3.443572 0.035126
v -2.728232 3.441886 0.031932
v -2.727359 3.443572 0.030420
v -2.741728 3.441886 0.018436
v -2.740216 3.443572 0.017563
v -2.746668 3.441886 -0.000000
v -2.744922 3.443572 -0.000000
v -2.741728 3.441886 -0.018436
v -2.740216 3.443572 -0.017563
v -2.728232 3.441886 -0.031932
v -2.727359 3.443572 -0.030421
v -2.709796 3.443572 -0.035127
v -2.709796 3.441886 -0.036872
v -2.709796 3.243866 -0.037454
v -2.728523 3.243866 -0.032436
v -2.742232 3.243866 -0.018727
v -2.747250 3.243866 -0.000000
v -2.742232 3.243866 0.018727
v -2.728523 3.243866 0.032436
v -2.709796 3.243866 0.037454
v -2.691069 3.243866 0.032436
v -2.677360 3.243866 0.018727
v -2.672342 3.243866 -0.000000
v -2.677360 3.243866 -0.018727
v -2.691069 3.243866 -0.032436
v 2.709795 3.439009 -0.037454
v 2.709795 3.443409 -0.032899
v 2.728523 3.439009 -0.032436
v 2.726245 3.443409 -0.028491
v 2.742232 3.439009 -0.018727
v 2.738286 3.443409 -0.016450
v 2.747250 3.439009 -0.000000
v 2.742694 3.443409 -0.000000
v 2.742232 3.439009 0.018727
v 2.738286 3.443409 0.016449
v 2.728523 3.439009 0.032436
v 2.726245 3.443409 0.028491
v 2.709795 3.439009 0.037454
v 2.709795 3.443409 0.032899
v 2.691069 3.439009 0.032436
v 2.693347 3.443409 0.028491
v 2.677360 3.439009 0.018727
v 2.681305 3.443409 0.016449
v 2.672342 3.439009 -0.000000
v 2.676897 3.443409 -0.000000
v 2.677360 3.439009 -0.018727
v 2.681305 3.443409 -0.016450
v 2.691069 3.439009 -0.032436
v 2.693347 3.443409 -0.028491
v -2.728523 3.439734 -0.032436
v -2.726245 3.444134 -0.028491
v -2.709796 3.439734 -0.037454
v -2.709796 3.444134 -0.032899
v -2.691069 3.439734 -0.032436
v -2.693347 3.444134 -0.028491
v -2.677360 3.439734 -0.018727
v -2.681305 3.444134 -0.016450
v -2.672342 3.439734 -0.000000
v -2.676897 3.444134 -0.000000
v -2.677360 3.439734 0.018727
v -2.681305 3.444134 0.016449
v -2.691069 3.439734 0.032436
v -2.693347 3.444134 0.028491
v -2.709796 3.439734 0.037454
v -2.709796 3.444134 0.032899
v -2.728523 3.439734 0.032436
v -2.726245 3.444134 0.028491
v -2.742232 3.439734 0.018727
v -2.738287 3.444134 0.016449
v -2.747250 3.439734 -0.000000
v -2.742695 3.444134 -0.000000
v -2.742232 3.439734 -0.018727
v -2.738287 3.444134 -0.016450
v 2.691360 3.441161 -0.031932
v 2.692233 3.442847 -0.030421
v 2.679376 3.442847 -0.017563
v 2.677864 3.441161 -0.018436
v 2.674669 3.442847 -0.000000
v 2.672924 3.441161 -0.000000
v 2.679376 3.442847 0.017563
v 2.677864 3.441161 0.018436
v 2.692233 3.442847 0.030420
v 2.691360 3.441161 0.031932
v 2.709795 3.442847 0.035126
v 2.709795 3.441161 0.036872
v 2.727359 3.442847 0.030420
v 2.728232 3.441161 0.031932
v 2.740216 3.442847 0.017563
v 2.741728 3.441161 0.018436
v 2.744922 3.442847 -0.000000
v 2.746668 3.441161 -0.000000
v 2.740216 3.442847 -0.017563
v 2.741728 3.441161 -0.018436
v 2.727359 3.442847 -0.030421
v 2.728232 3.441161 -0.031932
v 2.709795 3.442847 -0.035127
v 2.709795 3.441161 -0.036872
v 0.000000 -0.000000 0.000000
v 0.017284 3.418300 0.009979
v 0.030000 -0.000000 0.000000
v 0.030000 3.500000 -0.000000
v 0.025981 -0.000000 -0.015000
v 0.025981 3.500000 -0.015000
v 0.015000 -0.000000 -0.025981
v 0.015000 3.500000 -0.025981
v 0.000000 -0.000000 -0.030000
v 0.000000 3.500000 -0.030000
v -0.015000 -0.000000 -0.025981
v -0.015000 3.500000 -0.025981
v -0.025981 -0.000000 -0.015000
v -0.025981 3.500000 -0.015000
v -0.030000 -0.000000 -0.000000
v -0.030000 3.500000 -0.000000
v -0.025981 0.000000 0.015000
v -0.025981 3.500000 0.015000
v -0.015000 0.000000 0.025981
v -0.015000 3.500000 0.025980
v 0.000000 0.000000 0.030000
v 0.000000 3.500000 0.030000
v 0.015000 0.000000 0.025981
v 0.015000 3.500000 0.025980
v 0.025981 0.000000 0.015000
v 0.025981 3.500000 0.015000
v -0.015000 3.434539 -0.025981
v -0.025981 3.434539 -0.015000
v -0.030000 3.434539 -0.000000
v -0.025981 3.434539 0.015000
v -0.015000 3.434539 0.025981
v 0.000000 3.434539 0.030000
v 0.015000 3.434539 0.025981
v 0.025981 3.434539 0.015000
v 0.030000 3.434539 -0.000000
v 0.025981 3.434539 -0.015000
v 0.015000 3.434539 -0.025981
v 0.000000 3.434539 -0.030000
v -0.015000 3.242307 -0.025981
v -0.025981 3.242307 -0.015000
v -0.030000 3.242307 -0.000000
v -0.025981 3.242307 0.015000
v -0.015000 3.242307 0.025981
v 0.000000 3.242307 0.030000
v 0.015000 3.242307 0.025981
v 0.025981 3.242307 0.015000
v 0.030000 3.242307 -0.000000
v 0.025981 3.242307 -0.015000
v 0.015000 3.242307 -0.025981
v 0.000000 3.242307 -0.030000
v 0.000000 3.242831 -0.038184
v 0.000000 3.244401 -0.039811
v 0.000000 3.432444 -0.039811
v 0.000000 3.434016 -0.038184
v 0.019092 3.242831 -0.033069
v 0.019905 3.244401 -0.034477
v 0.019905 3.432444 -0.034477
v 0.019092 3.434016 -0.033069
v 0.033068 3.242831 -0.019092
v 0.034477 3.244401 -0.019906
v 0.034477 3.432444 -0.019906
v 0.033068 3.434016 -0.019092
v 0.038184 3.242831 -0.000000
v 0.039810 3.244401 -0.000000
v 0.039810 3.432444 -0.000000
v 0.038184 3.434016 -0.000000
v 0.033068 3.242831 0.019092
v 0.034477 3.244401 0.019905
v 0.034477 3.432444 0.019905
v 0.033068 3.434016 0.019092
v 0.019092 3.242831 0.033068
v 0.019905 3.244401 0.034477
v 0.019905 3.432444 0.034477
v 0.019092 3.434016 0.033068
v -0.020176 3.430439 -0.034947
v -0.018054 3.434539 -0.031271
v -0.034947 3.430439 -0.020177
v -0.031271 3.434539 -0.018054
v -0.040353 3.430439 -0.000000
v -0.036108 3.434539 -0.000000
v -0.034947 3.430439 0.020176
v -0.031271 3.434539 0.018054
v -0.020176 3.430439 0.034946
v -0.018054 3.434539 0.031270
v 0.000000 3.430439 0.040353
v 0.000000 3.434539 0.036108
v 0.020176 3.430439 0.034946
v 0.018054 3.434539 0.031270
v 0.034947 3.430439 0.020176
v 0.031271 3.434539 0.018054
v 0.040353 3.430439 -0.000000
v 0.036108 3.434539 -0.000000
v 0.034947 3.430439 -0.020177
v 0.031271 3.434539 -0.018054
v 0.020176 3.430439 -0.034947
v 0.018054 3.434539 -0.031271
v 0.000000 3.430439 -0.040353
v 0.000000 3.434539 -0.036108
v -0.020176 3.246407 -0.034947
v -0.018054 3.242307 -0.031271
v -0.034947 3.246407 -0.020177
v -0.031271 3.242307 -0.018054
v -0.040353 3.246407 -0.000000
v -0.036108 3.242307 -0.000000
v -0.034947 3.246407 0.020176
v -0.031271 3.242307 0.018054
v -0.020176 3.246407 0.034946
v -0.018054 3.242307 0.031270
v 0.000000 3.246407 0.040353
v 0.000000 3.242307 0.036108
v 0.020176 3.246407 0.034946
v 0.018054 3.242307 0.031270
v 0.034947 3.246407 0.020176
v 0.031271 3.242307 0.018054
v 0.040353 3.246407 -0.000000
v 0.036108 3.242307 -0.000000
v 0.034947 3.246407 -0.020177
v 0.031271 3.242307 -0.018054
v 0.020176 3.246407 -0.034947
v 0.018054 3.242307 -0.031271
v 0.000000 3.246407 -0.040353
v 0.000000 3.242307 -0.036108
v -0.019905 3.432444 -0.034477
v -0.019092 3.434016 -0.033069
v -0.033068 3.434016 -0.019092
v -0.034477 3.432444 -0.019906
v -0.034477 3.244401 -0.019906
v -0.033068 3.242831 -0.019092
v -0.019092 3.242831 -0.033069
v -0.019905 3.244401 -0.034477
v -0.038184 3.434016 -0.000000
v -0.039810 3.432444 -0.000000
v -0.039810 3.244401 -0.000000
v -0.038184 3.242831 -0.000000
v -0.033068 3.434016 0.019092
v -0.034477 3.432444 0.019905
v -0.034477 3.244401 0.019905
v -0.033068 3.242831 0.019092
v -0.019092 3.434016 0.033068
v -0.019905 3.432444 0.034477
v -0.019905 3.244401 0.034477
v -0.019092 3.242831 0.033068
v 0.000000 3.434016 0.038184
v 0.000000 3.432444 0.039810
v 0.000000 3.244401 0.039810
v 0.000000 3.242831 0.038184
v 0.019958 3.500000 -0.000000
v 0.017284 3.500000 -0.009979
v 0.009979 3.500000 -0.017284
v 0.000000 3.500000 -0.019958
v -0.009979 3.500000 -0.017284
v -0.017284 3.500000 -0.009979
v -0.019958 3.500000 -0.000000
v -0.017284 3.500000 0.009979
v -0.009979 3.500000 0.017284
v 0.000000 3.500000 0.019958
v 0.009979 3.500000 0.017284
v 0.017284 3.500000 0.009979
v 0.019958 3.418300 -0.000000
v 0.017284 3.418300 -0.009979
v 0.009979 3.418300 -0.017284
v 0.000000 3.418300 -0.019958
v -0.009979 3.418300 -0.017284
v -0.017284 3.418300 -0.009979
v -0.019958 3.418300 -0.000000
v -0.017284 3.418300 0.009979
v -0.009979 3.418300 0.017284
v 0.000000 3.418300 0.019958
v 0.009979 3.418300 0.017284
v 0.000000 0.613240 -0.030000
v -0.015000 0.613240 -0.025981
v -0.025981 0.613240 -0.015000
v -0.030000 0.613240 -0.000000
v -0.025981 0.613240 0.015000
v -0.015000 0.613240 0.025981
v 0.000000 0.613240 0.030000
v 0.015000 0.613240 0.025981
v 0.025981 0.613240 0.015000
v 0.030000 0.613240 -0.000000
v 0.025981 0.613240 -0.015000
v 0.015000 0.613240 -0.025981
v 0.000000 1.113849 -0.030000
v -0.015000 1.113849 -0.025981
v -0.025981 1.113849 -0.015000
v -0.030000 1.113849 -0.000000
v -0.025981 1.113849 0.015000
v -0.015000 1.113849 0.025981
v 0.000000 1.113849 0.030000
v 0.015000 1.113849 0.025981
v 0.025981 1.113849 0.015000
v 0.030000 1.113849 -0.000000
v 0.025981 1.113849 -0.015000
v 0.015000 1.113849 -0.025981
v 0.000000 1.442185 -0.030000
v -0.015000 1.442185 -0.025981
v -0.025981 1.442185 -0.015000
v -0.030000 1.442185 -0.000000
v -0.025981 1.442185 0.015000
v -0.015000 1.442185 0.025981
v 0.000000 1.442185 0.030000
v 0.015000 1.442185 0.025981
v 0.025981 1.442185 0.015000
v 0.030000 1.442185 -0.000000
v 0.025981 1.442185 -0.015000
v 0.015000 1.442185 -0.025981
v -0.015000 0.293069 -0.025981
v -0.025981 0.293069 -0.015000
v -0.030000 0.293069 -0.000000
v -0.025981 0.293069 0.015000
v -0.015000 0.293069 0.025981
v 0.000000 0.293069 0.030000
v 0.015000 0.293069 0.025981
v 0.025981 0.293069 0.015000
v 0.030000 0.293069 -0.000000
v 0.025981 0.293069 -0.015000
v 0.015000 0.293069 -0.025981
v 0.000000 0.293069 -0.030000
v 0.000000 1.113849 -0.037454
v -0.018727 1.113849 -0.032436
v -0.032436 1.113849 -0.018727
v -0.037454 1.113849 -0.000000
v -0.032436 1.113849 0.018727
v -0.018727 1.113849 0.032436
v 0.000000 1.113849 0.037454
v 0.018727 1.113849 0.032436
v 0.032436 1.113849 0.018727
v 0.037454 1.113849 -0.000000
v 0.032436 1.113849 -0.018727
v 0.018727 1.113849 -0.032436
v 0.000000 0.610991 -0.036872
v 0.000000 0.612678 -0.035127
v 0.018436 0.610991 -0.031932
v 0.017563 0.612678 -0.030420
v 0.031932 0.610991 -0.018436
v 0.030421 0.612678 -0.017563
v 0.036872 0.610991 -0.000000
v 0.035126 0.612678 -0.000000
v 0.031932 0.610991 0.018436
v 0.030421 0.612678 0.017563
v 0.018436 0.610991 0.031932
v 0.017563 0.612678 0.030420
v 0.000000 0.610991 0.036872
v 0.000000 0.612678 0.035126
v -0.018436 0.610991 0.031932
v -0.017563 0.612678 0.030420
v -0.031932 0.610991 0.018436
v -0.030421 0.612678 0.017563
v -0.036872 0.610991 -0.000000
v -0.035126 0.612678 -0.000000
v -0.031932 0.610991 -0.018436
v -0.030421 0.612678 -0.017563
v -0.017563 0.612678 -0.030420
v -0.018436 0.610991 -0.031932
v -0.018727 0.293069 -0.032436
v -0.032436 0.293069 -0.018727
v -0.037454 0.293069 -0.000000
v -0.032436 0.293069 0.018727
v -0.018727 0.293069 0.032436
v 0.000000 0.293069 0.037454
v 0.018727 0.293069 0.032436
v 0.032436 0.293069 0.018727
v 0.037454 0.293069 -0.000000
v 0.032436 0.293069 -0.018727
v 0.018727 0.293069 -0.032436
v 0.000000 0.293069 -0.037454
v 0.000000 1.437785 -0.037454
v 0.000000 1.442185 -0.032899
v -0.018727 1.437785 -0.032436
v -0.016449 1.442185 -0.028491
v -0.032436 1.437785 -0.018727
v -0.028491 1.442185 -0.016449
v -0.037454 1.437785 -0.000000
v -0.032899 1.442185 -0.000000
v -0.032436 1.437785 0.018727
v -0.028491 1.442185 0.016449
v -0.018727 1.437785 0.032436
v -0.016449 1.442185 0.028491
v 0.000000 1.437785 0.037454
v 0.000000 1.442185 0.032899
v 0.018727 1.437785 0.032436
v 0.016449 1.442185 0.028491
v 0.032436 1.437785 0.018727
v 0.028491 1.442185 0.016449
v 0.037454 1.437785 -0.000000
v 0.032899 1.442185 -0.000000
v 0.032436 1.437785 -0.018727
v 0.028491 1.442185 -0.016449
v 0.018727 1.437785 -0.032436
v 0.016449 1.442185 -0.028491
v 0.000000 0.608840 -0.037454
v 0.000000 0.613240 -0.032899
v -0.018727 0.608840 -0.032436
v -0.016449 0.613240 -0.028491
v -0.032436 0.608840 -0.018727
v -0.028491 0.613240 -0.016449
v -0.037454 0.608840 -0.000000
v -0.032899 0.613240 -0.000000
v -0.032436 0.608840 0.018727
v -0.028491 0.613240 0.016449
v -0.018727 0.608840 0.032436
v -0.016449 0.613240 0.028491
v 0.000000 0.608840 0.037454
v 0.000000 0.613240 0.032899
v 0.018727 0.608840 0.032436
v 0.016449 0.613240 0.028491
v 0.032436 0.608840 0.018727
v 0.028491 0.613240 0.016449
v 0.037454 0.608840 -0.000000
v 0.032899 0.613240 -0.000000
v 0.032436 0.608840 -0.018727
v 0.028491 0.613240 -0.016449
v 0.018727 0.608840 -0.032436
v 0.016449 0.613240 -0.028491
v 0.000000 1.439937 -0.036872
v 0.000000 1.441623 -0.035127
v -0.017563 1.441623 -0.030421
v -0.018436 1.439937 -0.031932
v -0.030421 1.441623 -0.017563
v -0.031932 1.439937 -0.018436
v -0.035126 1.441623 -0.000000
v -0.036872 1.439937 -0.000000
v -0.030421 1.441623 0.017563
v -0.031932 1.439937 0.018436
v -0.017563 1.441623 0.030420
v -0.018436 1.439937 0.031932
v 0.000000 1.441623 0.035126
v 0.000000 1.439937 0.036872
v 0.017563 1.441623 0.030420
v 0.018436 1.439937 0.031932
v 0.030421 1.441623 0.017563
v 0.031932 1.439937 0.018436
v 0.035126 1.441623 -0.000000
v 0.036872 1.439937 -0.000000
v 0.030421 1.441623 -0.017563
v 0.031932 1.439937 -0.018436
v 0.017563 1.441623 -0.030421
v 0.018436 1.439937 -0.031932
v 2.752963 0.422863 0.014979
v 2.752963 0.433829 0.025944
v -2.834662 0.408808 -0.000000
v 2.834662 0.408808 -0.000000
v -2.834662 0.414167 -0.020000
v 2.834662 0.414167 -0.020000
v -2.834662 0.428808 -0.034641
v 2.834662 0.428808 -0.034641
v -2.834662 0.448808 -0.040000
v 2.834662 0.448808 -0.040000
v -2.834662 0.468808 -0.034641
v 2.834662 0.468808 -0.034641
v -2.834662 0.483449 -0.020000
v 2.834662 0.483449 -0.020000
v -2.834662 0.488808 -0.000000
v 2.834662 0.488808 -0.000000
v -2.834662 0.483449 0.020000
v 2.834662 0.483449 0.020000
v -2.834662 0.468808 0.034641
v 2.834662 0.468808 0.034641
v -2.834662 0.448808 0.040000
v 2.834662 0.448808 0.040000
v -2.834662 0.428808 0.034641
v 2.834662 0.428808 0.034641
v -2.834662 0.414167 0.020000
v 2.834662 0.414167 0.020000
v -2.834662 0.418850 -0.000000
v -2.834662 0.422863 -0.014979
v -2.834662 0.433829 -0.025944
v -2.834662 0.448808 -0.029958
v -2.834662 0.463787 -0.025944
v -2.834662 0.474752 -0.014979
v -2.834662 0.478765 -0.000000
v -2.834662 0.474752 0.014979
v -2.834662 0.463787 0.025944
v -2.834662 0.448808 0.029958
v -2.834662 0.433829 0.025944
v -2.834662 0.422863 0.014979
v 2.834662 0.418850 -0.000000
v 2.834662 0.422863 -0.014979
v 2.834662 0.433829 -0.025944
v 2.834662 0.448808 -0.029958
v 2.834662 0.463787 -0.025944
v 2.834662 0.474752 -0.014979
v 2.834662 0.478765 -0.000000
v 2.834662 0.474752 0.014979
v 2.834662 0.463787 0.025944
v 2.834662 0.448808 0.029958
v 2.834662 0.433829 0.025944
v 2.834662 0.422863 0.014979
v -2.752962 0.418850 -0.000000
v -2.752962 0.422863 -0.014979
v -2.752962 0.433829 -0.025944
v -2.752962 0.448808 -0.029958
v -2.752962 0.463787 -0.025944
v -2.752962 0.474752 -0.014979
v -2.752962 0.478765 -0.000000
v -2.752962 0.474752 0.014979
v -2.752962 0.463787 0.025944
v -2.752962 0.448808 0.029958
v -2.752962 0.433829 0.025944
v -2.752962 0.422863 0.014979
v 2.752963 0.418850 -0.000000
v 2.752963 0.422863 -0.014979
v 2.752963 0.433829 -0.025944
v 2.752963 0.448808 -0.029958
v 2.752963 0.463787 -0.025944
v 2.752963 0.474752 -0.014979
v 2.752963 0.478765 -0.000000
v 2.752963 0.474752 0.014979
v 2.752963 0.463787 0.025944
v 2.752963 0.448808 0.029958
v 0.159359 0.428808 -0.034641
v 0.159359 0.448808 -0.040000
v 0.159359 0.468808 -0.034641
v 0.159359 0.483449 -0.020000
v 0.159359 0.488808 -0.000000
v 0.159359 0.483449 0.020000
v 0.159359 0.468808 0.034641
v 0.159359 0.448808 0.040000
v 0.159359 0.428808 0.034641
v 0.159359 0.414167 0.020000
v 0.159359 0.408808 -0.000000
v 0.159359 0.414167 -0.020000
v -0.164934 0.448808 -0.040000
v -0.164934 0.428808 -0.034641
v -0.164934 0.414167 -0.020000
v -0.164934 0.408808 -0.000000
v -0.164934 0.414167 0.020000
v -0.164934 0.428808 0.034641
v -0.164934 0.448808 0.040000
v -0.164934 0.468808 0.034641
v -0.164934 0.483449 0.020000
v -0.164934 0.488808 -0.000000
v -0.164934 0.483449 -0.020000
v -0.164934 0.468808 -0.034641
v -0.162686 0.472244 -0.040592
v -0.164372 0.471371 -0.039081
v 0.158797 0.471371 -0.039081
v 0.157110 0.472244 -0.040592
v -0.162686 0.489400 -0.023436
v -0.164372 0.487888 -0.022563
v 0.158797 0.487888 -0.022563
v 0.157110 0.489400 -0.023436
v -0.162686 0.495680 -0.000000
v -0.164372 0.493934 -0.000000
v 0.158797 0.493934 -0.000000
v 0.157110 0.495680 -0.000000
v -0.162686 0.489400 0.023436
v -0.164372 0.487888 0.022563
v 0.158797 0.487888 0.022563
v 0.157110 0.489400 0.023436
v -0.162686 0.472244 0.040592
v -0.164372 0.471371 0.039081
v 0.158797 0.471371 0.039081
v 0.157110 0.472244 0.040592
v -0.162686 0.448808 0.046872
v -0.164372 0.448808 0.045126
v 0.158797 0.448808 0.045126
v 0.157110 0.448808 0.046872
v 0.154959 0.425081 -0.041096
v 0.159359 0.427358 -0.037151
v 0.154959 0.448808 -0.047454
v 0.159359 0.448808 -0.042899
v 0.154959 0.472535 -0.041096
v 0.159359 0.470257 -0.037151
v 0.154959 0.489904 -0.023727
v 0.159359 0.485959 -0.021449
v 0.154959 0.496262 -0.000000
v 0.159359 0.491706 -0.000000
v 0.154959 0.489904 0.023727
v 0.159359 0.485959 0.021449
v 0.154959 0.472535 0.041096
v 0.159359 0.470257 0.037151
v 0.154959 0.448808 0.047454
v 0.159359 0.448808 0.042899
v 0.154959 0.425081 0.041096
v 0.159359 0.427358 0.037151
v 0.154959 0.407711 0.023727
v 0.159359 0.411656 0.021449
v 0.154959 0.401354 -0.000000
v 0.159359 0.405909 -0.000000
v 0.154959 0.407711 -0.023727
v 0.159359 0.411656 -0.021449
v -0.160534 0.448808 -0.047454
v -0.164934 0.448808 -0.042899
v -0.160534 0.425081 -0.041096
v -0.164934 0.427358 -0.037151
v -0.160534 0.407711 -0.023727
v -0.164934 0.411656 -0.021449
v -0.160534 0.401354 -0.000000
v -0.164934 0.405909 -0.000000
v -0.160534 0.407711 0.023727
v -0.164934 0.411656 0.021449
v -0.160534 0.425081 0.041096
v -0.164934 0.427358 0.037151
v -0.160534 0.448808 0.047454
v -0.164934 0.448808 0.042899
v -0.160534 0.472535 0.041096
v -0.164934 0.470257 0.037151
v -0.160534 0.489904 0.023727
v -0.164934 0.485959 0.021449
v -0.160534 0.496262 -0.000000
v -0.164934 0.491706 -0.000000
v -0.160534 0.489904 -0.023727
v -0.164934 0.485959 -0.021449
v -0.160534 0.472535 -0.041096
v -0.164934 0.470257 -0.037151
v 0.157110 0.425372 -0.040592
v 0.158797 0.426244 -0.039081
v 0.158797 0.448808 -0.045126
v 0.157110 0.448808 -0.046872
v -0.162686 0.448808 -0.046872
v -0.164372 0.448808 -0.045126
v -0.164372 0.426244 -0.039081
v -0.162686 0.425372 -0.040592
v 0.157110 0.408215 -0.023436
v 0.158797 0.409727 -0.022563
v -0.164372 0.409727 -0.022563
v -0.162686 0.408215 -0.023436
v 0.157110 0.401936 -0.000000
v 0.158797 0.403681 -0.000000
v -0.164372 0.403681 -0.000000
v -0.162686 0.401936 -0.000000
v 0.157110 0.408215 0.023436
v 0.158797 0.409727 0.022563
v -0.164372 0.409727 0.022563
v -0.162686 0.408215 0.023436
v 0.157110 0.425372 0.040592
v 0.158797 0.426244 0.039081
v -0.164372 0.426244 0.039081
v -0.162686 0.425372 0.040592
vn -0.0000 -0.0000 1.0000
vn 0.1308 -0.9827 0.1308
vn 0.0663 -0.8646 0.4980
vn -0.0663 -0.8646 0.4980
vn -0.1308 -0.9827 0.1308
vn 0.1137 -0.4976 0.8599
vn -0.1137 -0.4976 0.8599
vn 0.1295 -0.1295 0.9831
vn -0.1294 -0.1294 0.9831
vn 0.1295 0.1295 0.9831
vn -0.1295 0.1295 0.9831
vn 0.1137 0.4976 0.8599
vn -0.1137 0.4976 0.8599
vn 0.0663 0.8646 0.4980
vn -0.0663 0.8646 0.4980
vn 0.1308 0.9827 0.1308
vn -0.1308 0.9827 0.1308
vn 0.2491 -0.8670 0.4315
vn 0.4325 -0.5017 0.7492
vn 0.4957 -0.1307 0.8586
vn 0.4957 0.1307 0.8586
vn 0.4325 0.5017 0.7492
vn 0.2491 0.8670 0.4315
vn 0.4315 -0.8670 0.2491
vn 0.7491 -0.5017 0.4325
vn 0.8586 -0.1307 0.4957
vn 0.8586 0.1307 0.4957
vn 0.7491 0.5017 0.4325
vn 0.4315 0.8670 0.2491
vn 0.4980 -0.8646 0.0663
vn 0.8599 -0.4976 0.1137
vn 0.9831 -0.1295 0.1295
vn 0.9831 0.1295 0.1295
vn 0.8599 0.4976 0.1137
vn 0.4980 0.8646 0.0663
vn 0.1308 -0.9827 -0.1308
vn 0.4980 -0.8646 -0.0663
vn 0.8599 -0.4976 -0.1137
vn 0.9831 -0.1295 -0.1295
vn 0.9831 0.1295 -0.1294
vn 0.8599 0.4976 -0.1137
vn 0.4980 0.8646 -0.0663
vn 0.1308 0.9827 -0.1308
vn 0.4315 -0.8670 -0.2491
vn 0.7491 -0.5017 -0.4325
vn 0.8586 -0.1307 -0.4957
vn 0.8586 0.1307 -0.4957
vn 0.7491 0.5017 -0.4325
vn 0.4315 0.8670 -0.2491
vn 0.2491 -0.8670 -0.4315
vn 0.4325 -0.5017 -0.7491
vn 0.4957 -0.1307 -0.8586
vn 0.4957 0.1307 -0.8586
vn 0.4325 0.5017 -0.7492
vn 0.2491 0.8670 -0.4315
vn 0.0663 -0.8646 -0.4980
vn 0.1137 -0.4976 -0.8599
vn 0.1295 -0.1295 -0.9831
vn 0.1295 0.1295 -0.9831
vn 0.1137 0.4976 -0.8599
vn 0.0663 0.8646 -0.4980
vn -0.1308 -0.9827 -0.1308
vn -0.0663 -0.8646 -0.4980
vn -0.1137 -0.4976 -0.8599
vn -0.1295 -0.1295 -0.9831
vn -0.1295 0.1295 -0.9831
vn -0.1137 0.4976 -0.8599
vn -0.0663 0.8646 -0.4980
vn -0.1308 0.9827 -0.1308
vn -0.2491 -0.8670 -0.4315
vn -0.4325 -0.5017 -0.7492
vn -0.4957 -0.1307 -0.8586
vn -0.4957 0.1307 -0.8586
vn -0.4325 0.5017 -0.7492
vn -0.2491 0.8670 -0.4315
vn -0.4315 -0.8670 -0.2491
vn -0.7491 -0.5017 -0.4325
vn -0.8586 -0.1307 -0.4957
vn -0.8586 0.1307 -0.4957
vn -0.7491 0.5017 -0.4325
vn -0.4315 0.8670 -0.2491
vn -0.4980 -0.8646 -0.0663
vn -0.8599 -0.4976 -0.1137
vn -0.9831 -0.1295 -0.1295
vn -0.9831 0.1295 -0.1295
vn -0.8599 0.4976 -0.1137
vn -0.4980 0.8646 -0.0663
vn -0.4980 -0.8646 0.0663
vn -0.8599 -0.4976 0.1137
vn -0.9831 -0.1295 0.1295
vn -0.9831 0.1294 0.1294
vn -0.8599 0.4976 0.1137
vn -0.4980 0.8646 0.0663
vn -0.4315 -0.8670 0.2491
vn -0.7491 -0.5017 0.4325
vn -0.8586 -0.1306 0.4957
vn -0.8586 0.1306 0.4957
vn -0.7491 0.5017 0.4325
vn -0.4315 0.8670 0.2491
vn -0.2491 -0.8670 0.4315
vn -0.4325 -0.5017 0.7491
vn -0.4957 -0.1307 0.8586
vn -0.4957 0.1307 0.8586
vn -0.4325 0.5017 0.7491
vn -0.2491 0.8670 0.4315
vn -0.1294 0.1294 0.9831
vn 0.9831 0.1295 -0.1295
vn 0.8586 0.1306 -0.4957
vn 0.1294 0.1294 -0.9831
vn -0.8586 -0.1306 -0.4957
vn -0.9831 0.1295 0.1295
vn -0.8586 -0.1307 0.4957
vn -0.8586 0.1307 0.4957
vn -0.4325 -0.5017 0.7492
vn -0.4325 0.5017 0.7492
vn -0.1318 0.4956 -0.8585
vn -0.1319 0.8585 -0.4956
vn 0.1318 0.8585 -0.4956
vn 0.1319 0.4956 -0.8585
vn -0.1318 -0.0000 -0.9913
vn 0.1318 -0.0000 -0.9913
vn -0.1318 -0.4956 -0.8585
vn 0.1318 -0.4956 -0.8585
vn -0.1318 -0.8585 -0.4956
vn 0.1318 -0.8585 -0.4956
vn -0.1318 -0.9913 -0.0000
vn 0.1318 -0.9913 -0.0000
vn -0.1318 -0.8585 0.4956
vn 0.1318 -0.8585 0.4956
vn -0.1318 -0.4956 0.8585
vn 0.1318 -0.4956 0.8585
vn -0.1318 -0.0000 0.9913
vn 0.1318 -0.0000 0.9913
vn -0.1318 0.4956 0.8585
vn 0.1319 0.4956 0.8585
vn -0.1318 0.8585 0.4956
vn 0.1318 0.8585 0.4956
vn -0.1318 0.9913 -0.0000
vn 0.1318 0.9913 -0.0000
vn -1.0000 -0.0000 -0.0000
vn -0.9924 0.1067 -0.0616
vn -0.9924 0.0616 -0.1067
vn 1.0000 -0.0000 -0.0000
vn 0.9924 0.0616 -0.1067
vn 0.9924 0.1067 -0.0616
vn -0.9924 -0.0000 -0.1232
vn 0.9924 -0.0000 -0.1232
vn -0.9924 -0.0616 -0.1067
vn 0.9924 -0.0616 -0.1067
vn -0.9924 -0.1067 -0.0616
vn 0.9924 -0.1067 -0.0616
vn -0.9924 -0.1232 -0.0000
vn 0.9924 -0.1232 -0.0000
vn -0.9924 -0.1067 0.0616
vn 0.9924 -0.1067 0.0616
vn -0.9924 -0.0616 0.1067
vn 0.9924 -0.0616 0.1067
vn -0.9924 -0.0000 0.1232
vn 0.9924 -0.0000 0.1232
vn -0.9924 0.0616 0.1067
vn 0.9924 0.0616 0.1067
vn -0.9924 0.1067 0.0616
vn 0.9924 0.1067 0.0616
vn -0.9924 0.1232 -0.0000
vn 0.9924 0.1232 -0.0000
vn -0.8749 0.4195 -0.2422
vn -0.8749 0.2422 -0.4195
vn 0.8749 0.2422 -0.4195
vn 0.8749 0.4195 -0.2422
vn -0.8749 -0.0000 -0.4844
vn 0.8749 -0.0000 -0.4844
vn -0.8749 -0.2422 -0.4195
vn 0.8749 -0.2422 -0.4195
vn -0.8749 -0.4195 -0.2422
vn 0.8749 -0.4195 -0.2422
vn -0.8749 -0.4844 -0.0000
vn 0.8749 -0.4844 -0.0000
vn -0.8749 -0.4195 0.2422
vn 0.8749 -0.4195 0.2422
vn -0.8749 -0.2422 0.4195
vn 0.8749 -0.2422 0.4195
vn -0.8749 -0.0000 0.4844
vn 0.8749 -0.0000 0.4844
vn -0.8749 0.2422 0.4195
vn 0.8749 0.2422 0.4195
vn -0.8749 0.4195 0.2422
vn 0.8749 0.4195 0.2422
vn -0.8749 0.4844 -0.0000
vn 0.8749 0.4844 -0.0000
vn -0.5103 0.7448 -0.4300
vn -0.5103 0.4300 -0.7448
vn 0.5103 0.4300 -0.7448
vn 0.5103 0.7448 -0.4300
vn -0.5103 -0.0000 -0.8600
vn 0.5103 -0.0000 -0.8600
vn -0.5103 -0.4300 -0.7448
vn 0.5103 -0.4300 -0.7448
vn -0.5103 -0.7448 -0.4300
vn 0.5103 -0.7448 -0.4300
vn -0.5103 -0.8600 -0.0000
vn 0.5103 -0.8600 -0.0000
vn -0.5103 -0.7448 0.4300
vn 0.5103 -0.7448 0.4300
vn -0.5103 -0.4300 0.7448
vn 0.5103 -0.4300 0.7448
vn -0.5103 -0.0000 0.8600
vn 0.5103 -0.0000 0.8600
vn -0.5103 0.4300 0.7448
vn 0.5103 0.4300 0.7448
vn -0.5103 0.7448 0.4300
vn 0.5103 0.7448 0.4300
vn -0.5103 0.8600 -0.0000
vn 0.5103 0.8600 -0.0000
vn -0.0000 0.1318 -0.9913
vn 0.4956 0.1318 -0.8585
vn 0.4956 -0.1318 -0.8585
vn -0.0000 -0.1318 -0.9913
vn 0.8585 0.1318 -0.4956
vn 0.8585 -0.1318 -0.4956
vn 0.9913 0.1318 -0.0000
vn 0.9913 -0.1318 -0.0000
vn 0.8585 0.1318 0.4956
vn 0.8585 -0.1318 0.4956
vn 0.4956 0.1318 0.8585
vn 0.4956 -0.1318 0.8585
vn -0.0000 0.1318 0.9913
vn -0.0000 -0.1318 0.9913
vn -0.4956 0.1318 0.8585
vn -0.4956 -0.1318 0.8585
vn -0.8585 0.1318 0.4956
vn -0.8585 -0.1318 0.4956
vn -0.9913 0.1318 -0.0000
vn -0.9913 -0.1318 -0.0000
vn -0.8585 0.1318 -0.4956
vn -0.8585 -0.1318 -0.4956
vn -0.4956 0.1318 -0.8585
vn -0.4956 -0.1318 -0.8585
vn -0.0000 1.0000 -0.0000
vn 0.0616 0.9924 -0.1066
vn -0.0000 0.9924 -0.1231
vn -0.0000 -1.0000 -0.0000
vn -0.0000 -0.9924 -0.1231
vn 0.0616 -0.9924 -0.1066
vn 0.1066 0.9924 -0.0616
vn 0.1067 -0.9924 -0.0616
vn 0.1231 0.9924 -0.0000
vn 0.1232 -0.9924 -0.0000
vn 0.1066 0.9924 0.0616
vn 0.1067 -0.9924 0.0616
vn 0.0616 0.9924 0.1066
vn 0.0616 -0.9924 0.1066
vn -0.0000 0.9924 0.1231
vn -0.0000 -0.9924 0.1231
vn -0.0616 0.9924 0.1066
vn -0.0616 -0.9924 0.1067
vn -0.1066 0.9924 0.0616
vn -0.1067 -0.9924 0.0616
vn -0.1231 0.9924 -0.0000
vn -0.1232 -0.9924 -0.0000
vn -0.1066 0.9924 -0.0616
vn -0.1067 -0.9924 -0.0616
vn -0.0616 0.9924 -0.1066
vn -0.0616 -0.9924 -0.1066
vn 0.2422 0.8749 -0.4195
vn -0.0000 0.8749 -0.4844
vn -0.0000 -0.8749 -0.4844
vn 0.2422 -0.8749 -0.4195
vn 0.4195 0.8749 -0.2422
vn 0.4195 -0.8749 -0.2422
vn 0.4844 0.8749 -0.0000
vn 0.4844 -0.8749 -0.0000
vn 0.4195 0.8749 0.2422
vn 0.4195 -0.8749 0.2422
vn 0.2422 0.8749 0.4195
vn 0.2422 -0.8749 0.4195
vn -0.0000 0.8749 0.4844
vn -0.0000 -0.8749 0.4844
vn -0.2422 0.8749 0.4195
vn -0.2422 -0.8749 0.4195
vn -0.4195 0.8749 0.2422
vn -0.4195 -0.8749 0.2422
vn -0.4844 0.8749 -0.0000
vn -0.4844 -0.8749 -0.0000
vn -0.4195 0.8749 -0.2422
vn -0.4195 -0.8749 -0.2422
vn -0.2422 0.8749 -0.4195
vn -0.2422 -0.8749 -0.4195
vn 0.4300 0.5103 -0.7448
vn -0.0000 0.5103 -0.8600
vn -0.0000 -0.5103 -0.8600
vn 0.4300 -0.5103 -0.7448
vn 0.7448 0.5103 -0.4300
vn 0.7448 -0.5103 -0.4300
vn 0.8600 0.5103 -0.0000
vn 0.8600 -0.5103 -0.0000
vn 0.7448 0.5103 0.4300
vn 0.7448 -0.5103 0.4300
vn 0.4300 0.5103 0.7448
vn 0.4300 -0.5103 0.7448
vn -0.0000 0.5103 0.8600
vn -0.0000 -0.5103 0.8600
vn -0.4300 0.5103 0.7448
vn -0.4300 -0.5103 0.7448
vn -0.7448 0.5103 0.4300
vn -0.7448 -0.5103 0.4300
vn -0.8600 0.5103 -0.0000
vn -0.8600 -0.5103 -0.0000
vn -0.7448 0.5103 -0.4300
vn -0.7448 -0.5103 -0.4300
vn -0.4300 0.5103 -0.7448
vn -0.4300 -0.5103 -0.7448
vn -0.1318 0.8585 -0.4956
vn 0.1318 0.4956 -0.8585
vn -0.1319 -0.0000 -0.9913
vn -0.1319 -0.8585 0.4956
vn -0.1319 -0.0000 0.9913
vn 0.1318 0.4956 0.8585
vn 0.9924 0.1066 -0.0615
vn 1.0000 0.0001 -0.0000
vn 0.9924 0.0616 -0.1066
vn -0.9924 0.0616 -0.1066
vn -0.9924 0.1066 -0.0616
vn 0.9924 -0.0000 -0.1231
vn -0.9924 -0.0000 -0.1231
vn 1.0000 -0.0001 -0.0000
vn 0.9924 -0.0616 -0.1066
vn -0.9924 -0.0616 -0.1066
vn 0.9924 -0.1066 -0.0616
vn -1.0000 -0.0001 -0.0000
vn 0.9924 -0.1231 -0.0000
vn -0.9924 -0.1231 -0.0000
vn 0.9924 -0.1066 0.0616
vn -0.9924 -0.1066 0.0616
vn 0.9924 -0.0616 0.1066
vn -0.9924 -0.0616 0.1066
vn 0.9924 -0.0000 0.1231
vn -0.9924 -0.0000 0.1231
vn 0.9924 0.0616 0.1066
vn -0.9924 0.0616 0.1066
vn 0.9924 0.1066 0.0616
vn -0.9924 0.1066 0.0615
vn -1.0000 0.0001 -0.0000
vn 0.9924 0.1231 -0.0000
vn -0.9924 0.1231 -0.0000
vn 0.8749 -0.4843 -0.0000
vn 0.8749 0.4843 -0.0000
vn -0.1066 -0.9924 -0.0616
vn -0.1231 -0.9924 -0.0000
vn -0.1066 -0.9924 0.0616
vn -0.0616 -0.9924 0.1066
vn -0.0000 -0.9924 0.1232
vn 0.0616 -0.9924 0.1067
vn 0.0616 -0.9924 -0.1067
vn -0.0000 -0.8749 0.4843
vn 0.2422 0.8749 0.4194
vn 0.4194 0.8749 0.2422
vn -0.1319 -0.4956 -0.8585
vn 0.0616 0.9924 -0.1067
vn -0.0000 0.9924 -0.1232
vn -0.0000 -0.9924 -0.1232
vn 0.1067 0.9924 -0.0616
vn 0.1232 0.9924 -0.0000
vn 0.1067 0.9924 0.0616
vn 0.0616 0.9924 0.1067
vn -0.0000 0.9924 0.1232
vn -0.0616 0.9924 0.1067
vn -0.1067 0.9924 0.0616
vn -0.1232 0.9924 -0.0000
vn -0.1067 0.9924 -0.0616
vn -0.0616 0.9924 -0.1067
vn -0.0616 -0.9924 -0.1067
vn -0.1319 -0.9913 -0.0000
vn -0.1319 0.9913 -0.0000
vn -0.0000 0.8749 -0.4843
vn 0.4194 -0.8749 -0.2422
vn 0.2422 -0.8749 -0.4194
vn -0.0000 0.8660 -0.5000
vn -0.0000 -0.8660 -0.5000
vn -0.0000 0.5000 -0.8660
vn -0.0000 -0.0000 -1.0000
vn -0.0000 -0.5000 -0.8660
vn -0.0000 -0.8660 0.5000
vn -0.0000 -0.5000 0.8660
vn -0.0000 0.5000 0.8660
vn -0.0000 0.8660 0.5000
vn 0.9696 -0.1224 -0.2119
vn 0.9696 -0.2120 -0.1223
vn -0.9696 -0.2119 -0.1223
vn -0.9696 -0.1223 -0.2119
vn 0.9696 -0.2447 -0.0000
vn -0.9696 -0.2447 -0.0000
vn 0.9696 -0.2119 0.1223
vn -0.8748 -0.4195 0.2422
vn -0.9696 -0.2119 0.1223
vn 0.9696 -0.1223 0.2119
vn -0.9696 -0.1223 0.2119
vn 0.9696 -0.0000 0.2447
vn -0.9696 -0.0000 0.2447
vn 0.9696 0.1224 0.2119
vn -0.9696 0.1223 0.2119
vn 0.9696 0.2119 0.1223
vn -0.8748 0.4195 0.2422
vn -0.9696 0.2119 0.1223
vn 0.9696 0.2447 -0.0000
vn -0.9696 0.2447 -0.0000
vn 0.9696 0.2119 -0.1223
vn -0.8748 0.4195 -0.2422
vn -0.9696 0.2119 -0.1223
vn 0.9696 0.1223 -0.2119
vn -0.9696 0.1223 -0.2119
vn 0.9696 -0.0000 -0.2447
vn -0.9696 -0.0000 -0.2447
vn 0.2611 -0.8360 -0.4827
vn 0.2610 -0.4827 -0.8360
vn -0.2611 -0.4826 -0.8360
vn -0.2611 -0.8360 -0.4827
vn 0.2611 -0.9653 -0.0000
vn -0.2611 -0.9653 -0.0000
vn 0.2611 -0.8360 0.4827
vn -0.2611 -0.8360 0.4827
vn 0.2610 -0.4827 0.8360
vn -0.2611 -0.4826 0.8360
vn 0.2610 -0.0000 0.9653
vn -0.2610 -0.0000 0.9653
vn 0.2610 0.4827 0.8360
vn -0.2611 0.4826 0.8360
vn 0.2611 0.8360 0.4827
vn -0.2611 0.8360 0.4827
vn 0.2611 0.9653 -0.0000
vn -0.2611 0.9653 -0.0000
vn 0.2611 0.8360 -0.4827
vn -0.2611 0.8360 -0.4827
vn 0.2610 0.4827 -0.8360
vn -0.2611 0.4826 -0.8360
vn 0.2610 -0.0000 -0.9653
vn -0.2610 -0.0000 -0.9653
vn 0.8748 -0.0000 -0.4844
vn 0.9696 0.1223 -0.2118
vn 0.9696 -0.0000 -0.2446
vn -0.8749 -0.0000 -0.4843
vn -0.9696 -0.0000 -0.2446
vn -0.9696 0.1223 -0.2118
vn 0.9696 -0.1223 -0.2118
vn -0.8748 -0.2422 -0.4195
vn -0.9696 -0.1223 -0.2118
vn 0.9696 -0.2118 -0.1223
vn -0.9696 -0.2118 -0.1223
vn 0.8748 -0.4844 -0.0000
vn 0.9696 -0.2446 -0.0000
vn -0.9696 -0.2446 -0.0000
vn 0.9696 -0.2118 0.1223
vn -0.9696 -0.2118 0.1223
vn 0.9696 -0.1223 0.2118
vn -0.9696 -0.1223 0.2118
vn 0.8748 -0.0000 0.4844
vn 0.9696 -0.0000 0.2446
vn -0.8749 -0.0000 0.4843
vn -0.9696 -0.0000 0.2446
vn 0.9696 0.1223 0.2118
vn -0.9696 0.1223 0.2118
vn 0.9696 0.2118 0.1223
vn -0.9696 0.2118 0.1223
vn 0.8748 0.4844 -0.0000
vn 0.9696 0.2445 -0.0000
vn -0.9696 0.2445 -0.0000
vn 0.9696 0.2118 -0.1223
vn -0.9696 0.2118 -0.1223
vn 0.2611 -0.0000 -0.9653
vn 0.2611 0.4827 -0.8360
vn -0.2611 0.4827 -0.8360
vn -0.2611 -0.0000 -0.9653
vn -0.2610 -0.4827 -0.8360
vn 0.2610 -0.8360 -0.4826
vn -0.2610 -0.8360 -0.4827
vn 0.2610 -0.9653 -0.0000
vn -0.2610 -0.9653 -0.0000
vn 0.5102 -0.7448 0.4300
vn 0.2610 -0.8360 0.4827
vn -0.2610 -0.8360 0.4827
vn -0.2610 -0.4827 0.8360
vn 0.2611 -0.0000 0.9653
vn -0.2611 -0.0000 0.9653
vn 0.2611 0.4827 0.8360
vn -0.2611 0.4827 0.8360
vn 0.2610 0.8360 0.4826
vn -0.2610 0.8360 0.4827
vn 0.2610 0.9653 -0.0000
vn -0.2610 0.9653 -0.0000
vn 0.5102 0.7448 -0.4300
vn 0.2610 0.8360 -0.4827
vn -0.2610 0.8360 -0.4827
vn 0.8748 -0.4195 -0.2422
vn 0.9696 -0.2117 -0.1223
vn -0.8748 -0.4195 -0.2422
vn 0.9697 -0.2445 -0.0000
vn -0.8748 -0.4844 -0.0000
vn 0.9696 -0.2120 0.1223
vn -0.8748 -0.2422 0.4195
vn -0.8748 -0.0000 0.4844
vn -0.8748 0.2422 0.4195
vn 0.8748 0.4195 0.2422
vn 0.9696 0.2120 0.1223
vn 0.9696 0.2448 -0.0000
vn -0.8748 0.4844 -0.0000
vn -0.9696 0.2446 -0.0000
vn 0.9696 0.2120 -0.1223
vn -0.8748 0.2422 -0.4195
vn -0.8748 -0.0000 -0.4844
vn 0.9696 -0.1223 -0.2119
vn 0.9696 0.2446 -0.0000
vn 0.9696 0.1223 0.2119
vn 0.9696 -0.2119 -0.1223
vn 0.2611 -0.4826 -0.8360
vn -0.2611 -0.4827 -0.8360
vn 0.2611 -0.4826 0.8360
vn -0.2611 -0.4827 0.8360
vn 0.2611 0.4826 0.8360
vn 0.2611 0.4826 -0.8360
vn -0.2610 0.4827 -0.8360
vn 0.2610 0.8360 0.4827
vn -0.2610 0.4827 0.8360
vn 0.2610 -0.8360 -0.4827
vn -0.8660 -0.0000 -0.5000
vn -0.5000 -0.0000 -0.8660
vn 0.5000 -0.0000 -0.8660
vn 0.8660 -0.0000 -0.5000
vn 0.8660 -0.0000 0.5000
vn 0.5000 -0.0000 0.8660
vn -0.5000 -0.0000 0.8660
vn -0.8660 -0.0000 0.5000
vn 0.7719 -0.4495 0.4495
vn 0.4495 -0.4495 0.7719
vn 0.4495 -0.7719 0.4495
vn 0.4495 0.7719 0.4495
vn 0.4495 0.4495 0.7719
vn 0.7719 0.4495 0.4495
vn -0.4495 -0.7719 0.4495
vn -0.4495 -0.4495 0.7719
vn -0.7719 -0.4495 0.4495
vn -0.7719 0.4495 0.4495
vn -0.4495 0.4495 0.7719
vn -0.4495 0.7719 0.4495
vn -0.4495 -0.7719 -0.4495
vn -0.7719 -0.4495 -0.4495
vn -0.4495 -0.4495 -0.7719
vn -0.4495 0.4495 -0.7719
vn -0.7719 0.4495 -0.4495
vn -0.4495 0.7720 -0.4495
vn 0.4495 -0.7719 -0.4495
vn 0.4495 -0.4495 -0.7719
vn 0.7719 -0.4495 -0.4495
vn 0.7719 0.4495 -0.4495
vn 0.4495 0.4495 -0.7719
vn 0.4495 0.7719 -0.4495
vn 0.1123 -0.8677 0.4843
vn -0.1123 -0.8677 0.4843
vn -0.1541 -0.9760 0.1541
vn 0.1543 -0.9759 0.1543
vn -0.8677 -0.1123 0.4843
vn -0.8677 0.1123 0.4843
vn -0.9759 0.1543 0.1543
vn -0.9759 -0.1543 0.1543
vn -0.1123 0.8677 0.4843
vn 0.1123 0.8677 0.4843
vn 0.1542 0.9759 0.1542
vn -0.1542 0.9759 0.1542
vn 0.8677 0.1123 0.4843
vn 0.8677 -0.1123 0.4843
vn 0.9759 -0.1543 0.1543
vn 0.9759 0.1543 0.1543
vn -0.4843 -0.8677 0.1123
vn -0.4843 -0.8677 -0.1123
vn -0.1541 -0.9760 -0.1541
vn -0.4843 -0.1123 -0.8677
vn -0.4843 0.1123 -0.8677
vn -0.1543 0.1543 -0.9759
vn -0.1543 -0.1544 -0.9759
vn -0.4843 0.8677 -0.1123
vn -0.4843 0.8677 0.1123
vn -0.1542 0.9759 -0.1542
vn -0.1123 -0.8677 -0.4843
vn 0.1123 -0.8677 -0.4843
vn 0.1542 -0.9759 -0.1542
vn 0.8677 -0.1123 -0.4843
vn 0.8677 0.1123 -0.4843
vn 0.9759 0.1543 -0.1543
vn 0.9759 -0.1543 -0.1543
vn 0.1123 0.8677 -0.4843
vn -0.1123 0.8677 -0.4842
vn 0.1542 0.9759 -0.1542
vn 0.4843 -0.8677 -0.1123
vn 0.4843 -0.8677 0.1123
vn 0.4843 0.8677 0.1123
vn 0.4843 0.8677 -0.1123
vn 0.1123 -0.4843 0.8677
vn 0.4843 -0.1123 0.8677
vn 0.8677 -0.4843 0.1123
vn 0.1543 -0.1543 0.9759
vn 0.4843 0.1123 0.8677
vn 0.1123 0.4843 0.8677
vn 0.8677 0.4843 0.1123
vn 0.1543 0.1543 0.9759
vn -0.4843 -0.1123 0.8677
vn -0.1123 -0.4843 0.8677
vn -0.8677 -0.4843 0.1123
vn -0.1543 -0.1543 0.9759
vn -0.1123 0.4843 0.8677
vn -0.4843 0.1123 0.8677
vn -0.8677 0.4843 0.1123
vn -0.1543 0.1544 0.9759
vn -0.8677 -0.1123 -0.4843
vn -0.8677 -0.4843 -0.1123
vn -0.1123 -0.4843 -0.8677
vn -0.9759 -0.1542 -0.1542
vn -0.8677 0.4843 -0.1123
vn -0.8677 0.1123 -0.4843
vn -0.1123 0.4843 -0.8677
vn -0.9759 0.1543 -0.1543
vn 0.4843 -0.1123 -0.8677
vn 0.1123 -0.4843 -0.8677
vn 0.8677 -0.4843 -0.1123
vn 0.1542 -0.1542 -0.9759
vn 0.1123 0.4843 -0.8677
vn 0.4843 0.1123 -0.8677
vn 0.8677 0.4843 -0.1123
vn 0.1543 0.1543 -0.9759
vn -0.7720 -0.4495 0.4495
vn -0.7720 0.4495 0.4495
vn -0.4495 0.4495 0.7720
vn -0.7720 -0.4495 -0.4495
vn -0.4495 0.7719 -0.4495
vn -0.7720 0.4495 -0.4495
vn -0.9759 -0.1542 0.1542
vn 0.1543 0.9759 0.1543
vn 0.9759 -0.1542 0.1542
vn 0.9760 0.1541 0.1541
vn -0.1542 -0.9759 0.1542
vn 0.1542 -0.9759 0.1542
vn 0.1543 0.9759 -0.1543
vn 0.1543 -0.1543 -0.9759
vn 0.1543 -0.9759 -0.1543
vn -0.1123 0.8677 -0.4843
vn -0.9759 0.1542 -0.1542
vn -0.1542 -0.9759 -0.1542
vn -0.1543 0.1543 0.9759
vn 0.1542 0.1542 0.9759
vn 0.9760 -0.1541 -0.1541
vn -0.1542 -0.1542 -0.9759
vn -0.1542 0.1542 -0.9759
vn -0.0000 1.0000 0.0001
vn -0.0000 1.0000 -0.0001
vn -0.2118 0.9696 -0.1223
vn -0.1223 0.9696 -0.2119
vn -0.2446 0.9696 -0.0000
vn -0.2118 0.9696 0.1223
vn -0.1223 0.9696 0.2119
vn -0.0000 0.9696 0.2448
vn 0.1223 0.9696 0.2120
vn 0.2119 0.9696 0.1224
vn 0.2447 0.9696 -0.0000
vn 0.2119 0.9696 -0.1224
vn 0.1223 0.9696 -0.2120
vn -0.0000 0.9696 -0.2448
vn -0.0000 0.9696 -0.2446
vn -0.4194 0.8749 -0.2422
vn -0.2119 0.9696 -0.1224
vn -0.2447 0.9696 -0.0000
vn -0.2119 0.9696 0.1223
vn -0.0000 0.8749 0.4843
vn -0.0000 0.9696 0.2446
vn 0.1223 0.9696 0.2119
vn 0.2119 0.9696 -0.1223
vn 0.1223 0.9696 -0.2119
vn -0.4827 0.2611 -0.8360
vn -0.8360 0.2611 -0.4826
vn -0.9653 0.2612 -0.0000
vn -0.8360 0.2611 0.4826
vn -0.4827 0.2611 0.8360
vn -0.0000 0.2611 0.9653
vn 0.4827 0.2611 0.8360
vn 0.8360 0.2610 0.4826
vn 0.9654 0.2609 -0.0000
vn 0.8360 0.2611 -0.4826
vn 0.4827 0.2611 -0.8360
vn -0.0000 0.2611 -0.9653
vn -0.0000 0.2610 -0.9653
vn -0.4827 0.2610 -0.8360
vn -0.8360 0.2610 -0.4826
vn -0.9653 0.2610 -0.0000
vn -0.8360 0.2610 0.4827
vn -0.4827 0.2610 0.8360
vn -0.0000 0.2610 0.9653
vn 0.4827 0.2610 0.8360
vn 0.9653 0.2610 -0.0000
vn 0.8360 0.2610 -0.4827
vn 0.4827 0.2610 -0.8360
vn -0.2422 0.8749 -0.4194
vn -0.4194 -0.8749 -0.2422
vn -0.2422 -0.8749 -0.4194
vn -0.1223 -0.9696 -0.2118
vn -0.2118 -0.9696 -0.1223
vn -0.4843 0.8749 -0.0000
vn -0.4843 -0.8749 -0.0000
vn -0.2446 -0.9696 -0.0000
vn -0.4194 0.8749 0.2422
vn -0.4194 -0.8749 0.2422
vn -0.2118 -0.9696 0.1223
vn -0.2422 0.8749 0.4194
vn -0.2422 -0.8749 0.4194
vn -0.1223 -0.9696 0.2118
vn -0.0000 0.9696 0.2447
vn -0.0000 -0.9696 0.2446
vn 0.2422 -0.8749 0.4194
vn 0.1223 -0.9696 0.2119
vn 0.4194 0.8749 0.2421
vn 0.2118 0.9696 0.1223
vn 0.4194 -0.8749 0.2422
vn 0.2118 -0.9696 0.1223
vn 0.4843 0.8749 -0.0000
vn 0.2446 0.9696 -0.0000
vn 0.4843 -0.8749 -0.0000
vn 0.2446 -0.9696 -0.0000
vn 0.4194 0.8749 -0.2422
vn 0.2118 0.9696 -0.1223
vn 0.2118 -0.9696 -0.1223
vn 0.2421 0.8749 -0.4195
vn 0.1223 -0.9696 -0.2119
vn -0.0000 0.9696 -0.2447
vn -0.0000 -0.8749 -0.4843
vn -0.0000 -0.9696 -0.2446
vn -0.8360 -0.2610 -0.4827
vn -0.4827 -0.2610 -0.8360
vn -0.9653 0.2611 -0.0000
vn -0.9653 -0.2611 -0.0000
vn -0.8360 -0.2611 0.4827
vn -0.4827 -0.2610 0.8360
vn -0.0000 -0.2610 0.9653
vn 0.4827 -0.2610 0.8360
vn 0.8360 0.2611 0.4826
vn 0.8360 -0.2610 0.4827
vn 0.9653 0.2611 -0.0000
vn 0.9653 -0.2611 -0.0000
vn 0.8360 -0.2611 -0.4827
vn 0.4827 -0.2610 -0.8360
vn -0.0000 -0.2610 -0.9653
vn -0.2119 0.9696 -0.1223
vn 0.4195 0.8748 0.2422
vn 0.2119 0.9696 0.1223
vn 0.4195 0.8748 -0.2422
vn 0.1223 0.9696 0.2118
vn 0.1223 0.9696 -0.2118
vn -0.8360 0.2611 0.4827
vn -0.8360 0.2611 -0.4827
vn 0.8360 0.2611 0.4827
vn 0.8360 0.2611 -0.4827
vn -0.9696 -0.1224 -0.2119
vn -0.8749 -0.4843 -0.0000
vn -0.9696 0.1224 0.2119
vn -0.8749 0.4843 -0.0000
vt 0.999512 0.298770
vt 0.999512 0.829852
vt 0.000488 0.829852
vt 0.000488 0.298770
vt 0.985862 0.230138
vt 0.987060 0.230095
vt 0.987058 0.295398
vt 0.985862 0.295367
vt 0.988273 0.229958
vt 0.988288 0.295550
vt 0.977730 0.956664
vt 0.976560 0.956505
vt 0.976560 0.889207
vt 0.977730 0.888889
vt 0.291665 0.297794
vt 0.197690 0.297794
vt 0.197690 0.197907
vt 0.291665 0.197907
vt 0.913244 0.956505
vt 0.912074 0.956664
vt 0.912074 0.888889
vt 0.913244 0.889207
vt 0.258562 0.083263
vt 0.258714 0.082033
vt 0.324017 0.082035
vt 0.324154 0.083248
vt 0.258745 0.080837
vt 0.323973 0.080837
vt 0.986873 0.229531
vt 0.987913 0.228899
vt 0.977730 0.957750
vt 0.976560 0.957750
vt 0.913244 0.957750
vt 0.912074 0.957750
vt 0.257485 0.082885
vt 0.258149 0.081854
vt 0.986455 0.229120
vt 0.987118 0.228090
vt 0.163162 0.976806
vt 0.164335 0.976659
vt 0.164335 0.977900
vt 0.163162 0.977900
vt 0.227819 0.976659
vt 0.227819 0.977900
vt 0.228993 0.976806
vt 0.228993 0.977900
vt 0.256689 0.082076
vt 0.257732 0.081443
vt 0.985891 0.228943
vt 0.986041 0.227712
vt 0.163162 0.975711
vt 0.164335 0.975418
vt 0.227819 0.975418
vt 0.228993 0.975711
vt 0.256327 0.081014
vt 0.257545 0.080878
vt 0.962566 0.230138
vt 0.962525 0.228939
vt 0.962389 0.227721
vt 0.163162 0.951305
vt 0.164335 0.951452
vt 0.227819 0.951452
vt 0.228993 0.951305
vt 0.256318 0.057362
vt 0.257550 0.057512
vt 0.258745 0.057541
vt 0.961959 0.229125
vt 0.961327 0.228083
vt 0.163162 0.950211
vt 0.164335 0.950211
vt 0.227819 0.950211
vt 0.228993 0.950211
vt 0.256696 0.056285
vt 0.257727 0.056947
vt 0.961548 0.229543
vt 0.960517 0.228879
vt 0.920690 0.164717
vt 0.921860 0.164558
vt 0.921860 0.165802
vt 0.920690 0.165802
vt 0.985175 0.164558
vt 0.985175 0.165802
vt 0.986346 0.164717
vt 0.986346 0.165802
vt 0.257505 0.055490
vt 0.258137 0.056530
vt 0.961370 0.230108
vt 0.960140 0.229956
vt 0.920690 0.163632
vt 0.921860 0.163313
vt 0.985175 0.163313
vt 0.986346 0.163632
vt 0.258564 0.055129
vt 0.258701 0.056342
vt 0.962566 0.295367
vt 0.961367 0.295410
vt 0.960154 0.295547
vt 0.920690 0.095856
vt 0.921860 0.096015
vt 0.700489 0.197907
vt 0.794464 0.197907
vt 0.794464 0.297794
vt 0.700489 0.297794
vt 0.985175 0.096015
vt 0.986346 0.095856
vt 0.324156 0.055115
vt 0.324004 0.056345
vt 0.323973 0.057541
vt 0.961555 0.295974
vt 0.960514 0.296607
vt 0.920690 0.094771
vt 0.921860 0.094771
vt 0.985175 0.094771
vt 0.986346 0.094771
vt 0.325233 0.055492
vt 0.324569 0.056523
vt 0.961972 0.296385
vt 0.961310 0.297416
vt 0.041075 0.297794
vt 0.040928 0.296620
vt 0.042169 0.296620
vt 0.042169 0.297794
vt 0.040928 0.233137
vt 0.042169 0.233137
vt 0.041075 0.231963
vt 0.042169 0.231963
vt 0.326029 0.056302
vt 0.324986 0.056934
vt 0.962537 0.296562
vt 0.962387 0.297794
vt 0.039981 0.297794
vt 0.039688 0.296620
vt 0.039688 0.233137
vt 0.039981 0.231963
vt 0.326391 0.057364
vt 0.325173 0.057500
vt 0.985903 0.296567
vt 0.986039 0.297785
vt 0.015575 0.297794
vt 0.015721 0.296620
vt 0.015721 0.233137
vt 0.015575 0.231963
vt 0.326400 0.081016
vt 0.325168 0.080866
vt 0.986468 0.296380
vt 0.987101 0.297423
vt 0.014481 0.297794
vt 0.014481 0.296620
vt 0.014481 0.233137
vt 0.014481 0.231963
vt 0.326022 0.082093
vt 0.324991 0.081430
vt 0.986880 0.295962
vt 0.987910 0.296626
vt 0.977730 0.887804
vt 0.976560 0.887963
vt 0.976560 0.886719
vt 0.977730 0.886719
vt 0.913244 0.887963
vt 0.913244 0.886719
vt 0.912074 0.887804
vt 0.912074 0.886719
vt 0.325213 0.082888
vt 0.324581 0.081848
vt 0.252923 0.081256
vt 0.252966 0.082455
vt 0.187664 0.082452
vt 0.187695 0.081256
vt 0.253104 0.083668
vt 0.187512 0.083682
vt 0.080008 0.928791
vt 0.078860 0.928471
vt 0.078860 0.859824
vt 0.080008 0.859504
vt 0.289511 0.932717
vt 0.197387 0.932717
vt 0.197387 0.830829
vt 0.289511 0.830829
vt 0.016792 0.928471
vt 0.015644 0.928791
vt 0.015644 0.859504
vt 0.016792 0.859824
vt 0.109127 0.898667
vt 0.107897 0.898515
vt 0.107900 0.833212
vt 0.109113 0.833075
vt 0.106701 0.898484
vt 0.106701 0.833255
vt 0.253531 0.082267
vt 0.254163 0.083308
vt 0.080008 0.929900
vt 0.078860 0.929740
vt 0.016792 0.929740
vt 0.015644 0.929900
vt 0.108750 0.899743
vt 0.107719 0.899080
vt 0.253941 0.081850
vt 0.254972 0.082512
vt 0.080008 0.931009
vt 0.078860 0.931009
vt 0.016792 0.931009
vt 0.015644 0.931009
vt 0.107940 0.900540
vt 0.107308 0.899497
vt 0.254118 0.081285
vt 0.255350 0.081435
vt 0.113764 0.168042
vt 0.112588 0.168057
vt 0.112588 0.166881
vt 0.113764 0.167023
vt 0.047165 0.168470
vt 0.047165 0.167293
vt 0.046005 0.168469
vt 0.046005 0.167450
vt 0.106878 0.900902
vt 0.106742 0.899684
vt 0.252923 0.057960
vt 0.254123 0.057919
vt 0.255341 0.057783
vt 0.113928 0.191407
vt 0.112751 0.191423
vt 0.047328 0.191835
vt 0.046168 0.191834
vt 0.083226 0.900911
vt 0.083376 0.899679
vt 0.083405 0.898484
vt 0.253936 0.057354
vt 0.254979 0.056721
vt 0.113942 0.192412
vt 0.112768 0.192582
vt 0.047345 0.192995
vt 0.046182 0.192838
vt 0.082149 0.900533
vt 0.082812 0.899502
vt 0.253519 0.056942
vt 0.254183 0.055911
vt 0.021764 0.164971
vt 0.022935 0.164812
vt 0.022935 0.166057
vt 0.021764 0.166057
vt 0.086250 0.164812
vt 0.086250 0.166057
vt 0.087420 0.164971
vt 0.087420 0.166057
vt 0.081354 0.899724
vt 0.082394 0.899092
vt 0.252954 0.056764
vt 0.253106 0.055534
vt 0.021764 0.163886
vt 0.022935 0.163568
vt 0.086250 0.163568
vt 0.087420 0.163886
vt 0.080994 0.898665
vt 0.082207 0.898527
vt 0.187695 0.057960
vt 0.187652 0.056762
vt 0.187514 0.055548
vt 0.021764 0.096111
vt 0.022935 0.096270
vt 0.705740 0.830829
vt 0.799715 0.830829
vt 0.799715 0.930716
vt 0.705740 0.930716
vt 0.086250 0.096270
vt 0.087420 0.096111
vt 0.080979 0.833073
vt 0.082210 0.833225
vt 0.083405 0.833255
vt 0.187087 0.056949
vt 0.186455 0.055908
vt 0.021764 0.095026
vt 0.022935 0.095026
vt 0.086250 0.095026
vt 0.087420 0.095026
vt 0.081357 0.831996
vt 0.082387 0.832660
vt 0.186677 0.057366
vt 0.185646 0.056704
vt 0.147219 0.942921
vt 0.147072 0.941747
vt 0.148313 0.941747
vt 0.148313 0.942921
vt 0.147072 0.878263
vt 0.148313 0.878263
vt 0.147219 0.877090
vt 0.148313 0.877090
vt 0.082166 0.831200
vt 0.082799 0.832243
vt 0.186500 0.057931
vt 0.185268 0.057781
vt 0.146125 0.942921
vt 0.145832 0.941747
vt 0.145832 0.878263
vt 0.146125 0.877090
vt 0.083228 0.830838
vt 0.083364 0.832056
vt 0.186495 0.081297
vt 0.185277 0.081433
vt 0.121719 0.942921
vt 0.121865 0.941747
vt 0.121865 0.878263
vt 0.121719 0.877090
vt 0.106880 0.830829
vt 0.106730 0.832060
vt 0.186682 0.081862
vt 0.185639 0.082495
vt 0.120625 0.942921
vt 0.120625 0.941747
vt 0.120625 0.878263
vt 0.120625 0.877090
vt 0.107958 0.831207
vt 0.107295 0.832237
vt 0.187099 0.082274
vt 0.186436 0.083304
vt 0.080008 0.858395
vt 0.078860 0.858555
vt 0.078860 0.857286
vt 0.080008 0.857286
vt 0.016792 0.858555
vt 0.016792 0.857286
vt 0.015644 0.858395
vt 0.015644 0.857286
vt 0.108753 0.832016
vt 0.107712 0.832648
vt 0.191555 0.937211
vt 0.191555 0.943223
vt 0.154145 0.943223
vt 0.154145 0.937211
vt 0.191555 0.931199
vt 0.154145 0.931199
vt 0.191555 0.925186
vt 0.154145 0.925186
vt 0.191555 0.919174
vt 0.154145 0.919174
vt 0.191555 0.913162
vt 0.154145 0.913162
vt 0.191555 0.907150
vt 0.154145 0.907150
vt 0.191555 0.901138
vt 0.154145 0.901138
vt 0.191555 0.895126
vt 0.154145 0.895126
vt 0.191555 0.889114
vt 0.154145 0.889114
vt 0.191555 0.883102
vt 0.154145 0.883102
vt 0.191555 0.877090
vt 0.154145 0.877090
vt 0.191555 0.949235
vt 0.154145 0.949235
vt 0.196410 0.937211
vt 0.196410 0.943223
vt 0.195825 0.943223
vt 0.195825 0.937211
vt 0.149290 0.943223
vt 0.149290 0.937211
vt 0.149875 0.937211
vt 0.149875 0.943223
vt 0.196410 0.931199
vt 0.195825 0.931199
vt 0.149290 0.931199
vt 0.149875 0.931199
vt 0.196410 0.925186
vt 0.195825 0.925186
vt 0.149290 0.925186
vt 0.149875 0.925186
vt 0.196410 0.919174
vt 0.195825 0.919174
vt 0.149290 0.919174
vt 0.149875 0.919174
vt 0.196410 0.913162
vt 0.195825 0.913162
vt 0.149290 0.913162
vt 0.149875 0.913162
vt 0.196410 0.907150
vt 0.195825 0.907150
vt 0.149290 0.907150
vt 0.149875 0.907150
vt 0.196410 0.901138
vt 0.195825 0.901138
vt 0.149290 0.901138
vt 0.149875 0.901138
vt 0.196410 0.895126
vt 0.195825 0.895126
vt 0.149290 0.895126
vt 0.149875 0.895126
vt 0.196410 0.889114
vt 0.195825 0.889114
vt 0.149290 0.889114
vt 0.149875 0.889114
vt 0.196410 0.883102
vt 0.195825 0.883102
vt 0.149290 0.883102
vt 0.149875 0.883102
vt 0.196410 0.877090
vt 0.195825 0.877090
vt 0.149290 0.877090
vt 0.149875 0.877090
vt 0.196410 0.949235
vt 0.195825 0.949235
vt 0.149290 0.949235
vt 0.149875 0.949235
vt 0.194414 0.943223
vt 0.194414 0.937211
vt 0.151286 0.937211
vt 0.151286 0.943223
vt 0.194414 0.931199
vt 0.151286 0.931199
vt 0.194414 0.925186
vt 0.151286 0.925186
vt 0.194414 0.919174
vt 0.151286 0.919174
vt 0.194414 0.913162
vt 0.151286 0.913162
vt 0.194414 0.907150
vt 0.151286 0.907150
vt 0.194414 0.901138
vt 0.151286 0.901138
vt 0.194414 0.895126
vt 0.151286 0.895126
vt 0.194414 0.889114
vt 0.151286 0.889114
vt 0.194414 0.883102
vt 0.151286 0.883102
vt 0.194414 0.877090
vt 0.151286 0.877090
vt 0.194414 0.949235
vt 0.151286 0.949235
vt 0.192924 0.943223
vt 0.192924 0.937211
vt 0.152776 0.937211
vt 0.152776 0.943223
vt 0.192924 0.931199
vt 0.152776 0.931199
vt 0.192924 0.925186
vt 0.152776 0.925186
vt 0.192924 0.919174
vt 0.152776 0.919174
vt 0.192924 0.913162
vt 0.152776 0.913162
vt 0.192924 0.907150
vt 0.152776 0.907150
vt 0.192924 0.901138
vt 0.152776 0.901138
vt 0.192924 0.895126
vt 0.152776 0.895126
vt 0.192924 0.889114
vt 0.152776 0.889114
vt 0.192924 0.883102
vt 0.152776 0.883102
vt 0.192924 0.877090
vt 0.152776 0.877090
vt 0.192924 0.949235
vt 0.152776 0.949235
vt 0.957608 0.899069
vt 0.962429 0.899069
vt 0.962429 0.950591
vt 0.957608 0.950591
vt 0.967250 0.899069
vt 0.967250 0.950591
vt 0.972071 0.899069
vt 0.972071 0.950591
vt 0.914221 0.899069
vt 0.919042 0.899069
vt 0.919042 0.950591
vt 0.914221 0.950591
vt 0.923863 0.899069
vt 0.923863 0.950591
vt 0.928683 0.899069
vt 0.928683 0.950591
vt 0.933504 0.899069
vt 0.933504 0.950591
vt 0.938325 0.899069
vt 0.938325 0.950591
vt 0.943146 0.899069
vt 0.943146 0.950591
vt 0.947967 0.899069
vt 0.947967 0.950591
vt 0.952788 0.899069
vt 0.952788 0.950591
vt 0.957608 0.894132
vt 0.962429 0.894132
vt 0.962429 0.894726
vt 0.957608 0.894726
vt 0.962429 0.955529
vt 0.957608 0.955529
vt 0.957608 0.954934
vt 0.962429 0.954934
vt 0.967250 0.894132
vt 0.967250 0.894726
vt 0.967250 0.955529
vt 0.967250 0.954934
vt 0.972071 0.894132
vt 0.972071 0.894726
vt 0.972071 0.955529
vt 0.972071 0.954934
vt 0.914221 0.894132
vt 0.919042 0.894132
vt 0.919042 0.894726
vt 0.914221 0.894726
vt 0.919042 0.955529
vt 0.914221 0.955529
vt 0.914221 0.954934
vt 0.919042 0.954934
vt 0.923863 0.894132
vt 0.923863 0.894726
vt 0.923863 0.955529
vt 0.923863 0.954934
vt 0.928683 0.894132
vt 0.928683 0.894726
vt 0.928683 0.955529
vt 0.928683 0.954934
vt 0.933504 0.894132
vt 0.933504 0.894726
vt 0.933504 0.955529
vt 0.933504 0.954934
vt 0.938325 0.894132
vt 0.938325 0.894726
vt 0.938325 0.955529
vt 0.938325 0.954934
vt 0.943146 0.894132
vt 0.943146 0.894726
vt 0.943146 0.955529
vt 0.943146 0.954934
vt 0.947967 0.894132
vt 0.947967 0.894726
vt 0.947967 0.955529
vt 0.947967 0.954934
vt 0.952788 0.894132
vt 0.952788 0.894726
vt 0.952788 0.955529
vt 0.952788 0.954934
vt 0.962429 0.896161
vt 0.957608 0.896161
vt 0.957608 0.953499
vt 0.962429 0.953499
vt 0.967250 0.896161
vt 0.967250 0.953499
vt 0.972071 0.896161
vt 0.972071 0.953499
vt 0.919042 0.896161
vt 0.914221 0.896161
vt 0.914221 0.953499
vt 0.919042 0.953499
vt 0.923863 0.896161
vt 0.923863 0.953499
vt 0.928683 0.896161
vt 0.928683 0.953499
vt 0.933504 0.896161
vt 0.933504 0.953499
vt 0.938325 0.896161
vt 0.938325 0.953499
vt 0.943146 0.896161
vt 0.943146 0.953499
vt 0.947967 0.896161
vt 0.947967 0.953499
vt 0.952788 0.896161
vt 0.952788 0.953499
vt 0.962429 0.897677
vt 0.957608 0.897677
vt 0.957608 0.951983
vt 0.962429 0.951983
vt 0.967250 0.897677
vt 0.967250 0.951983
vt 0.972071 0.897677
vt 0.972071 0.951983
vt 0.919042 0.897677
vt 0.914221 0.897677
vt 0.914221 0.951983
vt 0.919042 0.951983
vt 0.923863 0.897677
vt 0.923863 0.951983
vt 0.928683 0.897677
vt 0.928683 0.951983
vt 0.933504 0.897677
vt 0.933504 0.951983
vt 0.938325 0.897677
vt 0.938325 0.951983
vt 0.943146 0.897677
vt 0.943146 0.951983
vt 0.947967 0.897677
vt 0.947967 0.951983
vt 0.952788 0.897677
vt 0.952788 0.951983
vt 0.119774 0.157098
vt 0.157184 0.157098
vt 0.157184 0.163110
vt 0.119774 0.163110
vt 0.157184 0.169122
vt 0.119774 0.169122
vt 0.157184 0.175134
vt 0.119774 0.175134
vt 0.157184 0.181146
vt 0.119774 0.181146
vt 0.157184 0.187158
vt 0.119774 0.187158
vt 0.157184 0.193170
vt 0.119774 0.193170
vt 0.157184 0.199182
vt 0.119774 0.199182
vt 0.157184 0.205194
vt 0.119774 0.205194
vt 0.157184 0.211206
vt 0.119774 0.211206
vt 0.157184 0.217219
vt 0.119774 0.217219
vt 0.157184 0.223231
vt 0.119774 0.223231
vt 0.119774 0.151086
vt 0.157184 0.151086
vt 0.161454 0.157098
vt 0.162039 0.157098
vt 0.162039 0.163110
vt 0.161454 0.163110
vt 0.115503 0.163110
vt 0.114918 0.163110
vt 0.114918 0.157098
vt 0.115503 0.157098
vt 0.162039 0.169122
vt 0.161454 0.169122
vt 0.115503 0.169122
vt 0.114918 0.169122
vt 0.162039 0.175134
vt 0.161454 0.175134
vt 0.115503 0.175134
vt 0.114918 0.175134
vt 0.162039 0.181146
vt 0.161454 0.181146
vt 0.115503 0.181146
vt 0.114918 0.181146
vt 0.162039 0.187158
vt 0.161454 0.187158
vt 0.115503 0.187158
vt 0.114918 0.187158
vt 0.162039 0.193170
vt 0.161454 0.193170
vt 0.115503 0.193170
vt 0.114918 0.193170
vt 0.162039 0.199182
vt 0.161454 0.199182
vt 0.115503 0.199182
vt 0.114918 0.199182
vt 0.162039 0.205194
vt 0.161454 0.205194
vt 0.115503 0.205194
vt 0.114918 0.205194
vt 0.162039 0.211206
vt 0.161454 0.211206
vt 0.115503 0.211206
vt 0.114918 0.211206
vt 0.162039 0.217219
vt 0.161454 0.217219
vt 0.115503 0.217219
vt 0.114918 0.217219
vt 0.162039 0.223231
vt 0.161454 0.223231
vt 0.115503 0.223231
vt 0.114918 0.223231
vt 0.161454 0.151086
vt 0.162039 0.151086
vt 0.114918 0.151086
vt 0.115503 0.151086
vt 0.160043 0.163110
vt 0.160043 0.157098
vt 0.116914 0.157098
vt 0.116914 0.163110
vt 0.160043 0.169122
vt 0.116914 0.169122
vt 0.160043 0.175134
vt 0.116914 0.175134
vt 0.160043 0.181146
vt 0.116914 0.181146
vt 0.160043 0.187158
vt 0.116914 0.187158
vt 0.160043 0.193170
vt 0.116914 0.193170
vt 0.160043 0.199182
vt 0.116914 0.199182
vt 0.160043 0.205194
vt 0.116914 0.205194
vt 0.160043 0.211206
vt 0.116914 0.211206
vt 0.160043 0.217219
vt 0.116914 0.217219
vt 0.160043 0.223231
vt 0.116914 0.223231
vt 0.160043 0.151086
vt 0.116914 0.151086
vt 0.158553 0.163110
vt 0.158553 0.157098
vt 0.118405 0.157098
vt 0.118405 0.163110
vt 0.158553 0.169122
vt 0.118405 0.169122
vt 0.158553 0.175134
vt 0.118405 0.175134
vt 0.158553 0.181146
vt 0.118405 0.181146
vt 0.158553 0.187158
vt 0.118405 0.187158
vt 0.158553 0.193170
vt 0.118405 0.193170
vt 0.158553 0.199182
vt 0.118405 0.199182
vt 0.158553 0.205194
vt 0.118405 0.205194
vt 0.158553 0.211206
vt 0.118405 0.211206
vt 0.158553 0.217219
vt 0.118405 0.217219
vt 0.158553 0.223231
vt 0.118405 0.223231
vt 0.158553 0.151086
vt 0.118405 0.151086
vt 0.065976 0.871035
vt 0.065976 0.922557
vt 0.061156 0.922557
vt 0.061156 0.871035
vt 0.070797 0.871035
vt 0.070797 0.922557
vt 0.075618 0.871035
vt 0.075618 0.922557
vt 0.022589 0.871035
vt 0.022589 0.922557
vt 0.017768 0.922557
vt 0.017768 0.871035
vt 0.027410 0.871035
vt 0.027410 0.922557
vt 0.032231 0.871035
vt 0.032231 0.922557
vt 0.037051 0.871035
vt 0.037051 0.922557
vt 0.041872 0.871035
vt 0.041872 0.922557
vt 0.046693 0.871035
vt 0.046693 0.922557
vt 0.051514 0.871035
vt 0.051514 0.922557
vt 0.056335 0.871035
vt 0.056335 0.922557
vt 0.065976 0.926900
vt 0.065976 0.927494
vt 0.061156 0.927494
vt 0.061156 0.926900
vt 0.061156 0.866692
vt 0.061156 0.866097
vt 0.065976 0.866097
vt 0.065976 0.866692
vt 0.070797 0.926900
vt 0.070797 0.927494
vt 0.070797 0.866097
vt 0.070797 0.866692
vt 0.075618 0.926900
vt 0.075618 0.927494
vt 0.075618 0.866097
vt 0.075618 0.866692
vt 0.022589 0.926900
vt 0.022589 0.927494
vt 0.017768 0.927494
vt 0.017768 0.926900
vt 0.017768 0.866692
vt 0.017768 0.866097
vt 0.022589 0.866097
vt 0.022589 0.866692
vt 0.027410 0.926900
vt 0.027410 0.927494
vt 0.027410 0.866097
vt 0.027410 0.866692
vt 0.032231 0.926900
vt 0.032231 0.927494
vt 0.032231 0.866097
vt 0.032231 0.866692
vt 0.037051 0.926900
vt 0.037051 0.927494
vt 0.037051 0.866097
vt 0.037051 0.866692
vt 0.041872 0.926900
vt 0.041872 0.927494
vt 0.041872 0.866097
vt 0.041872 0.866692
vt 0.046693 0.926900
vt 0.046693 0.927494
vt 0.046693 0.866097
vt 0.046693 0.866692
vt 0.051514 0.926900
vt 0.051514 0.927494
vt 0.051514 0.866097
vt 0.051514 0.866692
vt 0.056335 0.926900
vt 0.056335 0.927494
vt 0.056335 0.866097
vt 0.056335 0.866692
vt 0.061156 0.925465
vt 0.065976 0.925465
vt 0.065976 0.868127
vt 0.061156 0.868127
vt 0.070797 0.925465
vt 0.070797 0.868127
vt 0.075618 0.925465
vt 0.075618 0.868127
vt 0.017768 0.925465
vt 0.022589 0.925465
vt 0.022589 0.868127
vt 0.017768 0.868127
vt 0.027410 0.925465
vt 0.027410 0.868127
vt 0.032231 0.925465
vt 0.032231 0.868127
vt 0.037051 0.925465
vt 0.037051 0.868127
vt 0.041872 0.925465
vt 0.041872 0.868127
vt 0.046693 0.925465
vt 0.046693 0.868127
vt 0.051514 0.925465
vt 0.051514 0.868127
vt 0.056335 0.925465
vt 0.056335 0.868127
vt 0.061156 0.923949
vt 0.065976 0.923949
vt 0.065976 0.869642
vt 0.061156 0.869642
vt 0.070797 0.923949
vt 0.070797 0.869642
vt 0.075618 0.923949
vt 0.075618 0.869642
vt 0.017768 0.923949
vt 0.022589 0.923949
vt 0.022589 0.869642
vt 0.017768 0.869642
vt 0.027410 0.923949
vt 0.027410 0.869642
vt 0.032231 0.923949
vt 0.032231 0.869642
vt 0.037051 0.923949
vt 0.037051 0.869642
vt 0.041872 0.923949
vt 0.041872 0.869642
vt 0.046693 0.923949
vt 0.046693 0.869642
vt 0.051514 0.923949
vt 0.051514 0.869642
vt 0.056335 0.923949
vt 0.056335 0.869642
vt 0.842957 0.943358
vt 0.842957 0.949370
vt 0.805546 0.949370
vt 0.805546 0.943358
vt 0.842957 0.937346
vt 0.805546 0.937346
vt 0.842957 0.931333
vt 0.805546 0.931333
vt 0.842957 0.925321
vt 0.805546 0.925321
vt 0.842957 0.919309
vt 0.805546 0.919309
vt 0.842957 0.913297
vt 0.805546 0.913297
vt 0.842957 0.907285
vt 0.805546 0.907285
vt 0.842957 0.901273
vt 0.805546 0.901273
vt 0.842957 0.895261
vt 0.805546 0.895261
vt 0.842957 0.889249
vt 0.805546 0.889249
vt 0.842957 0.883237
vt 0.805546 0.883237
vt 0.842957 0.955382
vt 0.805546 0.955382
vt 0.847812 0.943358
vt 0.847812 0.949370
vt 0.847227 0.949370
vt 0.847227 0.943358
vt 0.800691 0.949370
vt 0.800691 0.943358
vt 0.801276 0.943358
vt 0.801276 0.949370
vt 0.847812 0.937346
vt 0.847227 0.937346
vt 0.800691 0.937346
vt 0.801276 0.937346
vt 0.847812 0.931333
vt 0.847227 0.931333
vt 0.800691 0.931333
vt 0.801276 0.931333
vt 0.847812 0.925321
vt 0.847227 0.925321
vt 0.800691 0.925321
vt 0.801276 0.925321
vt 0.847812 0.919309
vt 0.847227 0.919309
vt 0.800691 0.919309
vt 0.801276 0.919309
vt 0.847812 0.913297
vt 0.847227 0.913297
vt 0.800691 0.913297
vt 0.801276 0.913297
vt 0.847812 0.907285
vt 0.847227 0.907285
vt 0.800691 0.907285
vt 0.801276 0.907285
vt 0.847812 0.901273
vt 0.847227 0.901273
vt 0.800691 0.901273
vt 0.801276 0.901273
vt 0.847812 0.895261
vt 0.847227 0.895261
vt 0.800691 0.895261
vt 0.801276 0.895261
vt 0.847812 0.889249
vt 0.847227 0.889249
vt 0.800691 0.889249
vt 0.801276 0.889249
vt 0.847812 0.883237
vt 0.847227 0.883237
vt 0.800691 0.883237
vt 0.801276 0.883237
vt 0.847812 0.955382
vt 0.847227 0.955382
vt 0.800691 0.955382
vt 0.801276 0.955382
vt 0.845816 0.949370
vt 0.845816 0.943358
vt 0.802687 0.943358
vt 0.802687 0.949370
vt 0.845816 0.937346
vt 0.802687 0.937346
vt 0.845816 0.931333
vt 0.802687 0.931333
vt 0.845816 0.925321
vt 0.802687 0.925321
vt 0.845816 0.919309
vt 0.802687 0.919309
vt 0.845816 0.913297
vt 0.802687 0.913297
vt 0.845816 0.907285
vt 0.802687 0.907285
vt 0.845816 0.901273
vt 0.802687 0.901273
vt 0.845816 0.895261
vt 0.802687 0.895261
vt 0.845816 0.889249
vt 0.802687 0.889249
vt 0.845816 0.883237
vt 0.802687 0.883237
vt 0.845816 0.955382
vt 0.802687 0.955382
vt 0.844325 0.949370
vt 0.844325 0.943358
vt 0.804177 0.943358
vt 0.804177 0.949370
vt 0.844325 0.937346
vt 0.804177 0.937346
vt 0.844325 0.931333
vt 0.804177 0.931333
vt 0.844325 0.925321
vt 0.804177 0.925321
vt 0.844325 0.919309
vt 0.804177 0.919309
vt 0.844325 0.913297
vt 0.804177 0.913297
vt 0.844325 0.907285
vt 0.804177 0.907285
vt 0.844325 0.901273
vt 0.804177 0.901273
vt 0.844325 0.895261
vt 0.804177 0.895261
vt 0.844325 0.889249
vt 0.804177 0.889249
vt 0.844325 0.883237
vt 0.804177 0.883237
vt 0.844325 0.955382
vt 0.804177 0.955382
vt 0.067299 0.157655
vt 0.062478 0.157655
vt 0.062478 0.106132
vt 0.067299 0.106132
vt 0.057657 0.157655
vt 0.057657 0.106132
vt 0.052836 0.157655
vt 0.052836 0.106132
vt 0.048015 0.157655
vt 0.048015 0.106132
vt 0.043195 0.157655
vt 0.043195 0.106132
vt 0.038374 0.157655
vt 0.038374 0.106132
vt 0.033553 0.157655
vt 0.033553 0.106132
vt 0.028732 0.157655
vt 0.028732 0.106132
vt 0.023911 0.157655
vt 0.023911 0.106132
vt 0.081761 0.157655
vt 0.076940 0.157655
vt 0.076940 0.106132
vt 0.081761 0.106132
vt 0.072119 0.157655
vt 0.072119 0.106132
vt 0.067299 0.162592
vt 0.062478 0.162592
vt 0.062478 0.161997
vt 0.067299 0.161997
vt 0.062478 0.101195
vt 0.067299 0.101195
vt 0.067299 0.101789
vt 0.062478 0.101789
vt 0.057657 0.162592
vt 0.057657 0.161997
vt 0.057657 0.101195
vt 0.057657 0.101789
vt 0.052836 0.162592
vt 0.052836 0.161997
vt 0.052836 0.101195
vt 0.052836 0.101789
vt 0.048015 0.162592
vt 0.048015 0.161997
vt 0.048015 0.101195
vt 0.048015 0.101789
vt 0.043195 0.162592
vt 0.043195 0.161997
vt 0.043195 0.101195
vt 0.043195 0.101789
vt 0.038374 0.162592
vt 0.038374 0.161997
vt 0.038374 0.101195
vt 0.038374 0.101789
vt 0.033553 0.162592
vt 0.033553 0.161997
vt 0.033553 0.101195
vt 0.033553 0.101789
vt 0.028732 0.162592
vt 0.028732 0.161997
vt 0.028732 0.101195
vt 0.028732 0.101789
vt 0.023911 0.162592
vt 0.023911 0.161997
vt 0.023911 0.101195
vt 0.023911 0.101789
vt 0.081761 0.162592
vt 0.076940 0.162592
vt 0.076940 0.161997
vt 0.081761 0.161997
vt 0.076940 0.101195
vt 0.081761 0.101195
vt 0.081761 0.101789
vt 0.076940 0.101789
vt 0.072119 0.162592
vt 0.072119 0.161997
vt 0.072119 0.101195
vt 0.072119 0.101789
vt 0.062478 0.160562
vt 0.067299 0.160562
vt 0.067299 0.103224
vt 0.062478 0.103224
vt 0.057657 0.160562
vt 0.057657 0.103224
vt 0.052836 0.160562
vt 0.052836 0.103224
vt 0.048015 0.160562
vt 0.048015 0.103224
vt 0.043195 0.160562
vt 0.043195 0.103224
vt 0.038374 0.160562
vt 0.038374 0.103224
vt 0.033553 0.160562
vt 0.033553 0.103224
vt 0.028732 0.160562
vt 0.028732 0.103224
vt 0.023911 0.160562
vt 0.023911 0.103224
vt 0.076940 0.160562
vt 0.081761 0.160562
vt 0.081761 0.103224
vt 0.076940 0.103224
vt 0.072119 0.160562
vt 0.072119 0.103224
vt 0.062478 0.159047
vt 0.067299 0.159047
vt 0.067299 0.104740
vt 0.062478 0.104740
vt 0.057657 0.159047
vt 0.057657 0.104740
vt 0.052836 0.159047
vt 0.052836 0.104740
vt 0.048015 0.159047
vt 0.048015 0.104740
vt 0.043195 0.159047
vt 0.043195 0.104740
vt 0.038374 0.159047
vt 0.038374 0.104740
vt 0.033553 0.159047
vt 0.033553 0.104740
vt 0.028732 0.159047
vt 0.028732 0.104740
vt 0.023911 0.159047
vt 0.023911 0.104740
vt 0.076940 0.159047
vt 0.081761 0.159047
vt 0.081761 0.104740
vt 0.076940 0.104740
vt 0.072119 0.159047
vt 0.072119 0.104740
vt 0.296102 0.938549
vt 0.296102 0.975959
vt 0.290090 0.975959
vt 0.290090 0.938549
vt 0.284078 0.975959
vt 0.284078 0.938549
vt 0.278066 0.975959
vt 0.278066 0.938549
vt 0.272054 0.975959
vt 0.272054 0.938549
vt 0.266042 0.975959
vt 0.266042 0.938549
vt 0.260030 0.975959
vt 0.260030 0.938549
vt 0.254018 0.975959
vt 0.254018 0.938549
vt 0.248005 0.975959
vt 0.248005 0.938549
vt 0.241993 0.975959
vt 0.241993 0.938549
vt 0.235981 0.975959
vt 0.235981 0.938549
vt 0.229969 0.975959
vt 0.229969 0.938549
vt 0.302114 0.938549
vt 0.302114 0.975959
vt 0.296102 0.980229
vt 0.296102 0.980814
vt 0.290090 0.980814
vt 0.290090 0.980229
vt 0.290090 0.934279
vt 0.290090 0.933694
vt 0.296102 0.933694
vt 0.296102 0.934279
vt 0.284078 0.980814
vt 0.284078 0.980229
vt 0.284078 0.934279
vt 0.284078 0.933694
vt 0.278066 0.980814
vt 0.278066 0.980229
vt 0.278066 0.934279
vt 0.278066 0.933694
vt 0.272054 0.980814
vt 0.272054 0.980229
vt 0.272054 0.934279
vt 0.272054 0.933694
vt 0.266042 0.980814
vt 0.266042 0.980229
vt 0.266042 0.934279
vt 0.266042 0.933694
vt 0.260030 0.980814
vt 0.260030 0.980229
vt 0.260030 0.934279
vt 0.260030 0.933694
vt 0.254018 0.980814
vt 0.254018 0.980229
vt 0.254018 0.934279
vt 0.254018 0.933694
vt 0.248005 0.980814
vt 0.248005 0.980229
vt 0.248005 0.934279
vt 0.248005 0.933694
vt 0.241993 0.980814
vt 0.241993 0.980229
vt 0.241993 0.934279
vt 0.241993 0.933694
vt 0.235981 0.980814
vt 0.235981 0.980229
vt 0.235981 0.934279
vt 0.235981 0.933694
vt 0.229969 0.980814
vt 0.229969 0.980229
vt 0.229969 0.934279
vt 0.229969 0.933694
vt 0.302114 0.980229
vt 0.302114 0.980814
vt 0.302114 0.933694
vt 0.302114 0.934279
vt 0.290090 0.978818
vt 0.296102 0.978818
vt 0.296102 0.935690
vt 0.290090 0.935690
vt 0.284078 0.978818
vt 0.284078 0.935690
vt 0.278066 0.978818
vt 0.278066 0.935690
vt 0.272054 0.978818
vt 0.272054 0.935690
vt 0.266042 0.978818
vt 0.266042 0.935690
vt 0.260030 0.978818
vt 0.260030 0.935690
vt 0.254018 0.978818
vt 0.254018 0.935690
vt 0.248005 0.978818
vt 0.248005 0.935690
vt 0.241993 0.978818
vt 0.241993 0.935690
vt 0.235981 0.978818
vt 0.235981 0.935690
vt 0.229969 0.978818
vt 0.229969 0.935690
vt 0.302114 0.978818
vt 0.302114 0.935690
vt 0.290090 0.977328
vt 0.296102 0.977328
vt 0.296102 0.937180
vt 0.290090 0.937180
vt 0.284078 0.977328
vt 0.284078 0.937180
vt 0.278066 0.977328
vt 0.278066 0.937180
vt 0.272054 0.977328
vt 0.272054 0.937180
vt 0.266042 0.977328
vt 0.266042 0.937180
vt 0.260030 0.977328
vt 0.260030 0.937180
vt 0.254018 0.977328
vt 0.254018 0.937180
vt 0.248005 0.977328
vt 0.248005 0.937180
vt 0.241993 0.977328
vt 0.241993 0.937180
vt 0.235981 0.977328
vt 0.235981 0.937180
vt 0.229969 0.977328
vt 0.229969 0.937180
vt 0.302114 0.977328
vt 0.302114 0.937180
vt 0.971045 0.105877
vt 0.971045 0.157400
vt 0.966224 0.157400
vt 0.966224 0.105877
vt 0.975866 0.105877
vt 0.975866 0.157400
vt 0.980687 0.105877
vt 0.980687 0.157400
vt 0.927658 0.105877
vt 0.927658 0.157400
vt 0.922837 0.157400
vt 0.922837 0.105877
vt 0.932478 0.105877
vt 0.932478 0.157400
vt 0.937299 0.105877
vt 0.937299 0.157400
vt 0.942120 0.105877
vt 0.942120 0.157400
vt 0.946941 0.105877
vt 0.946941 0.157400
vt 0.951762 0.105877
vt 0.951762 0.157400
vt 0.956583 0.105877
vt 0.956583 0.157400
vt 0.961403 0.105877
vt 0.961403 0.157400
vt 0.971045 0.161742
vt 0.971045 0.162337
vt 0.966224 0.162337
vt 0.966224 0.161742
vt 0.966224 0.101535
vt 0.966224 0.100940
vt 0.971045 0.100940
vt 0.971045 0.101535
vt 0.975866 0.161742
vt 0.975866 0.162337
vt 0.975866 0.100940
vt 0.975866 0.101535
vt 0.980687 0.161742
vt 0.980687 0.162337
vt 0.980687 0.100940
vt 0.980687 0.101535
vt 0.927658 0.161742
vt 0.927658 0.162337
vt 0.922837 0.162337
vt 0.922837 0.161742
vt 0.922837 0.101535
vt 0.922837 0.100940
vt 0.927658 0.100940
vt 0.927658 0.101535
vt 0.932478 0.161742
vt 0.932478 0.162337
vt 0.932478 0.100940
vt 0.932478 0.101535
vt 0.937299 0.161742
vt 0.937299 0.162337
vt 0.937299 0.100940
vt 0.937299 0.101535
vt 0.942120 0.161742
vt 0.942120 0.162337
vt 0.942120 0.100940
vt 0.942120 0.101535
vt 0.946941 0.161742
vt 0.946941 0.162337
vt 0.946941 0.100940
vt 0.946941 0.101535
vt 0.951762 0.161742
vt 0.951762 0.162337
vt 0.951762 0.100940
vt 0.951762 0.101535
vt 0.956583 0.161742
vt 0.956583 0.162337
vt 0.956583 0.100940
vt 0.956583 0.101535
vt 0.961403 0.161742
vt 0.961403 0.162337
vt 0.961403 0.100940
vt 0.961403 0.101535
vt 0.966224 0.160307
vt 0.971045 0.160307
vt 0.971045 0.102969
vt 0.966224 0.102969
vt 0.975866 0.160307
vt 0.975866 0.102969
vt 0.980687 0.160307
vt 0.980687 0.102969
vt 0.922837 0.160307
vt 0.927658 0.160307
vt 0.927658 0.102969
vt 0.922837 0.102969
vt 0.932478 0.160307
vt 0.932478 0.102969
vt 0.937299 0.160307
vt 0.937299 0.102969
vt 0.942120 0.160307
vt 0.942120 0.102969
vt 0.946941 0.160307
vt 0.946941 0.102969
vt 0.951762 0.160307
vt 0.951762 0.102969
vt 0.956583 0.160307
vt 0.956583 0.102969
vt 0.961403 0.160307
vt 0.961403 0.102969
vt 0.966224 0.158792
vt 0.971045 0.158792
vt 0.971045 0.104485
vt 0.966224 0.104485
vt 0.975866 0.158792
vt 0.975866 0.104485
vt 0.980687 0.158792
vt 0.980687 0.104485
vt 0.922837 0.158792
vt 0.927658 0.158792
vt 0.927658 0.104485
vt 0.922837 0.104485
vt 0.932478 0.158792
vt 0.932478 0.104485
vt 0.937299 0.158792
vt 0.937299 0.104485
vt 0.942120 0.158792
vt 0.942120 0.104485
vt 0.946941 0.158792
vt 0.946941 0.104485
vt 0.951762 0.158792
vt 0.951762 0.104485
vt 0.956583 0.158792
vt 0.956583 0.104485
vt 0.961403 0.158792
vt 0.961403 0.104485
vt 0.224618 0.143571
vt 0.204432 0.143571
vt 0.204432 0.138236
vt 0.224618 0.138236
vt 0.290488 0.830829
vt 0.702114 0.830829
vt 0.702114 0.835447
vt 0.290488 0.835447
vt 0.224618 0.148907
vt 0.204432 0.148907
vt 0.224618 0.154243
vt 0.204432 0.154243
vt 0.290488 0.881636
vt 0.702114 0.881636
vt 0.702114 0.886255
vt 0.290488 0.886255
vt 0.224618 0.159579
vt 0.204432 0.159579
vt 0.224618 0.164915
vt 0.204432 0.164915
vt 0.290488 0.877017
vt 0.702114 0.877017
vt 0.224618 0.170251
vt 0.204432 0.170251
vt 0.224618 0.175587
vt 0.204432 0.175587
vt 0.290488 0.872398
vt 0.702114 0.872398
vt 0.224618 0.180923
vt 0.204432 0.180923
vt 0.224618 0.186258
vt 0.204432 0.186258
vt 0.290488 0.867780
vt 0.702114 0.867780
vt 0.224618 0.191594
vt 0.204432 0.191594
vt 0.224618 0.196930
vt 0.204432 0.196930
vt 0.290488 0.863161
vt 0.702114 0.863161
vt 0.204432 0.132900
vt 0.224618 0.132900
vt 0.121812 0.086162
vt 0.143804 0.086162
vt 0.143804 0.091976
vt 0.121812 0.091976
vt 0.290488 0.858542
vt 0.702114 0.858542
vt 0.143804 0.097789
vt 0.121812 0.097789
vt 0.143804 0.103602
vt 0.121812 0.103602
vt 0.290488 0.853923
vt 0.702114 0.853923
vt 0.143804 0.109416
vt 0.121812 0.109416
vt 0.143804 0.115229
vt 0.121812 0.115229
vt 0.290488 0.849304
vt 0.702114 0.849304
vt 0.143804 0.121042
vt 0.121812 0.121042
vt 0.143804 0.126856
vt 0.121812 0.126856
vt 0.290488 0.844685
vt 0.702114 0.844685
vt 0.143804 0.132669
vt 0.121812 0.132669
vt 0.143804 0.138482
vt 0.121812 0.138482
vt 0.290488 0.840066
vt 0.702114 0.840066
vt 0.143804 0.144296
vt 0.121812 0.144296
vt 0.143804 0.150109
vt 0.121812 0.150109
vt 0.121812 0.080349
vt 0.143804 0.080349
vt 0.194074 0.175587
vt 0.202643 0.175587
vt 0.202643 0.180923
vt 0.194074 0.180923
vt 0.194074 0.170251
vt 0.202643 0.170251
vt 0.194074 0.164915
vt 0.202643 0.164915
vt 0.194074 0.159579
vt 0.202643 0.159579
vt 0.194074 0.154243
vt 0.202643 0.154243
vt 0.194074 0.148907
vt 0.202643 0.148907
vt 0.194074 0.143571
vt 0.202643 0.143571
vt 0.194074 0.138236
vt 0.202643 0.138236
vt 0.194074 0.132900
vt 0.202643 0.132900
vt 0.194074 0.191594
vt 0.202643 0.191594
vt 0.202643 0.196930
vt 0.194074 0.196930
vt 0.194074 0.186258
vt 0.202643 0.186258
vt 0.163015 0.175587
vt 0.163015 0.180923
vt 0.163015 0.186258
vt 0.163015 0.191594
vt 0.163015 0.196930
vt 0.163015 0.132900
vt 0.163015 0.138236
vt 0.163015 0.143571
vt 0.163015 0.148907
vt 0.163015 0.154243
vt 0.163015 0.159579
vt 0.163015 0.164915
vt 0.163015 0.170251
vt 0.145753 0.080349
vt 0.145753 0.086162
vt 0.145753 0.144296
vt 0.145753 0.150109
vt 0.145753 0.138482
vt 0.145753 0.132669
vt 0.145753 0.126856
vt 0.145753 0.121042
vt 0.145753 0.115229
vt 0.145753 0.109416
vt 0.145753 0.103602
vt 0.145753 0.097789
vt 0.145753 0.091976
vt 0.304342 0.174033
vt 0.687923 0.174033
vt 0.687923 0.178561
vt 0.304342 0.178561
vt 0.304342 0.169505
vt 0.687923 0.169505
vt 0.304342 0.164978
vt 0.687923 0.164978
vt 0.304342 0.160450
vt 0.687923 0.160450
vt 0.304342 0.155922
vt 0.687923 0.155922
vt 0.304342 0.151394
vt 0.687923 0.151394
vt 0.304342 0.146866
vt 0.687923 0.146866
vt 0.304342 0.142338
vt 0.687923 0.142338
vt 0.304342 0.137810
vt 0.687923 0.137810
vt 0.304342 0.133282
vt 0.687923 0.133282
vt 0.304342 0.128754
vt 0.687923 0.128754
vt 0.687923 0.183089
vt 0.304342 0.183089
vt 0.706255 0.155198
vt 0.769348 0.155198
vt 0.769348 0.161011
vt 0.706255 0.161011
vt 0.706255 0.091251
vt 0.769348 0.091251
vt 0.769348 0.097064
vt 0.706255 0.097064
vt 0.769348 0.102878
vt 0.706255 0.102878
vt 0.769348 0.108691
vt 0.706255 0.108691
vt 0.769348 0.114504
vt 0.706255 0.114504
vt 0.769348 0.120317
vt 0.706255 0.120317
vt 0.769348 0.126131
vt 0.706255 0.126131
vt 0.769348 0.131944
vt 0.706255 0.131944
vt 0.769348 0.137758
vt 0.706255 0.137758
vt 0.769348 0.143571
vt 0.706255 0.143571
vt 0.769348 0.149384
vt 0.706255 0.149384
vt 0.770698 0.155198
vt 0.771260 0.155198
vt 0.771260 0.161011
vt 0.770698 0.161011
vt 0.704905 0.161011
vt 0.704342 0.161011
vt 0.704342 0.155198
vt 0.704905 0.155198
vt 0.770698 0.091251
vt 0.771260 0.091251
vt 0.771260 0.097064
vt 0.770698 0.097064
vt 0.704905 0.097064
vt 0.704342 0.097064
vt 0.704342 0.091251
vt 0.704905 0.091251
vt 0.771260 0.102878
vt 0.770698 0.102878
vt 0.704905 0.102878
vt 0.704342 0.102878
vt 0.771260 0.108691
vt 0.770698 0.108691
vt 0.704905 0.108691
vt 0.704342 0.108691
vt 0.771260 0.114504
vt 0.770698 0.114504
vt 0.704905 0.114504
vt 0.704342 0.114504
vt 0.771260 0.120317
vt 0.770698 0.120317
vt 0.704905 0.120317
vt 0.704342 0.120317
vt 0.771260 0.126131
vt 0.770698 0.126131
vt 0.704905 0.126131
vt 0.704342 0.126131
vt 0.771260 0.131944
vt 0.770698 0.131944
vt 0.704905 0.131944
vt 0.704342 0.131944
vt 0.771260 0.137758
vt 0.770698 0.137758
vt 0.704905 0.137758
vt 0.704342 0.137758
vt 0.771260 0.143571
vt 0.770698 0.143571
vt 0.704905 0.143571
vt 0.704342 0.143571
vt 0.771260 0.149384
vt 0.770698 0.149384
vt 0.704905 0.149384
vt 0.704342 0.149384
vt 0.770252 0.161011
vt 0.770252 0.155198
vt 0.705351 0.155198
vt 0.705351 0.161011
vt 0.770252 0.097064
vt 0.770252 0.091251
vt 0.705351 0.091251
vt 0.705351 0.097064
vt 0.770252 0.102878
vt 0.705351 0.102878
vt 0.770252 0.108691
vt 0.705351 0.108691
vt 0.770252 0.114504
vt 0.705351 0.114504
vt 0.770252 0.120317
vt 0.705351 0.120317
vt 0.770252 0.126131
vt 0.705351 0.126131
vt 0.770252 0.131944
vt 0.705351 0.131944
vt 0.770252 0.137758
vt 0.705351 0.137758
vt 0.770252 0.143571
vt 0.705351 0.143571
vt 0.770252 0.149384
vt 0.705351 0.149384
vt 0.769780 0.161011
vt 0.769780 0.155198
vt 0.705822 0.155198
vt 0.705822 0.161011
vt 0.769780 0.097064
vt 0.769780 0.091251
vt 0.705822 0.091251
vt 0.705822 0.097064
vt 0.769780 0.102878
vt 0.705822 0.102878
vt 0.769780 0.108691
vt 0.705822 0.108691
vt 0.769780 0.114504
vt 0.705822 0.114504
vt 0.769780 0.120317
vt 0.705822 0.120317
vt 0.769780 0.126131
vt 0.705822 0.126131
vt 0.769780 0.131944
vt 0.705822 0.131944
vt 0.769780 0.137758
vt 0.705822 0.137758
vt 0.769780 0.143571
vt 0.705822 0.143571
vt 0.769780 0.149384
vt 0.705822 0.149384
vt 0.225595 0.154426
vt 0.241128 0.154426
vt 0.241128 0.160498
vt 0.225595 0.160498
vt 0.179098 0.267133
vt 0.170920 0.267133
vt 0.170920 0.261001
vt 0.179098 0.261001
vt 0.225595 0.148354
vt 0.241128 0.148354
vt 0.225595 0.142282
vt 0.241128 0.142282
vt 0.179098 0.273265
vt 0.170920 0.273265
vt 0.225595 0.136209
vt 0.241128 0.136209
vt 0.225595 0.130137
vt 0.241128 0.130137
vt 0.179098 0.279397
vt 0.170920 0.279397
vt 0.225595 0.124065
vt 0.241128 0.124065
vt 0.225595 0.190858
vt 0.241128 0.190858
vt 0.241128 0.196930
vt 0.225595 0.196930
vt 0.179098 0.285529
vt 0.170920 0.285529
vt 0.225595 0.184786
vt 0.241128 0.184786
vt 0.225595 0.178714
vt 0.241128 0.178714
vt 0.179098 0.291662
vt 0.170920 0.291662
vt 0.225595 0.172642
vt 0.241128 0.172642
vt 0.225595 0.166570
vt 0.241128 0.166570
vt 0.179098 0.297794
vt 0.170920 0.297794
vt 0.196713 0.261001
vt 0.181026 0.261001
vt 0.181026 0.254868
vt 0.196713 0.254868
vt 0.179098 0.230340
vt 0.170920 0.230340
vt 0.170920 0.224207
vt 0.179098 0.224207
vt 0.181026 0.248736
vt 0.196713 0.248736
vt 0.181026 0.242604
vt 0.196713 0.242604
vt 0.179098 0.236472
vt 0.170920 0.236472
vt 0.181026 0.236472
vt 0.196713 0.236472
vt 0.181026 0.230340
vt 0.196713 0.230340
vt 0.179098 0.242604
vt 0.170920 0.242604
vt 0.181026 0.224207
vt 0.196713 0.224207
vt 0.196713 0.297794
vt 0.181026 0.297794
vt 0.181026 0.291662
vt 0.196713 0.291662
vt 0.179098 0.248736
vt 0.170920 0.248736
vt 0.181026 0.285529
vt 0.196713 0.285529
vt 0.181026 0.279397
vt 0.196713 0.279397
vt 0.179098 0.254868
vt 0.170920 0.254868
vt 0.181026 0.273265
vt 0.196713 0.273265
vt 0.181026 0.267133
vt 0.196713 0.267133
vt 0.681665 0.198539
vt 0.308899 0.198539
vt 0.308899 0.193715
vt 0.681665 0.193715
vt 0.681665 0.203364
vt 0.308899 0.203364
vt 0.681665 0.208188
vt 0.308899 0.208188
vt 0.681665 0.213013
vt 0.308899 0.213013
vt 0.681665 0.217837
vt 0.308899 0.217837
vt 0.681665 0.222662
vt 0.308899 0.222662
vt 0.681665 0.227486
vt 0.308899 0.227486
vt 0.681665 0.232311
vt 0.308899 0.232311
vt 0.681665 0.237135
vt 0.308899 0.237135
vt 0.681665 0.241960
vt 0.308899 0.241960
vt 0.681665 0.188890
vt 0.308899 0.188890
vt 0.308899 0.184066
vt 0.681665 0.184066
vt 0.819381 0.148867
vt 0.774630 0.148867
vt 0.774630 0.142795
vt 0.819381 0.142795
vt 0.774630 0.136723
vt 0.819381 0.136723
vt 0.774630 0.130651
vt 0.819381 0.130651
vt 0.774630 0.124578
vt 0.819381 0.124578
vt 0.774630 0.118506
vt 0.819381 0.118506
vt 0.774630 0.112434
vt 0.819381 0.112434
vt 0.774630 0.106362
vt 0.819381 0.106362
vt 0.774630 0.100290
vt 0.819381 0.100290
vt 0.774630 0.094218
vt 0.819381 0.094218
vt 0.774630 0.088146
vt 0.819381 0.088146
vt 0.819381 0.161011
vt 0.774630 0.161011
vt 0.774630 0.154939
vt 0.819381 0.154939
vt 0.773398 0.148867
vt 0.772237 0.148867
vt 0.772237 0.142795
vt 0.773398 0.142795
vt 0.820613 0.142795
vt 0.821774 0.142795
vt 0.821774 0.148867
vt 0.820613 0.148867
vt 0.772237 0.136723
vt 0.773398 0.136723
vt 0.820613 0.136723
vt 0.821774 0.136723
vt 0.772237 0.130651
vt 0.773398 0.130651
vt 0.820613 0.130651
vt 0.821774 0.130651
vt 0.772237 0.124578
vt 0.773398 0.124578
vt 0.820613 0.124578
vt 0.821774 0.124578
vt 0.772237 0.118506
vt 0.773398 0.118506
vt 0.820613 0.118506
vt 0.821774 0.118506
vt 0.772237 0.112434
vt 0.773398 0.112434
vt 0.820613 0.112434
vt 0.821774 0.112434
vt 0.772237 0.106362
vt 0.773398 0.106362
vt 0.820613 0.106362
vt 0.821774 0.106362
vt 0.772237 0.100290
vt 0.773398 0.100290
vt 0.820613 0.100290
vt 0.821774 0.100290
vt 0.772237 0.094218
vt 0.773398 0.094218
vt 0.820613 0.094218
vt 0.821774 0.094218
vt 0.772237 0.088146
vt 0.773398 0.088146
vt 0.820613 0.088146
vt 0.821774 0.088146
vt 0.773398 0.161011
vt 0.772237 0.161011
vt 0.772237 0.154939
vt 0.773398 0.154939
vt 0.820613 0.154939
vt 0.821774 0.154939
vt 0.821774 0.161011
vt 0.820613 0.161011
vt 0.773805 0.142795
vt 0.773805 0.148867
vt 0.820206 0.148867
vt 0.820206 0.142795
vt 0.773805 0.136723
vt 0.820206 0.136723
vt 0.773805 0.130651
vt 0.820206 0.130651
vt 0.773805 0.124578
vt 0.820206 0.124578
vt 0.773805 0.118506
vt 0.820206 0.118506
vt 0.773805 0.112434
vt 0.820206 0.112434
vt 0.773805 0.106362
vt 0.820206 0.106362
vt 0.773805 0.100290
vt 0.820206 0.100290
vt 0.773805 0.094218
vt 0.820206 0.094218
vt 0.773805 0.088146
vt 0.820206 0.088146
vt 0.773805 0.154939
vt 0.773805 0.161011
vt 0.820206 0.161011
vt 0.820206 0.154939
vt 0.774235 0.142795
vt 0.774235 0.148867
vt 0.819776 0.148867
vt 0.819776 0.142795
vt 0.774235 0.136723
vt 0.819776 0.136723
vt 0.774235 0.130651
vt 0.819776 0.130651
vt 0.774235 0.124578
vt 0.819776 0.124578
vt 0.774235 0.118506
vt 0.819776 0.118506
vt 0.774235 0.112434
vt 0.819776 0.112434
vt 0.774235 0.106362
vt 0.819776 0.106362
vt 0.774235 0.100290
vt 0.819776 0.100290
vt 0.774235 0.094218
vt 0.819776 0.094218
vt 0.774235 0.088146
vt 0.819776 0.088146
vt 0.774235 0.154939
vt 0.774235 0.161011
vt 0.819776 0.161011
vt 0.819776 0.154939
vt 0.243037 0.160498
vt 0.243037 0.166570
vt 0.243037 0.172642
vt 0.243037 0.178714
vt 0.243037 0.184786
vt 0.243037 0.190858
vt 0.243037 0.196930
vt 0.243037 0.124065
vt 0.243037 0.130137
vt 0.243037 0.136209
vt 0.243037 0.142282
vt 0.243037 0.148354
vt 0.243037 0.154426
vt 0.251692 0.172642
vt 0.251692 0.166570
vt 0.251692 0.178714
vt 0.251692 0.184786
vt 0.251692 0.190858
vt 0.251692 0.196930
vt 0.251692 0.130137
vt 0.251692 0.124065
vt 0.251692 0.136209
vt 0.251692 0.142282
vt 0.251692 0.148354
vt 0.251692 0.154426
vt 0.251692 0.160498
vt 0.289833 0.172642
vt 0.253565 0.172642
vt 0.253565 0.166570
vt 0.289833 0.166570
vt 0.253565 0.160498
vt 0.289833 0.160498
vt 0.253565 0.154426
vt 0.289833 0.154426
vt 0.253565 0.148354
vt 0.289833 0.148354
vt 0.253565 0.142282
vt 0.289833 0.142282
vt 0.253565 0.136209
vt 0.289833 0.136209
vt 0.253565 0.130137
vt 0.289833 0.130137
vt 0.253565 0.124065
vt 0.289833 0.124065
vt 0.289833 0.196930
vt 0.253565 0.196930
vt 0.253565 0.190858
vt 0.289833 0.190858
vt 0.253565 0.184786
vt 0.289833 0.184786
vt 0.253565 0.178714
vt 0.289833 0.178714
vt 0.305740 0.990426
vt 0.691359 0.990426
vt 0.691359 0.994969
vt 0.305740 0.994969
vt 0.305740 0.985883
vt 0.691359 0.985883
vt 0.305740 0.981339
vt 0.691359 0.981339
vt 0.305740 0.976796
vt 0.691359 0.976796
vt 0.305740 0.972253
vt 0.691359 0.972253
vt 0.305740 0.967710
vt 0.691359 0.967710
vt 0.305740 0.963167
vt 0.691359 0.963167
vt 0.305740 0.958624
vt 0.691359 0.958624
vt 0.305740 0.954081
vt 0.691359 0.954081
vt 0.305740 0.949538
vt 0.691359 0.949538
vt 0.305740 0.944995
vt 0.691359 0.944995
vt 0.691359 0.999512
vt 0.305740 0.999512
vt 0.169028 0.279397
vt 0.131421 0.279397
vt 0.131421 0.273265
vt 0.169028 0.273265
vt 0.169028 0.285529
vt 0.131421 0.285529
vt 0.169028 0.291662
vt 0.131421 0.291662
vt 0.169028 0.297794
vt 0.131421 0.297794
vt 0.169028 0.230340
vt 0.131421 0.230340
vt 0.131421 0.224207
vt 0.169028 0.224207
vt 0.169028 0.236472
vt 0.131421 0.236472
vt 0.169028 0.242604
vt 0.131421 0.242604
vt 0.169028 0.248736
vt 0.131421 0.248736
vt 0.169028 0.254868
vt 0.131421 0.254868
vt 0.169028 0.261001
vt 0.131421 0.261001
vt 0.169028 0.267133
vt 0.131421 0.267133
vt 0.252243 0.172642
vt 0.252243 0.166570
vt 0.291155 0.166570
vt 0.291706 0.166570
vt 0.291706 0.172642
vt 0.291155 0.172642
vt 0.252243 0.160498
vt 0.291155 0.160498
vt 0.291706 0.160498
vt 0.252243 0.154426
vt 0.291155 0.154426
vt 0.291706 0.154426
vt 0.252243 0.148354
vt 0.291155 0.148354
vt 0.291706 0.148354
vt 0.252243 0.142282
vt 0.291155 0.142282
vt 0.291706 0.142282
vt 0.252243 0.136209
vt 0.291155 0.136209
vt 0.291706 0.136209
vt 0.252243 0.130137
vt 0.291155 0.130137
vt 0.291706 0.130137
vt 0.252243 0.124065
vt 0.291155 0.124065
vt 0.291706 0.124065
vt 0.252243 0.196930
vt 0.252243 0.190858
vt 0.291155 0.190858
vt 0.291706 0.190858
vt 0.291706 0.196930
vt 0.291155 0.196930
vt 0.252243 0.184786
vt 0.291155 0.184786
vt 0.291706 0.184786
vt 0.252243 0.178714
vt 0.291155 0.178714
vt 0.291706 0.178714
vt 0.130085 0.279397
vt 0.129529 0.279397
vt 0.129529 0.273265
vt 0.130085 0.273265
vt 0.170363 0.273265
vt 0.170363 0.279397
vt 0.130085 0.285529
vt 0.129529 0.285529
vt 0.170363 0.285529
vt 0.130085 0.291662
vt 0.129529 0.291662
vt 0.170363 0.291662
vt 0.130085 0.297794
vt 0.129529 0.297794
vt 0.170363 0.297794
vt 0.130085 0.230340
vt 0.129529 0.230340
vt 0.129529 0.224207
vt 0.130085 0.224207
vt 0.170363 0.224207
vt 0.170363 0.230340
vt 0.130085 0.236472
vt 0.129529 0.236472
vt 0.170363 0.236472
vt 0.130085 0.242604
vt 0.129529 0.242604
vt 0.170363 0.242604
vt 0.130085 0.248736
vt 0.129529 0.248736
vt 0.170363 0.248736
vt 0.130085 0.254868
vt 0.129529 0.254868
vt 0.170363 0.254868
vt 0.130085 0.261001
vt 0.129529 0.261001
vt 0.170363 0.261001
vt 0.130085 0.267133
vt 0.129529 0.267133
vt 0.170363 0.267133
vt 0.252680 0.166570
vt 0.252680 0.172642
vt 0.290718 0.172642
vt 0.290718 0.166570
vt 0.252680 0.160498
vt 0.290718 0.160498
vt 0.252680 0.154426
vt 0.290718 0.154426
vt 0.252680 0.148354
vt 0.290718 0.148354
vt 0.252680 0.142282
vt 0.290718 0.142282
vt 0.252680 0.136209
vt 0.290718 0.136209
vt 0.252680 0.130137
vt 0.290718 0.130137
vt 0.252680 0.124065
vt 0.290718 0.124065
vt 0.252680 0.190858
vt 0.252680 0.196930
vt 0.290718 0.196930
vt 0.290718 0.190858
vt 0.252680 0.184786
vt 0.290718 0.184786
vt 0.252680 0.178714
vt 0.290718 0.178714
vt 0.130527 0.273265
vt 0.130527 0.279397
vt 0.169922 0.279397
vt 0.169922 0.273265
vt 0.130527 0.285529
vt 0.169922 0.285529
vt 0.130527 0.291662
vt 0.169922 0.291662
vt 0.130527 0.297794
vt 0.169922 0.297794
vt 0.130527 0.224207
vt 0.130527 0.230340
vt 0.169922 0.230340
vt 0.169922 0.224207
vt 0.130527 0.236472
vt 0.169922 0.236472
vt 0.130527 0.242604
vt 0.169922 0.242604
vt 0.130527 0.248736
vt 0.169922 0.248736
vt 0.130527 0.254868
vt 0.169922 0.254868
vt 0.130527 0.261001
vt 0.169922 0.261001
vt 0.130527 0.267133
vt 0.169922 0.267133
vt 0.253141 0.166570
vt 0.253141 0.172642
vt 0.290257 0.172642
vt 0.290257 0.166570
vt 0.253141 0.160498
vt 0.290257 0.160498
vt 0.253141 0.154426
vt 0.290257 0.154426
vt 0.253141 0.148354
vt 0.290257 0.148354
vt 0.253141 0.142282
vt 0.290257 0.142282
vt 0.253141 0.136209
vt 0.290257 0.136209
vt 0.253141 0.130137
vt 0.290257 0.130137
vt 0.253141 0.124065
vt 0.290257 0.124065
vt 0.253141 0.190858
vt 0.253141 0.196930
vt 0.290257 0.196930
vt 0.290257 0.190858
vt 0.253141 0.184786
vt 0.290257 0.184786
vt 0.253141 0.178714
vt 0.290257 0.178714
vt 0.130993 0.273265
vt 0.130993 0.279397
vt 0.169456 0.279397
vt 0.169456 0.273265
vt 0.130993 0.285529
vt 0.169456 0.285529
vt 0.130993 0.291662
vt 0.169456 0.291662
vt 0.130993 0.297794
vt 0.169456 0.297794
vt 0.130993 0.224207
vt 0.130993 0.230340
vt 0.169456 0.230340
vt 0.169456 0.224207
vt 0.130993 0.236472
vt 0.169456 0.236472
vt 0.130993 0.242604
vt 0.169456 0.242604
vt 0.130993 0.248736
vt 0.169456 0.248736
vt 0.130993 0.254868
vt 0.169456 0.254868
vt 0.130993 0.261001
vt 0.169456 0.261001
vt 0.130993 0.267133
vt 0.169456 0.267133
vt 0.113942 0.251512
vt 0.057970 0.251512
vt 0.057970 0.193910
vt 0.113942 0.193910
vt 0.787372 0.958564
vt 0.808429 0.958564
vt 0.808429 0.997254
vt 0.787372 0.997254
vt 0.949384 0.210023
vt 0.913773 0.210023
vt 0.913773 0.169100
vt 0.949384 0.169100
vt 0.039096 0.854097
vt 0.039096 0.833040
vt 0.077786 0.833040
vt 0.077786 0.854097
vt 0.118622 0.925925
vt 0.082195 0.925925
vt 0.082195 0.904150
vt 0.118622 0.904150
vt 0.812644 0.958627
vt 0.849063 0.958627
vt 0.849063 0.980398
vt 0.812644 0.980398
vt 0.822751 0.161011
vt 0.822751 0.106140
vt 0.875991 0.106140
vt 0.875991 0.161011
vt 0.888808 0.946659
vt 0.851994 0.946659
vt 0.851994 0.927471
vt 0.888808 0.927471
vt 0.883085 0.830829
vt 0.935942 0.830829
vt 0.935942 0.885742
vt 0.883085 0.885742
vt 0.019863 0.209574
vt 0.055512 0.209574
vt 0.055512 0.229406
vt 0.019863 0.229406
vt 0.959305 0.869750
vt 0.940119 0.869750
vt 0.940119 0.834033
vt 0.959305 0.834033
vt 0.091595 0.127027
vt 0.110758 0.127027
vt 0.110758 0.162702
vt 0.091595 0.162702
vt 0.950129 0.230415
vt 0.948672 0.227891
vt 0.954109 0.226434
vt 0.866963 0.230805
vt 0.866963 0.227891
vt 0.948672 0.230805
vt 0.196410 0.857245
vt 0.177039 0.857245
vt 0.177039 0.853471
vt 0.196410 0.853471
vt 0.948672 0.224977
vt 0.866963 0.224977
vt 0.196410 0.861018
vt 0.177039 0.861018
vt 0.950129 0.222453
vt 0.866963 0.222063
vt 0.948672 0.222063
vt 0.196410 0.864792
vt 0.177039 0.864792
vt 0.952653 0.220996
vt 0.866963 0.219149
vt 0.948672 0.219149
vt 0.196410 0.868566
vt 0.177039 0.868566
vt 0.955566 0.220996
vt 0.866963 0.216235
vt 0.948672 0.216235
vt 0.196410 0.872340
vt 0.177039 0.872340
vt 0.958090 0.222453
vt 0.866963 0.213321
vt 0.948672 0.213321
vt 0.196410 0.876113
vt 0.177039 0.876113
vt 0.959547 0.224977
vt 0.866963 0.248289
vt 0.866963 0.245375
vt 0.948672 0.245375
vt 0.948672 0.248289
vt 0.196410 0.834602
vt 0.177039 0.834602
vt 0.177039 0.830829
vt 0.196410 0.830829
vt 0.959547 0.227891
vt 0.866963 0.242461
vt 0.948672 0.242461
vt 0.196410 0.838376
vt 0.177039 0.838376
vt 0.958090 0.230415
vt 0.866963 0.239547
vt 0.948672 0.239547
vt 0.196410 0.842150
vt 0.177039 0.842150
vt 0.955566 0.231871
vt 0.866963 0.236633
vt 0.948672 0.236633
vt 0.196410 0.845923
vt 0.177039 0.845923
vt 0.952653 0.231871
vt 0.866963 0.233719
vt 0.948672 0.233719
vt 0.196410 0.849697
vt 0.177039 0.849697
vt 0.699767 0.176547
vt 0.698311 0.179069
vt 0.694333 0.175091
vt 0.911794 0.176547
vt 0.911794 0.179459
vt 0.699767 0.179459
vt 0.043145 0.275141
vt 0.062486 0.275141
vt 0.062486 0.278917
vt 0.043145 0.278917
vt 0.699767 0.173635
vt 0.911794 0.173635
vt 0.062486 0.282692
vt 0.043145 0.282692
vt 0.698311 0.171113
vt 0.699767 0.170723
vt 0.911794 0.170723
vt 0.062486 0.286468
vt 0.043145 0.286468
vt 0.695789 0.169657
vt 0.699767 0.167811
vt 0.911794 0.167811
vt 0.062486 0.290243
vt 0.043145 0.290243
vt 0.692877 0.169657
vt 0.699767 0.164899
vt 0.911794 0.164899
vt 0.062486 0.294019
vt 0.043145 0.294019
vt 0.690355 0.171113
vt 0.699767 0.161988
vt 0.911794 0.161988
vt 0.062486 0.297794
vt 0.043145 0.297794
vt 0.688899 0.173635
vt 0.699767 0.194018
vt 0.911794 0.194018
vt 0.911794 0.196930
vt 0.699767 0.196930
vt 0.043145 0.252489
vt 0.062486 0.252489
vt 0.062486 0.256264
vt 0.043145 0.256264
vt 0.688899 0.176547
vt 0.699767 0.191106
vt 0.911794 0.191106
vt 0.062486 0.260040
vt 0.043145 0.260040
vt 0.690355 0.179069
vt 0.699767 0.188195
vt 0.911794 0.188195
vt 0.062486 0.263815
vt 0.043145 0.263815
vt 0.692877 0.180525
vt 0.699767 0.185283
vt 0.911794 0.185283
vt 0.062486 0.267591
vt 0.043145 0.267591
vt 0.695789 0.180525
vt 0.699767 0.182371
vt 0.911794 0.182371
vt 0.062486 0.271366
vt 0.043145 0.271366
vt 0.327377 0.050760
vt 0.661707 0.050760
vt 0.661707 0.053714
vt 0.327377 0.053714
vt 0.661707 0.056669
vt 0.327377 0.056669
vt 0.661707 0.059623
vt 0.327377 0.059623
vt 0.661707 0.062577
vt 0.327377 0.062577
vt 0.661707 0.065531
vt 0.327377 0.065531
vt 0.661707 0.068485
vt 0.327377 0.068485
vt 0.661707 0.071439
vt 0.327377 0.071439
vt 0.661707 0.074393
vt 0.327377 0.074393
vt 0.661707 0.077347
vt 0.327377 0.077347
vt 0.661707 0.080302
vt 0.327377 0.080302
vt 0.661707 0.083256
vt 0.327377 0.083256
vt 0.327377 0.047806
vt 0.661707 0.047806
vt 0.146730 0.095274
vt 0.199290 0.095274
vt 0.199290 0.098939
vt 0.146730 0.098939
vt 0.146730 0.091609
vt 0.199290 0.091609
vt 0.146730 0.087944
vt 0.199290 0.087944
vt 0.146730 0.128258
vt 0.199290 0.128258
vt 0.199290 0.131923
vt 0.146730 0.131923
vt 0.146730 0.124593
vt 0.199290 0.124593
vt 0.146730 0.120928
vt 0.199290 0.120928
vt 0.146730 0.117263
vt 0.199290 0.117263
vt 0.146730 0.113599
vt 0.199290 0.113599
vt 0.146730 0.109934
vt 0.199290 0.109934
vt 0.146730 0.106269
vt 0.199290 0.106269
vt 0.146730 0.102604
vt 0.199290 0.102604
vt 0.292683 0.120520
vt 0.703366 0.120520
vt 0.703366 0.124148
vt 0.292683 0.124148
vt 0.292683 0.116891
vt 0.703366 0.116891
vt 0.292683 0.113262
vt 0.703366 0.113262
vt 0.292683 0.109634
vt 0.703366 0.109634
vt 0.292683 0.106005
vt 0.703366 0.106005
vt 0.292683 0.102376
vt 0.703366 0.102376
vt 0.292683 0.098747
vt 0.703366 0.098747
vt 0.292683 0.095118
vt 0.703366 0.095118
vt 0.292683 0.091490
vt 0.703366 0.091490
vt 0.292683 0.087861
vt 0.703366 0.087861
vt 0.292683 0.084232
vt 0.703366 0.084232
vt 0.703366 0.127777
vt 0.292683 0.127777
vt 0.064863 0.271366
vt 0.064863 0.275141
vt 0.064863 0.267591
vt 0.064863 0.263815
vt 0.064863 0.260040
vt 0.064863 0.256264
vt 0.064863 0.252489
vt 0.064863 0.294019
vt 0.064863 0.297794
vt 0.064863 0.290243
vt 0.064863 0.286468
vt 0.064863 0.282692
vt 0.064863 0.278917
vt 0.174658 0.853471
vt 0.174658 0.849697
vt 0.174658 0.845923
vt 0.174658 0.842150
vt 0.174658 0.838376
vt 0.174658 0.834602
vt 0.174658 0.830829
vt 0.174658 0.876113
vt 0.174658 0.872340
vt 0.174658 0.868566
vt 0.174658 0.864792
vt 0.174658 0.861018
vt 0.174658 0.857245
vt 0.078642 0.832188
vt 0.078909 0.830921
vt 0.079901 0.831912
vt 0.036977 0.831919
vt 0.037967 0.830929
vt 0.038243 0.832185
vt 0.786251 0.999373
vt 0.785260 0.998383
vt 0.786517 0.998107
vt 0.786519 0.957707
vt 0.785253 0.957441
vt 0.786243 0.956449
vt 0.809557 0.999369
vt 0.809281 0.998111
vt 0.810547 0.998377
vt 0.810541 0.957435
vt 0.809284 0.957711
vt 0.809550 0.956445
vt 0.079905 0.855219
vt 0.078915 0.856209
vt 0.078639 0.854952
vt 0.038239 0.854950
vt 0.037973 0.856216
vt 0.036981 0.855226
vt 0.812465 0.957532
vt 0.849242 0.957532
vt 0.786325 0.997284
vt 0.786323 0.958530
vt 0.082016 0.903055
vt 0.118800 0.903055
vt 0.039066 0.831993
vt 0.077820 0.831992
vt 0.850089 0.958584
vt 0.850089 0.980587
vt 0.950388 0.169038
vt 0.950388 0.210084
vt 0.081168 0.926114
vt 0.081168 0.904106
vt 0.849242 0.981493
vt 0.812465 0.981493
vt 0.077816 0.855144
vt 0.039062 0.855146
vt 0.118800 0.927020
vt 0.082016 0.927020
vt 0.811618 0.980587
vt 0.811618 0.958584
vt 0.119648 0.904106
vt 0.119648 0.926114
vt 0.811618 0.957679
vt 0.811618 0.956358
vt 0.812465 0.956358
vt 0.077972 0.830842
vt 0.078834 0.833012
vt 0.080002 0.832854
vt 0.890833 0.951860
vt 0.889805 0.951860
vt 0.889805 0.950832
vt 0.890649 0.951016
vt 0.038908 0.830829
vt 0.974264 0.954652
vt 0.974329 0.955529
vt 0.973047 0.955529
vt 0.973113 0.954652
vt 0.036898 0.832856
vt 0.038048 0.833007
vt 0.889805 0.991697
vt 0.889805 0.990669
vt 0.890833 0.990669
vt 0.890649 0.991513
vt 0.119648 0.903201
vt 0.785160 0.997443
vt 0.849242 0.956358
vt 0.850089 0.956358
vt 0.850089 0.957679
vt 0.787188 0.999452
vt 0.787339 0.998302
vt 0.852094 0.950832
vt 0.852094 0.951860
vt 0.851066 0.951860
vt 0.851249 0.951016
vt 0.081168 0.903201
vt 0.081168 0.901880
vt 0.082016 0.901880
vt 0.785174 0.958378
vt 0.787343 0.957516
vt 0.787185 0.956348
vt 0.851066 0.990669
vt 0.852094 0.990669
vt 0.852094 0.991697
vt 0.851249 0.991513
vt 0.810626 0.997440
vt 0.809477 0.997288
vt 0.808457 0.998302
vt 0.808615 0.999470
vt 0.949559 0.166778
vt 0.950388 0.166778
vt 0.950388 0.168119
vt 0.949559 0.167979
vt 0.850089 0.981493
vt 0.808613 0.956366
vt 0.808462 0.957516
vt 0.809476 0.958534
vt 0.810641 0.958376
vt 0.949559 0.211143
vt 0.950388 0.211004
vt 0.950388 0.212344
vt 0.949559 0.212344
vt 0.081168 0.927020
vt 0.077974 0.856309
vt 0.913599 0.167979
vt 0.912770 0.168119
vt 0.912770 0.166778
vt 0.913599 0.166778
vt 0.079984 0.854281
vt 0.078833 0.854130
vt 0.912770 0.169038
vt 0.811618 0.981493
vt 0.913599 0.212344
vt 0.912770 0.212344
vt 0.912770 0.211004
vt 0.913599 0.211143
vt 0.038910 0.856295
vt 0.038048 0.854126
vt 0.036879 0.854284
vt 0.119648 0.927020
vt 0.912770 0.210084
vt 0.973113 0.917502
vt 0.974264 0.917502
vt 0.111990 0.163939
vt 0.113821 0.164324
vt 0.112389 0.165761
vt 0.960921 0.830970
vt 0.962352 0.832402
vt 0.960537 0.832800
vt 0.112376 0.123961
vt 0.113810 0.125394
vt 0.111993 0.125794
vt 0.848933 0.925854
vt 0.850365 0.924425
vt 0.850763 0.926239
vt 0.088531 0.125405
vt 0.089963 0.123968
vt 0.090363 0.125790
vt 0.848936 0.948287
vt 0.850757 0.947887
vt 0.850373 0.949716
vt 0.089977 0.165768
vt 0.088543 0.164336
vt 0.090360 0.163935
vt 0.938889 0.832797
vt 0.937060 0.832414
vt 0.938488 0.830977
vt 0.019610 0.207994
vt 0.055764 0.207994
vt 0.960814 0.833988
vt 0.960827 0.869747
vt 0.851950 0.925962
vt 0.888805 0.925947
vt 0.112270 0.126983
vt 0.112272 0.162750
vt 0.959369 0.871291
vt 0.940052 0.871295
vt 0.988707 0.214008
vt 0.952591 0.214008
vt 0.952843 0.212424
vt 0.988455 0.212424
vt 0.091554 0.125515
vt 0.110804 0.125513
vt 0.938595 0.869744
vt 0.938607 0.833984
vt 0.055764 0.230986
vt 0.019610 0.230986
vt 0.090083 0.162746
vt 0.090080 0.126978
vt 0.940079 0.832522
vt 0.959349 0.832520
vt 0.110799 0.164214
vt 0.091549 0.164216
vt 0.018382 0.208215
vt 0.018382 0.206299
vt 0.019610 0.206299
vt 0.113934 0.162969
vt 0.111025 0.165908
vt 0.018382 0.209528
vt 0.160699 0.990152
vt 0.160699 0.988666
vt 0.162185 0.988666
vt 0.161920 0.989887
vt 0.962496 0.833760
vt 0.055764 0.206299
vt 0.056993 0.206299
vt 0.056993 0.208215
vt 0.959566 0.830856
vt 0.162185 0.951697
vt 0.160699 0.951697
vt 0.160699 0.950211
vt 0.161920 0.950476
vt 0.056993 0.209528
vt 0.113956 0.126754
vt 0.888879 0.924292
vt 0.890171 0.924264
vt 0.890058 0.926147
vt 0.111020 0.123848
vt 0.123343 0.988666
vt 0.124829 0.988666
vt 0.124829 0.990152
vt 0.123608 0.989887
vt 0.890351 0.927407
vt 0.851722 0.924281
vt 0.962483 0.869821
vt 0.962509 0.871112
vt 0.960627 0.870999
vt 0.848818 0.927209
vt 0.850482 0.927426
vt 0.124829 0.950211
vt 0.124829 0.951697
vt 0.123343 0.951697
vt 0.123608 0.950476
vt 0.091328 0.123821
vt 0.888801 0.948181
vt 0.890056 0.947986
vt 0.890165 0.949856
vt 0.888881 0.949836
vt 0.088419 0.126761
vt 0.890350 0.946725
vt 0.951364 0.212700
vt 0.951364 0.214008
vt 0.851727 0.949827
vt 0.851944 0.948170
vt 0.850482 0.946697
vt 0.848788 0.946923
vt 0.938790 0.871000
vt 0.936919 0.871108
vt 0.936940 0.869823
vt 0.989935 0.212700
vt 0.989935 0.214008
vt 0.088397 0.162975
vt 0.952591 0.173842
vt 0.951364 0.174052
vt 0.951364 0.172144
vt 0.952591 0.172144
vt 0.091333 0.165881
vt 0.952843 0.175426
vt 0.951364 0.175359
vt 0.018382 0.229673
vt 0.018382 0.230986
vt 0.988707 0.172144
vt 0.989935 0.172144
vt 0.989935 0.174052
vt 0.988707 0.173842
vt 0.936950 0.833768
vt 0.939852 0.830829
vt 0.056993 0.229673
vt 0.056993 0.230986
vt 0.989935 0.175359
vt 0.988455 0.175426
vt 0.111867 0.834602
vt 0.158904 0.834602
vt 0.158904 0.838376
vt 0.111867 0.838376
vt 0.111867 0.830829
vt 0.158904 0.830829
vt 0.111867 0.872340
vt 0.158904 0.872340
vt 0.158904 0.876113
vt 0.111867 0.876113
vt 0.111867 0.868566
vt 0.158904 0.868566
vt 0.111867 0.864792
vt 0.158904 0.864792
vt 0.111867 0.861018
vt 0.158904 0.861018
vt 0.111867 0.857245
vt 0.158904 0.857245
vt 0.111867 0.853471
vt 0.158904 0.853471
vt 0.111867 0.849697
vt 0.158904 0.849697
vt 0.111867 0.845923
vt 0.158904 0.845923
vt 0.111867 0.842150
vt 0.158904 0.842150
vt 0.161240 0.842150
vt 0.161240 0.845923
vt 0.161240 0.849697
vt 0.161240 0.853471
vt 0.161240 0.857245
vt 0.161240 0.861018
vt 0.161240 0.864792
vt 0.161240 0.868566
vt 0.161240 0.872340
vt 0.161240 0.876113
vt 0.161240 0.830829
vt 0.161240 0.834602
vt 0.161240 0.838376
vt 0.078088 0.267591
vt 0.078088 0.263815
vt 0.078088 0.260040
vt 0.078088 0.256264
vt 0.078088 0.252489
vt 0.078088 0.297794
vt 0.078088 0.294019
vt 0.078088 0.290243
vt 0.078088 0.286468
vt 0.078088 0.282692
vt 0.078088 0.278917
vt 0.078088 0.275141
vt 0.078088 0.271366
vt 0.126788 0.267591
vt 0.080421 0.267591
vt 0.080421 0.263815
vt 0.126788 0.263815
vt 0.126788 0.271366
vt 0.080421 0.271366
vt 0.126788 0.275141
vt 0.080421 0.275141
vt 0.126788 0.278917
vt 0.080421 0.278917
vt 0.126788 0.282692
vt 0.080421 0.282692
vt 0.126788 0.286468
vt 0.080421 0.286468
vt 0.126788 0.290243
vt 0.080421 0.290243
vt 0.126788 0.294019
vt 0.080421 0.294019
vt 0.126788 0.297794
vt 0.080421 0.297794
vt 0.126788 0.256264
vt 0.080421 0.256264
vt 0.080421 0.252489
vt 0.126788 0.252489
vt 0.126788 0.260040
vt 0.080421 0.260040
vt 0.160553 0.834602
vt 0.160553 0.838376
vt 0.110099 0.838376
vt 0.110099 0.834602
vt 0.160553 0.830829
vt 0.110099 0.830829
vt 0.160553 0.872340
vt 0.160553 0.876113
vt 0.110099 0.876113
vt 0.110099 0.872340
vt 0.160553 0.868566
vt 0.110099 0.868566
vt 0.160553 0.864792
vt 0.110099 0.864792
vt 0.160553 0.861018
vt 0.110099 0.861018
vt 0.160553 0.857245
vt 0.110099 0.857245
vt 0.160553 0.853471
vt 0.110099 0.853471
vt 0.160553 0.849697
vt 0.110099 0.849697
vt 0.160553 0.845923
vt 0.110099 0.845923
vt 0.160553 0.842150
vt 0.110099 0.842150
vt 0.078774 0.267591
vt 0.078774 0.263815
vt 0.128552 0.263815
vt 0.128552 0.267591
vt 0.078774 0.271366
vt 0.128552 0.271366
vt 0.078774 0.275141
vt 0.128552 0.275141
vt 0.078774 0.278917
vt 0.128552 0.278917
vt 0.078774 0.282692
vt 0.128552 0.282692
vt 0.078774 0.286468
vt 0.128552 0.286468
vt 0.078774 0.290243
vt 0.128552 0.290243
vt 0.078774 0.294019
vt 0.128552 0.294019
vt 0.078774 0.297794
vt 0.128552 0.297794
vt 0.078774 0.256264
vt 0.078774 0.252489
vt 0.128552 0.252489
vt 0.128552 0.256264
vt 0.078774 0.260040
vt 0.128552 0.260040
vt 0.160008 0.838376
vt 0.160008 0.834602
vt 0.160008 0.830829
vt 0.160008 0.876113
vt 0.160008 0.872340
vt 0.160008 0.868566
vt 0.160008 0.864792
vt 0.160008 0.861018
vt 0.160008 0.857245
vt 0.160008 0.853471
vt 0.160008 0.849697
vt 0.160008 0.845923
vt 0.160008 0.842150
vt 0.079318 0.263815
vt 0.079318 0.267591
vt 0.079318 0.271366
vt 0.079318 0.275141
vt 0.079318 0.278917
vt 0.079318 0.282692
vt 0.079318 0.286468
vt 0.079318 0.290243
vt 0.079318 0.294019
vt 0.079318 0.297794
vt 0.079318 0.252489
vt 0.079318 0.256264
vt 0.079318 0.260040
vt 0.159433 0.838376
vt 0.159433 0.834602
vt 0.159433 0.830829
vt 0.159433 0.876113
vt 0.159433 0.872340
vt 0.159433 0.868566
vt 0.159433 0.864792
vt 0.159433 0.861018
vt 0.159433 0.857245
vt 0.159433 0.853471
vt 0.159433 0.849697
vt 0.159433 0.845923
vt 0.159433 0.842150
vt 0.079893 0.263815
vt 0.079893 0.267591
vt 0.079893 0.271366
vt 0.079893 0.275141
vt 0.079893 0.278917
vt 0.079893 0.282692
vt 0.079893 0.286468
vt 0.079893 0.290243
vt 0.079893 0.294019
vt 0.079893 0.297794
vt 0.079893 0.252489
vt 0.079893 0.256264
vt 0.079893 0.260040
vt 0.901248 0.907642
vt 0.899724 0.905003
vt 0.905411 0.903480
vt 0.899724 0.908051
vt 0.848788 0.908051
vt 0.848788 0.905003
vt 0.866963 0.269486
vt 0.885807 0.269486
vt 0.885807 0.273530
vt 0.866963 0.273530
vt 0.903887 0.909166
vt 0.899724 0.911098
vt 0.848788 0.911098
vt 0.866963 0.265441
vt 0.885807 0.265441
vt 0.906934 0.909166
vt 0.899724 0.914146
vt 0.848788 0.914146
vt 0.866963 0.261397
vt 0.885807 0.261397
vt 0.909574 0.907642
vt 0.899724 0.917193
vt 0.848788 0.917193
vt 0.866963 0.257353
vt 0.885807 0.257353
vt 0.911097 0.905003
vt 0.899724 0.920240
vt 0.848788 0.920240
vt 0.866963 0.253309
vt 0.885807 0.253309
vt 0.911097 0.901956
vt 0.899724 0.923288
vt 0.848788 0.923288
vt 0.866963 0.249265
vt 0.885807 0.249265
vt 0.909574 0.899317
vt 0.899724 0.889766
vt 0.848788 0.889766
vt 0.848788 0.886719
vt 0.899724 0.886719
vt 0.866963 0.293750
vt 0.885807 0.293750
vt 0.885807 0.297794
vt 0.866963 0.297794
vt 0.906934 0.897793
vt 0.899724 0.892814
vt 0.848788 0.892814
vt 0.866963 0.289706
vt 0.885807 0.289706
vt 0.903887 0.897793
vt 0.899724 0.895861
vt 0.848788 0.895861
vt 0.866963 0.285662
vt 0.885807 0.285662
vt 0.901248 0.899317
vt 0.899724 0.898908
vt 0.848788 0.898908
vt 0.866963 0.281618
vt 0.885807 0.281618
vt 0.899724 0.901956
vt 0.848788 0.901956
vt 0.866963 0.277574
vt 0.885807 0.277574
vt 0.903221 0.293750
vt 0.888123 0.293750
vt 0.888123 0.289706
vt 0.903221 0.289706
vt 0.903221 0.297794
vt 0.888123 0.297794
vt 0.903221 0.253309
vt 0.888123 0.253309
vt 0.888123 0.249265
vt 0.903221 0.249265
vt 0.903221 0.257353
vt 0.888123 0.257353
vt 0.903221 0.261397
vt 0.888123 0.261397
vt 0.903221 0.265441
vt 0.888123 0.265441
vt 0.903221 0.269486
vt 0.888123 0.269486
vt 0.903221 0.273530
vt 0.888123 0.273530
vt 0.903221 0.277574
vt 0.888123 0.277574
vt 0.903221 0.281618
vt 0.888123 0.281618
vt 0.903221 0.285662
vt 0.888123 0.285662
vt 0.948570 0.293750
vt 0.906124 0.293750
vt 0.906124 0.289706
vt 0.948570 0.289706
vt 0.948570 0.297794
vt 0.906124 0.297794
vt 0.948570 0.253309
vt 0.906124 0.253309
vt 0.906124 0.249265
vt 0.948570 0.249265
vt 0.948570 0.257353
vt 0.906124 0.257353
vt 0.948570 0.261397
vt 0.906124 0.261397
vt 0.948570 0.265441
vt 0.906124 0.265441
vt 0.948570 0.269486
vt 0.906124 0.269486
vt 0.948570 0.273530
vt 0.906124 0.273530
vt 0.948570 0.277574
vt 0.906124 0.277574
vt 0.948570 0.281618
vt 0.906124 0.281618
vt 0.948570 0.285662
vt 0.906124 0.285662
vt 0.904630 0.293750
vt 0.904630 0.289706
vt 0.950064 0.289706
vt 0.951473 0.289706
vt 0.951473 0.293750
vt 0.950064 0.293750
vt 0.904630 0.297794
vt 0.951473 0.297794
vt 0.950064 0.297794
vt 0.904630 0.253309
vt 0.904630 0.249265
vt 0.950064 0.249265
vt 0.951473 0.249265
vt 0.951473 0.253309
vt 0.950064 0.253309
vt 0.904630 0.257353
vt 0.951473 0.257353
vt 0.950064 0.257353
vt 0.904630 0.261397
vt 0.951473 0.261397
vt 0.950064 0.261397
vt 0.904630 0.265441
vt 0.951473 0.265441
vt 0.950064 0.265441
vt 0.904630 0.269486
vt 0.951473 0.269486
vt 0.950064 0.269486
vt 0.904630 0.273530
vt 0.951473 0.273530
vt 0.950064 0.273530
vt 0.904630 0.277574
vt 0.951473 0.277574
vt 0.950064 0.277574
vt 0.904630 0.281618
vt 0.951473 0.281618
vt 0.950064 0.281618
vt 0.904630 0.285662
vt 0.951473 0.285662
vt 0.950064 0.285662
vt 0.905123 0.289706
vt 0.905123 0.293750
vt 0.949570 0.293750
vt 0.949570 0.289706
vt 0.905123 0.297794
vt 0.949570 0.297794
vt 0.905123 0.249265
vt 0.905123 0.253309
vt 0.949570 0.253309
vt 0.949570 0.249265
vt 0.905123 0.257353
vt 0.949570 0.257353
vt 0.905123 0.261397
vt 0.949570 0.261397
vt 0.905123 0.265441
vt 0.949570 0.265441
vt 0.905123 0.269486
vt 0.949570 0.269486
vt 0.905123 0.273530
vt 0.949570 0.273530
vt 0.905123 0.277574
vt 0.949570 0.277574
vt 0.905123 0.281618
vt 0.949570 0.281618
vt 0.905123 0.285662
vt 0.949570 0.285662
vt 0.905645 0.289706
vt 0.905645 0.293750
vt 0.949049 0.293750
vt 0.949049 0.289706
vt 0.905645 0.297794
vt 0.949049 0.297794
vt 0.905645 0.249265
vt 0.905645 0.253309
vt 0.949049 0.253309
vt 0.949049 0.249265
vt 0.905645 0.257353
vt 0.949049 0.257353
vt 0.905645 0.261397
vt 0.949049 0.261397
vt 0.905645 0.265441
vt 0.949049 0.265441
vt 0.905645 0.269486
vt 0.949049 0.269486
vt 0.905645 0.273530
vt 0.949049 0.273530
vt 0.905645 0.277574
vt 0.949049 0.277574
vt 0.905645 0.281618
vt 0.949049 0.281618
vt 0.905645 0.285662
vt 0.949049 0.285662
vt 0.291706 0.116683
vt 0.200266 0.116683
vt 0.200266 0.113480
vt 0.291706 0.113480
vt 0.291706 0.119886
vt 0.200266 0.119886
vt 0.291706 0.123089
vt 0.200266 0.123089
vt 0.291706 0.087859
vt 0.200266 0.087859
vt 0.200266 0.084656
vt 0.291706 0.084656
vt 0.291706 0.091062
vt 0.200266 0.091062
vt 0.291706 0.094264
vt 0.200266 0.094264
vt 0.291706 0.097467
vt 0.200266 0.097467
vt 0.291706 0.100670
vt 0.200266 0.100670
vt 0.291706 0.103872
vt 0.200266 0.103872
vt 0.291706 0.107075
vt 0.200266 0.107075
vt 0.291706 0.110278
vt 0.200266 0.110278
vt 0.782476 0.972001
vt 0.708005 0.972001
vt 0.708005 0.967970
vt 0.782476 0.967970
vt 0.782476 0.976032
vt 0.708005 0.976032
vt 0.782476 0.980063
vt 0.708005 0.980063
vt 0.782476 0.935723
vt 0.708005 0.935723
vt 0.708005 0.931692
vt 0.782476 0.931692
vt 0.782476 0.939754
vt 0.708005 0.939754
vt 0.782476 0.943785
vt 0.708005 0.943785
vt 0.782476 0.947816
vt 0.708005 0.947816
vt 0.782476 0.951847
vt 0.708005 0.951847
vt 0.782476 0.955878
vt 0.708005 0.955878
vt 0.782476 0.959908
vt 0.708005 0.959908
vt 0.782476 0.963939
vt 0.708005 0.963939
vt 0.662683 0.077433
vt 0.992169 0.077433
vt 0.992169 0.080344
vt 0.662683 0.080344
vt 0.662683 0.074522
vt 0.992169 0.074522
vt 0.662683 0.071610
vt 0.992169 0.071610
vt 0.662683 0.068699
vt 0.992169 0.068699
vt 0.662683 0.065788
vt 0.992169 0.065788
vt 0.662683 0.062876
vt 0.992169 0.062876
vt 0.662683 0.059965
vt 0.992169 0.059965
vt 0.662683 0.057054
vt 0.992169 0.057054
vt 0.662683 0.054142
vt 0.992169 0.054142
vt 0.662683 0.051231
vt 0.992169 0.051231
vt 0.662683 0.048320
vt 0.992169 0.048320
vt 0.992169 0.083256
vt 0.662683 0.083256
vt 0.880286 0.877974
vt 0.803100 0.877974
vt 0.803100 0.873688
vt 0.880286 0.873688
vt 0.880286 0.882260
vt 0.803100 0.882260
vt 0.880286 0.835115
vt 0.803100 0.835115
vt 0.803100 0.830829
vt 0.880286 0.830829
vt 0.880286 0.839400
vt 0.803100 0.839400
vt 0.880286 0.843687
vt 0.803100 0.843687
vt 0.880286 0.847972
vt 0.803100 0.847972
vt 0.880286 0.852258
vt 0.803100 0.852258
vt 0.880286 0.856544
vt 0.803100 0.856544
vt 0.880286 0.860830
vt 0.803100 0.860830
vt 0.880286 0.865116
vt 0.803100 0.865116
vt 0.880286 0.869402
vt 0.803100 0.869402
vt 0.706406 0.972001
vt 0.705740 0.972001
vt 0.705740 0.967970
vt 0.706406 0.967970
vt 0.784189 0.967970
vt 0.784189 0.972001
vt 0.706406 0.976032
vt 0.705740 0.976032
vt 0.784189 0.976032
vt 0.706406 0.980063
vt 0.705740 0.980063
vt 0.784189 0.980063
vt 0.706406 0.935723
vt 0.705740 0.935723
vt 0.705740 0.931692
vt 0.706406 0.931692
vt 0.784189 0.931692
vt 0.784189 0.935723
vt 0.706406 0.939754
vt 0.705740 0.939754
vt 0.784189 0.939754
vt 0.706406 0.943785
vt 0.705740 0.943785
vt 0.784189 0.943785
vt 0.706406 0.947816
vt 0.705740 0.947816
vt 0.784189 0.947816
vt 0.706406 0.951847
vt 0.705740 0.951847
vt 0.784189 0.951847
vt 0.706406 0.955878
vt 0.705740 0.955878
vt 0.784189 0.955878
vt 0.706406 0.959908
vt 0.705740 0.959908
vt 0.784189 0.959908
vt 0.706406 0.963939
vt 0.705740 0.963939
vt 0.784189 0.963939
vt 0.801400 0.877974
vt 0.800691 0.877974
vt 0.800691 0.873688
vt 0.801400 0.873688
vt 0.882109 0.873688
vt 0.882109 0.877974
vt 0.801400 0.882260
vt 0.800691 0.882260
vt 0.882109 0.882260
vt 0.801400 0.835115
vt 0.800691 0.835115
vt 0.800691 0.830829
vt 0.801400 0.830829
vt 0.882109 0.830829
vt 0.882109 0.835115
vt 0.801400 0.839400
vt 0.800691 0.839400
vt 0.882109 0.839400
vt 0.801400 0.843687
vt 0.800691 0.843687
vt 0.882109 0.843687
vt 0.801400 0.847972
vt 0.800691 0.847972
vt 0.882109 0.847972
vt 0.801400 0.852258
vt 0.800691 0.852258
vt 0.882109 0.852258
vt 0.801400 0.856544
vt 0.800691 0.856544
vt 0.882109 0.856544
vt 0.801400 0.860830
vt 0.800691 0.860830
vt 0.882109 0.860830
vt 0.801400 0.865116
vt 0.800691 0.865116
vt 0.882109 0.865116
vt 0.801400 0.869402
vt 0.800691 0.869402
vt 0.882109 0.869402
vt 0.706935 0.967970
vt 0.706935 0.972001
vt 0.706935 0.976032
vt 0.706935 0.980063
vt 0.706935 0.931692
vt 0.706935 0.935723
vt 0.706935 0.939754
vt 0.706935 0.943785
vt 0.706935 0.947816
vt 0.706935 0.951847
vt 0.706935 0.955878
vt 0.706935 0.959908
vt 0.706935 0.963939
vt 0.801961 0.873688
vt 0.801961 0.877974
vt 0.801961 0.882260
vt 0.801961 0.830829
vt 0.801961 0.835115
vt 0.801961 0.839400
vt 0.801961 0.843687
vt 0.801961 0.847972
vt 0.801961 0.852258
vt 0.801961 0.856544
vt 0.801961 0.860830
vt 0.801961 0.865116
vt 0.801961 0.869402
vt 0.707493 0.967970
vt 0.707493 0.972001
vt 0.707493 0.976032
vt 0.707493 0.980063
vt 0.707493 0.931692
vt 0.707493 0.935723
vt 0.707493 0.939754
vt 0.707493 0.943785
vt 0.707493 0.947816
vt 0.707493 0.951847
vt 0.707493 0.955878
vt 0.707493 0.959908
vt 0.707493 0.963939
vt 0.802554 0.873688
vt 0.802554 0.877974
vt 0.802554 0.882260
vt 0.802554 0.830829
vt 0.802554 0.835115
vt 0.802554 0.839400
vt 0.802554 0.843687
vt 0.802554 0.847972
vt 0.802554 0.852258
vt 0.802554 0.856544
vt 0.802554 0.860830
vt 0.802554 0.865116
vt 0.802554 0.869402
vt 0.919713 0.117445
vt 0.903173 0.117445
vt 0.903173 0.113088
vt 0.919713 0.113088
vt 0.292641 0.242936
vt 0.699512 0.242936
vt 0.699512 0.247508
vt 0.292641 0.247508
vt 0.919713 0.121801
vt 0.903173 0.121801
vt 0.919713 0.126158
vt 0.903173 0.126158
vt 0.292641 0.293222
vt 0.699512 0.293222
vt 0.699512 0.297794
vt 0.292641 0.297794
vt 0.919713 0.130515
vt 0.903173 0.130515
vt 0.919713 0.134871
vt 0.903173 0.134871
vt 0.292641 0.288651
vt 0.699512 0.288651
vt 0.919713 0.139228
vt 0.903173 0.139228
vt 0.919713 0.143584
vt 0.903173 0.143584
vt 0.292641 0.284080
vt 0.699512 0.284080
vt 0.919713 0.147941
vt 0.903173 0.147941
vt 0.919713 0.152298
vt 0.903173 0.152298
vt 0.292641 0.279508
vt 0.699512 0.279508
vt 0.919713 0.156654
vt 0.903173 0.156654
vt 0.919713 0.161011
vt 0.903173 0.161011
vt 0.292641 0.274936
vt 0.699512 0.274936
vt 0.903173 0.108731
vt 0.919713 0.108731
vt 0.876968 0.097721
vt 0.898812 0.097721
vt 0.898812 0.103474
vt 0.876968 0.103474
vt 0.292641 0.270365
vt 0.699512 0.270365
vt 0.898812 0.109228
vt 0.876968 0.109228
vt 0.898812 0.114982
vt 0.876968 0.114982
vt 0.292641 0.265794
vt 0.699512 0.265794
vt 0.898812 0.120735
vt 0.876968 0.120735
vt 0.898812 0.126489
vt 0.876968 0.126489
vt 0.292641 0.261222
vt 0.699512 0.261222
vt 0.898812 0.132243
vt 0.876968 0.132243
vt 0.898812 0.137996
vt 0.876968 0.137996
vt 0.292641 0.256651
vt 0.699512 0.256651
vt 0.898812 0.143750
vt 0.876968 0.143750
vt 0.898812 0.149504
vt 0.876968 0.149504
vt 0.292641 0.252079
vt 0.699512 0.252079
vt 0.898812 0.155257
vt 0.876968 0.155257
vt 0.898812 0.161011
vt 0.876968 0.161011
vt 0.876968 0.091967
vt 0.898812 0.091967
vt 0.900738 0.091967
vt 0.900738 0.097721
vt 0.900738 0.155257
vt 0.900738 0.161011
vt 0.900738 0.149504
vt 0.900738 0.143750
vt 0.900738 0.137996
vt 0.900738 0.132243
vt 0.900738 0.126489
vt 0.900738 0.120735
vt 0.900738 0.114982
vt 0.900738 0.109228
vt 0.900738 0.103474
vt 0.901715 0.113088
vt 0.901715 0.108731
vt 0.901715 0.161011
vt 0.901715 0.156654
vt 0.901715 0.152298
vt 0.901715 0.147941
vt 0.901715 0.143584
vt 0.901715 0.139228
vt 0.901715 0.134871
vt 0.901715 0.130515
vt 0.901715 0.126158
vt 0.901715 0.121801
vt 0.901715 0.117445
vt 0.303091 0.934554
vt 0.704763 0.934554
vt 0.704763 0.939286
vt 0.303091 0.939286
vt 0.303091 0.929822
vt 0.704763 0.929822
vt 0.303091 0.925089
vt 0.704763 0.925089
vt 0.303091 0.920357
vt 0.704763 0.920357
vt 0.303091 0.915625
vt 0.704763 0.915625
vt 0.303091 0.910893
vt 0.704763 0.910893
vt 0.303091 0.906161
vt 0.704763 0.906161
vt 0.303091 0.901428
vt 0.704763 0.901428
vt 0.303091 0.896696
vt 0.704763 0.896696
vt 0.303091 0.891964
vt 0.704763 0.891964
vt 0.303091 0.887232
vt 0.704763 0.887232
vt 0.704763 0.944018
vt 0.303091 0.944018
vt 0.797514 0.285168
vt 0.863913 0.285168
vt 0.863913 0.291481
vt 0.797514 0.291481
vt 0.863913 0.297794
vt 0.797514 0.297794
vt 0.797514 0.222037
vt 0.863913 0.222037
vt 0.863913 0.228350
vt 0.797514 0.228350
vt 0.863913 0.234663
vt 0.797514 0.234663
vt 0.863913 0.240976
vt 0.797514 0.240976
vt 0.863913 0.247289
vt 0.797514 0.247289
vt 0.863913 0.253602
vt 0.797514 0.253602
vt 0.863913 0.259915
vt 0.797514 0.259915
vt 0.863913 0.266228
vt 0.797514 0.266228
vt 0.863913 0.272542
vt 0.797514 0.272542
vt 0.863913 0.278855
vt 0.797514 0.278855
vt 0.865376 0.285168
vt 0.865987 0.285168
vt 0.865987 0.291481
vt 0.865376 0.291481
vt 0.796050 0.291481
vt 0.795440 0.291481
vt 0.795440 0.285168
vt 0.796050 0.285168
vt 0.865987 0.297794
vt 0.865376 0.297794
vt 0.796050 0.297794
vt 0.795440 0.297794
vt 0.865376 0.222037
vt 0.865987 0.222037
vt 0.865987 0.228350
vt 0.865376 0.228350
vt 0.796050 0.228350
vt 0.795440 0.228350
vt 0.795440 0.222037
vt 0.796050 0.222037
vt 0.865987 0.234663
vt 0.865376 0.234663
vt 0.796050 0.234663
vt 0.795440 0.234663
vt 0.865987 0.240976
vt 0.865376 0.240976
vt 0.796050 0.240976
vt 0.795440 0.240976
vt 0.865987 0.247289
vt 0.865376 0.247289
vt 0.796050 0.247289
vt 0.795440 0.247289
vt 0.865987 0.253602
vt 0.865376 0.253602
vt 0.796050 0.253602
vt 0.795440 0.253602
vt 0.865987 0.259915
vt 0.865376 0.259915
vt 0.796050 0.259915
vt 0.795440 0.259915
vt 0.865987 0.266228
vt 0.865376 0.266228
vt 0.796050 0.266228
vt 0.795440 0.266228
vt 0.865987 0.272542
vt 0.865376 0.272542
vt 0.796050 0.272542
vt 0.795440 0.272542
vt 0.865987 0.278855
vt 0.865376 0.278855
vt 0.796050 0.278855
vt 0.795440 0.278855
vt 0.864893 0.291481
vt 0.864893 0.285168
vt 0.796534 0.285168
vt 0.796534 0.291481
vt 0.864893 0.297794
vt 0.796534 0.297794
vt 0.864893 0.228350
vt 0.864893 0.222037
vt 0.796534 0.222037
vt 0.796534 0.228350
vt 0.864893 0.234663
vt 0.796534 0.234663
vt 0.864893 0.240976
vt 0.796534 0.240976
vt 0.864893 0.247289
vt 0.796534 0.247289
vt 0.864893 0.253602
vt 0.796534 0.253602
vt 0.864893 0.259915
vt 0.796534 0.259915
vt 0.864893 0.266228
vt 0.796534 0.266228
vt 0.864893 0.272542
vt 0.796534 0.272542
vt 0.864893 0.278855
vt 0.796534 0.278855
vt 0.864382 0.291481
vt 0.864382 0.285168
vt 0.797045 0.285168
vt 0.797045 0.291481
vt 0.864382 0.297794
vt 0.797045 0.297794
vt 0.864382 0.228350
vt 0.864382 0.222037
vt 0.797045 0.222037
vt 0.797045 0.228350
vt 0.864382 0.234663
vt 0.797045 0.234663
vt 0.864382 0.240976
vt 0.797045 0.240976
vt 0.864382 0.247289
vt 0.797045 0.247289
vt 0.864382 0.253602
vt 0.797045 0.253602
vt 0.864382 0.259915
vt 0.797045 0.259915
vt 0.864382 0.266228
vt 0.797045 0.266228
vt 0.864382 0.272542
vt 0.797045 0.272542
vt 0.864382 0.278855
vt 0.797045 0.278855
s 1
usemtl fance
f 4/1/1 3/2/1 2/3/1 1/4/1
f 6/5/2 10/6/3 9/7/4 5/8/5
f 10/6/3 26/9/6 25/10/7 9/7/4
f 26/11/6 42/12/8 41/13/9 25/14/7
f 42/15/8 58/16/10 57/17/11 41/18/9
f 58/19/10 74/20/12 73/21/13 57/22/11
f 74/23/12 90/24/14 89/25/15 73/26/13
f 90/24/14 106/27/16 105/28/17 89/25/15
f 11/29/18 10/6/3 6/5/2
f 11/29/18 27/30/19 26/9/6 10/6/3
f 27/31/19 43/32/20 42/12/8 26/11/6
f 43/32/20 59/33/21 58/19/10 42/12/8
f 59/33/21 75/34/22 74/20/12 58/19/10
f 75/35/22 91/36/23 90/24/14 74/23/12
f 91/36/23 106/27/16 90/24/14
f 12/37/24 11/29/18 6/5/2
f 12/37/24 28/38/25 27/30/19 11/29/18
f 28/39/25 44/40/26 43/41/20 27/42/19
f 44/40/26 60/43/27 59/44/21 43/41/20
f 60/43/27 76/45/28 75/46/22 59/44/21
f 76/47/28 92/48/29 91/36/23 75/35/22
f 92/48/29 106/27/16 91/36/23
f 13/49/30 12/37/24 6/5/2
f 13/49/30 29/50/31 28/38/25 12/37/24
f 29/51/31 45/52/32 44/40/26 28/39/25
f 45/52/32 61/53/33 60/43/27 44/40/26
f 61/53/33 77/54/34 76/45/28 60/43/27
f 77/55/34 93/56/35 92/48/29 76/47/28
f 93/56/35 106/27/16 92/48/29
f 7/57/36 14/58/37 13/49/30 6/5/2
f 14/58/37 30/59/38 29/50/31 13/49/30
f 30/60/38 46/61/39 45/52/32 29/51/31
f 46/61/39 62/62/40 61/53/33 45/52/32
f 62/62/40 78/63/41 77/54/34 61/53/33
f 78/64/41 94/65/42 93/56/35 77/55/34
f 94/65/42 107/66/43 106/27/16 93/56/35
f 15/67/44 14/58/37 7/57/36
f 15/67/44 31/68/45 30/59/38 14/58/37
f 31/69/45 47/70/46 46/61/39 30/60/38
f 47/70/46 63/71/47 62/62/40 46/61/39
f 63/71/47 79/72/48 78/63/41 62/62/40
f 79/73/48 95/74/49 94/65/42 78/64/41
f 95/74/49 107/66/43 94/65/42
f 16/75/50 15/67/44 7/57/36
f 16/75/50 32/76/51 31/68/45 15/67/44
f 32/77/51 48/78/52 47/79/46 31/80/45
f 48/78/52 64/81/53 63/82/47 47/79/46
f 64/81/53 80/83/54 79/84/48 63/82/47
f 80/85/54 96/86/55 95/74/49 79/73/48
f 96/86/55 107/66/43 95/74/49
f 17/87/56 16/75/50 7/57/36
f 17/87/56 33/88/57 32/76/51 16/75/50
f 33/89/57 49/90/58 48/78/52 32/77/51
f 49/90/58 65/91/59 64/81/53 48/78/52
f 65/91/59 81/92/60 80/83/54 64/81/53
f 81/93/60 97/94/61 96/86/55 80/85/54
f 97/94/61 107/66/43 96/86/55
f 8/95/62 18/96/63 17/87/56 7/57/36
f 18/96/63 34/97/64 33/88/57 17/87/56
f 34/98/64 50/99/65 49/90/58 33/89/57
f 50/100/65 66/101/66 65/102/59 49/103/58
f 66/104/66 82/105/67 81/92/60 65/91/59
f 82/106/67 98/107/68 97/94/61 81/93/60
f 98/107/68 108/108/69 107/66/43 97/94/61
f 19/109/70 18/96/63 8/95/62
f 19/109/70 35/110/71 34/97/64 18/96/63
f 35/111/71 51/112/72 50/99/65 34/98/64
f 51/112/72 67/113/73 66/104/66 50/99/65
f 67/113/73 83/114/74 82/105/67 66/104/66
f 83/115/74 99/116/75 98/107/68 82/106/67
f 99/116/75 108/108/69 98/107/68
f 20/117/76 19/109/70 8/95/62
f 20/117/76 36/118/77 35/110/71 19/109/70
f 36/119/77 52/120/78 51/121/72 35/122/71
f 52/120/78 68/123/79 67/124/73 51/121/72
f 68/123/79 84/125/80 83/126/74 67/124/73
f 84/127/80 100/128/81 99/116/75 83/115/74
f 100/128/81 108/108/69 99/116/75
f 21/129/82 20/117/76 8/95/62
f 21/129/82 37/130/83 36/118/77 20/117/76
f 37/131/83 53/132/84 52/120/78 36/119/77
f 53/132/84 69/133/85 68/123/79 52/120/78
f 69/133/85 85/134/86 84/125/80 68/123/79
f 85/135/86 101/136/87 100/128/81 84/127/80
f 101/136/87 108/108/69 100/128/81
f 5/8/5 22/137/88 21/129/82 8/95/62
f 22/137/88 38/138/89 37/130/83 21/129/82
f 38/139/89 54/140/90 53/132/84 37/131/83
f 54/140/90 70/141/91 69/133/85 53/132/84
f 70/141/91 86/142/92 85/134/86 69/133/85
f 86/143/92 102/144/93 101/136/87 85/135/86
f 102/144/93 105/28/17 108/108/69 101/136/87
f 23/145/94 22/137/88 5/8/5
f 23/145/94 39/146/95 38/138/89 22/137/88
f 39/147/95 55/148/96 54/140/90 38/139/89
f 55/148/96 71/149/97 70/141/91 54/140/90
f 71/149/97 87/150/98 86/142/92 70/141/91
f 87/151/98 103/152/99 102/144/93 86/143/92
f 103/152/99 105/28/17 102/144/93
f 24/153/100 23/145/94 5/8/5
f 24/153/100 40/154/101 39/146/95 23/145/94
f 40/155/101 56/156/102 55/157/96 39/158/95
f 56/156/102 72/159/103 71/160/97 55/157/96
f 72/159/103 88/161/104 87/162/98 71/160/97
f 88/163/104 104/164/105 103/152/99 87/151/98
f 104/164/105 105/28/17 103/152/99
f 9/7/4 24/153/100 5/8/5
f 9/7/4 25/10/7 40/154/101 24/153/100
f 25/14/7 41/13/9 56/156/102 40/155/101
f 41/13/9 57/22/11 72/159/103 56/156/102
f 57/22/11 73/21/13 88/161/104 72/159/103
f 73/26/13 89/25/15 104/164/105 88/163/104
f 89/25/15 105/28/17 104/164/105
f 106/27/16 107/66/43 108/108/69 105/28/17
f 8/95/62 7/57/36 6/5/2 5/8/5
f 110/165/2 114/166/3 113/167/4 109/168/5
f 114/166/3 130/169/6 129/170/7 113/167/4
f 130/171/6 146/172/8 145/173/9 129/174/7
f 146/175/8 162/176/10 161/177/106 145/178/9
f 162/179/10 178/180/12 177/181/13 161/182/106
f 178/183/12 194/184/14 193/185/15 177/186/13
f 194/184/14 210/187/16 209/188/17 193/185/15
f 115/189/18 114/166/3 110/165/2
f 115/189/18 131/190/19 130/169/6 114/166/3
f 131/191/19 147/192/20 146/172/8 130/171/6
f 147/192/20 163/193/21 162/179/10 146/172/8
f 163/193/21 179/194/22 178/180/12 162/179/10
f 179/195/22 195/196/23 194/184/14 178/183/12
f 195/196/23 210/187/16 194/184/14
f 116/197/24 115/189/18 110/165/2
f 116/197/24 132/198/25 131/190/19 115/189/18
f 132/199/25 148/200/26 147/192/20 131/191/19
f 148/200/26 164/201/27 163/193/21 147/192/20
f 164/201/27 180/202/28 179/194/22 163/193/21
f 180/203/28 196/204/29 195/196/23 179/195/22
f 196/204/29 210/187/16 195/196/23
f 117/205/30 116/197/24 110/165/2
f 117/205/30 133/206/31 132/198/25 116/197/24
f 133/207/31 149/208/32 148/209/26 132/210/25
f 149/208/32 165/211/33 164/212/27 148/209/26
f 165/211/33 181/213/34 180/214/28 164/212/27
f 181/215/34 197/216/35 196/204/29 180/203/28
f 197/216/35 210/187/16 196/204/29
f 111/217/36 118/218/37 117/205/30 110/165/2
f 118/218/37 134/219/38 133/206/31 117/205/30
f 134/220/38 150/221/39 149/208/32 133/207/31
f 150/221/39 166/222/107 165/211/33 149/208/32
f 166/222/107 182/223/41 181/213/34 165/211/33
f 182/224/41 198/225/42 197/216/35 181/215/34
f 198/225/42 211/226/43 210/187/16 197/216/35
f 119/227/44 118/218/37 111/217/36
f 119/227/44 135/228/45 134/219/38 118/218/37
f 135/229/45 151/230/46 150/221/39 134/220/38
f 151/230/46 167/231/108 166/222/107 150/221/39
f 167/231/108 183/232/48 182/223/41 166/222/107
f 183/233/48 199/234/49 198/225/42 182/224/41
f 199/234/49 211/226/43 198/225/42
f 120/235/50 119/227/44 111/217/36
f 120/235/50 136/236/51 135/228/45 119/227/44
f 136/237/51 152/238/52 151/239/46 135/240/45
f 152/238/52 168/241/53 167/242/108 151/239/46
f 168/241/53 184/243/54 183/244/48 167/242/108
f 184/245/54 200/246/55 199/234/49 183/233/48
f 200/246/55 211/226/43 199/234/49
f 121/247/56 120/235/50 111/217/36
f 121/247/56 137/248/57 136/236/51 120/235/50
f 137/249/57 153/250/58 152/238/52 136/237/51
f 153/250/58 169/251/109 168/241/53 152/238/52
f 169/251/109 185/252/60 184/243/54 168/241/53
f 185/253/60 201/254/61 200/246/55 184/245/54
f 201/254/61 211/226/43 200/246/55
f 112/255/62 122/256/63 121/247/56 111/217/36
f 122/256/63 138/257/64 137/248/57 121/247/56
f 138/258/64 154/259/65 153/250/58 137/249/57
f 154/260/65 170/261/66 169/262/109 153/263/58
f 170/264/66 186/265/67 185/252/60 169/251/109
f 186/266/67 202/267/68 201/254/61 185/253/60
f 202/267/68 212/268/69 211/226/43 201/254/61
f 123/269/70 122/256/63 112/255/62
f 123/269/70 139/270/71 138/257/64 122/256/63
f 139/271/71 155/272/72 154/259/65 138/258/64
f 155/272/72 171/273/73 170/264/66 154/259/65
f 171/273/73 187/274/74 186/265/67 170/264/66
f 187/275/74 203/276/75 202/267/68 186/266/67
f 203/276/75 212/268/69 202/267/68
f 124/277/76 123/269/70 112/255/62
f 124/277/76 140/278/77 139/270/71 123/269/70
f 140/279/77 156/280/110 155/281/72 139/282/71
f 156/280/110 172/283/79 171/284/73 155/281/72
f 172/283/79 188/285/80 187/286/74 171/284/73
f 188/287/80 204/288/81 203/276/75 187/275/74
f 204/288/81 212/268/69 203/276/75
f 125/289/82 124/277/76 112/255/62
f 125/289/82 141/290/83 140/278/77 124/277/76
f 141/291/83 157/292/84 156/280/110 140/279/77
f 157/292/84 173/293/85 172/283/79 156/280/110
f 173/293/85 189/294/86 188/285/80 172/283/79
f 189/295/86 205/296/87 204/288/81 188/287/80
f 205/296/87 212/268/69 204/288/81
f 109/168/5 126/297/88 125/289/82 112/255/62
f 126/297/88 142/298/89 141/290/83 125/289/82
f 142/299/89 158/300/90 157/292/84 141/291/83
f 158/300/90 174/301/111 173/293/85 157/292/84
f 174/301/111 190/302/92 189/294/86 173/293/85
f 190/303/92 206/304/93 205/296/87 189/295/86
f 206/304/93 209/188/17 212/268/69 205/296/87
f 127/305/94 126/297/88 109/168/5
f 127/305/94 143/306/95 142/298/89 126/297/88
f 143/307/95 159/308/112 158/300/90 142/299/89
f 159/308/112 175/309/113 174/301/111 158/300/90
f 175/309/113 191/310/98 190/302/92 174/301/111
f 191/311/98 207/312/99 206/304/93 190/303/92
f 207/312/99 209/188/17 206/304/93
f 128/313/100 127/305/94 109/168/5
f 128/313/100 144/314/114 143/306/95 127/305/94
f 144/315/114 160/316/102 159/317/112 143/318/95
f 160/316/102 176/319/103 175/320/113 159/317/112
f 176/319/103 192/321/115 191/322/98 175/320/113
f 192/323/115 208/324/105 207/312/99 191/311/98
f 208/324/105 209/188/17 207/312/99
f 113/167/4 128/313/100 109/168/5
f 113/167/4 129/170/7 144/314/114 128/313/100
f 129/174/7 145/173/9 160/316/102 144/315/114
f 145/173/9 161/182/106 176/319/103 160/316/102
f 161/182/106 177/181/13 192/321/115 176/319/103
f 177/186/13 193/185/15 208/324/105 192/323/115
f 193/185/15 209/188/17 208/324/105
f 210/187/16 211/226/43 212/268/69 209/188/17
f 112/255/62 111/217/36 110/165/2 109/168/5
f 261/325/116 263/326/117 285/327/118 287/328/119
f 283/329/120 261/325/116 287/328/119 289/330/121
f 281/331/122 283/329/120 289/330/121 291/332/123
f 279/333/124 281/331/122 291/332/123 293/334/125
f 277/335/126 279/333/124 293/334/125 295/336/127
f 275/337/128 277/335/126 295/336/127 297/338/129
f 273/339/130 275/337/128 297/338/129 299/340/131
f 271/341/132 273/339/130 299/340/131 301/342/133
f 269/343/134 271/341/132 301/342/133 303/344/135
f 267/345/136 269/343/134 303/344/135 305/346/137
f 265/347/138 267/345/136 305/346/137 307/348/139
f 263/326/117 265/349/138 307/350/139 285/327/118
f 213/351/140 214/352/140 264/353/141 262/354/142
f 225/355/143 226/356/143 288/357/144 286/358/145
f 224/359/140 213/351/140 262/354/142 284/360/146
f 226/356/143 227/361/143 290/362/147 288/357/144
f 223/363/140 224/359/140 284/360/146 282/364/148
f 227/361/143 228/365/143 292/366/149 290/362/147
f 222/367/140 223/363/140 282/364/148 280/368/150
f 228/365/143 229/369/143 294/370/151 292/366/149
f 221/371/140 222/367/140 280/368/150 278/372/152
f 229/369/143 230/373/143 296/374/153 294/370/151
f 220/375/140 221/371/140 278/372/152 276/376/154
f 230/373/143 231/377/143 298/378/155 296/374/153
f 219/379/140 220/375/140 276/376/154 274/380/156
f 231/377/143 232/381/143 300/382/157 298/378/155
f 218/383/140 219/379/140 274/380/156 272/384/158
f 232/381/143 233/385/143 302/386/159 300/382/157
f 217/387/140 218/383/140 272/384/158 270/388/160
f 233/385/143 234/389/143 304/390/161 302/386/159
f 216/391/140 217/387/140 270/388/160 268/392/162
f 234/389/143 235/393/143 306/394/163 304/390/161
f 215/395/140 216/391/140 268/392/162 266/396/164
f 235/393/143 236/397/143 308/398/165 306/394/163
f 214/352/140 215/399/140 266/400/164 264/353/141
f 236/401/143 225/355/143 286/358/145 308/402/165
f 264/353/141 311/403/166 310/404/167 262/354/142
f 288/357/144 315/405/168 314/406/169 286/358/145
f 262/354/142 310/404/167 318/407/170 284/360/146
f 290/362/147 319/408/171 315/405/168 288/357/144
f 284/360/146 318/407/170 322/409/172 282/364/148
f 292/366/149 323/410/173 319/408/171 290/362/147
f 282/364/148 322/409/172 326/411/174 280/368/150
f 294/370/151 327/412/175 323/410/173 292/366/149
f 280/368/150 326/411/174 330/413/176 278/372/152
f 296/374/153 331/414/177 327/412/175 294/370/151
f 278/372/152 330/413/176 259/415/178 276/376/154
f 298/378/155 258/416/179 331/414/177 296/374/153
f 276/376/154 259/415/178 255/417/180 274/380/156
f 300/382/157 254/418/181 258/416/179 298/378/155
f 274/380/156 255/417/180 251/419/182 272/384/158
f 302/386/159 250/420/183 254/418/181 300/382/157
f 272/384/158 251/419/182 247/421/184 270/388/160
f 304/390/161 246/422/185 250/420/183 302/386/159
f 270/388/160 247/421/184 243/423/186 268/392/162
f 306/394/163 242/424/187 246/422/185 304/390/161
f 268/392/162 243/423/186 239/425/188 266/396/164
f 308/398/165 238/426/189 242/424/187 306/394/163
f 266/400/164 239/427/188 311/403/166 264/353/141
f 286/358/145 314/406/169 238/428/189 308/402/165
f 312/429/190 309/430/191 310/404/167 311/403/166
f 263/326/117 261/325/116 309/430/191 312/429/190
f 316/431/192 313/432/193 314/406/169 315/405/168
f 287/328/119 285/327/118 313/432/193 316/431/192
f 309/430/191 317/433/194 318/407/170 310/404/167
f 261/325/116 283/329/120 317/433/194 309/430/191
f 320/434/195 316/431/192 315/405/168 319/408/171
f 289/330/121 287/328/119 316/431/192 320/434/195
f 317/433/194 321/435/196 322/409/172 318/407/170
f 283/329/120 281/331/122 321/435/196 317/433/194
f 324/436/197 320/434/195 319/408/171 323/410/173
f 291/332/123 289/330/121 320/434/195 324/436/197
f 321/435/196 325/437/198 326/411/174 322/409/172
f 281/331/122 279/333/124 325/437/198 321/435/196
f 328/438/199 324/436/197 323/410/173 327/412/175
f 293/334/125 291/332/123 324/436/197 328/438/199
f 325/437/198 329/439/200 330/413/176 326/411/174
f 279/333/124 277/335/126 329/439/200 325/437/198
f 332/440/201 328/438/199 327/412/175 331/414/177
f 295/336/127 293/334/125 328/438/199 332/440/201
f 329/439/200 260/441/202 259/415/178 330/413/176
f 277/335/126 275/337/128 260/441/202 329/439/200
f 257/442/203 332/440/201 331/414/177 258/416/179
f 297/338/129 295/336/127 332/440/201 257/442/203
f 260/441/202 256/443/204 255/417/180 259/415/178
f 275/337/128 273/339/130 256/443/204 260/441/202
f 253/444/205 257/442/203 258/416/179 254/418/181
f 299/340/131 297/338/129 257/442/203 253/444/205
f 256/443/204 252/445/206 251/419/182 255/417/180
f 273/339/130 271/341/132 252/445/206 256/443/204
f 249/446/207 253/444/205 254/418/181 250/420/183
f 301/342/133 299/340/131 253/444/205 249/446/207
f 252/445/206 248/447/208 247/421/184 251/419/182
f 271/341/132 269/343/134 248/447/208 252/445/206
f 245/448/209 249/446/207 250/420/183 246/422/185
f 303/344/135 301/342/133 249/446/207 245/448/209
f 248/447/208 244/449/210 243/423/186 247/421/184
f 269/343/134 267/345/136 244/449/210 248/447/208
f 241/450/211 245/448/209 246/422/185 242/424/187
f 305/346/137 303/344/135 245/448/209 241/450/211
f 244/449/210 240/451/212 239/425/188 243/423/186
f 267/345/136 265/347/138 240/451/212 244/449/210
f 237/452/213 241/450/211 242/424/187 238/426/189
f 307/348/139 305/346/137 241/450/211 237/452/213
f 240/453/212 312/429/190 311/403/166 239/427/188
f 265/349/138 263/326/117 312/429/190 240/453/212
f 313/432/193 237/454/213 238/428/189 314/406/169
f 285/327/118 307/350/139 237/454/213 313/432/193
f 383/455/214 381/456/215 407/457/216 405/458/217
f 381/456/215 403/459/218 409/460/219 407/457/216
f 403/459/218 401/461/220 411/462/221 409/460/219
f 401/463/220 399/464/222 413/465/223 411/466/221
f 399/464/222 397/467/224 415/468/225 413/465/223
f 397/467/224 395/469/226 417/470/227 415/468/225
f 395/469/226 393/471/228 419/472/229 417/470/227
f 393/471/228 391/473/230 421/474/231 419/472/229
f 391/473/230 389/475/232 423/476/233 421/474/231
f 389/475/232 387/477/234 425/478/235 423/476/233
f 387/477/234 385/479/236 427/480/237 425/478/235
f 385/479/236 383/455/214 405/458/217 427/480/237
f 334/481/238 333/482/238 382/483/239 384/484/240
f 346/485/241 345/486/241 406/487/242 408/488/243
f 333/482/238 344/489/238 404/490/244 382/483/239
f 347/491/241 346/485/241 408/488/243 410/492/245
f 344/489/238 343/493/238 402/494/246 404/490/244
f 348/495/241 347/491/241 410/492/245 412/496/247
f 343/497/238 342/498/238 400/499/248 402/500/246
f 349/501/241 348/502/241 412/503/247 414/504/249
f 342/498/238 341/505/238 398/506/250 400/499/248
f 350/507/241 349/501/241 414/504/249 416/508/251
f 341/505/238 340/509/238 396/510/252 398/506/250
f 351/511/241 350/507/241 416/508/251 418/512/253
f 340/509/238 339/513/238 394/514/254 396/510/252
f 352/515/241 351/511/241 418/512/253 420/516/255
f 339/513/238 338/517/238 392/518/256 394/514/254
f 353/519/241 352/515/241 420/516/255 422/520/257
f 338/517/238 337/521/238 390/522/258 392/518/256
f 354/523/241 353/519/241 422/520/257 424/524/259
f 337/521/238 336/525/238 388/526/260 390/522/258
f 355/527/241 354/523/241 424/524/259 426/528/261
f 336/525/238 335/529/238 386/530/262 388/526/260
f 356/531/241 355/527/241 426/528/261 428/532/263
f 335/529/238 334/481/238 384/484/240 386/530/262
f 345/486/241 356/531/241 428/532/263 406/487/242
f 382/483/239 431/533/264 430/534/265 384/484/240
f 406/487/242 435/535/266 434/536/267 408/488/243
f 404/490/244 437/537/268 431/533/264 382/483/239
f 408/488/243 434/536/267 440/538/269 410/492/245
f 402/494/246 441/539/270 437/537/268 404/490/244
f 410/492/245 440/538/269 444/540/271 412/496/247
f 400/499/248 445/541/272 441/542/270 402/500/246
f 412/503/247 444/543/271 448/544/273 414/504/249
f 398/506/250 449/545/274 445/541/272 400/499/248
f 414/504/249 448/544/273 452/546/275 416/508/251
f 396/510/252 380/547/276 449/545/274 398/506/250
f 416/508/251 452/546/275 377/548/277 418/512/253
f 394/514/254 376/549/278 380/547/276 396/510/252
f 418/512/253 377/548/277 373/550/279 420/516/255
f 392/518/256 372/551/280 376/549/278 394/514/254
f 420/516/255 373/550/279 369/552/281 422/520/257
f 390/522/258 368/553/282 372/551/280 392/518/256
f 422/520/257 369/552/281 365/554/283 424/524/259
f 388/526/260 364/555/284 368/553/282 390/522/258
f 424/524/259 365/554/283 361/556/285 426/528/261
f 386/530/262 360/557/286 364/555/284 388/526/260
f 426/528/261 361/556/285 357/558/287 428/532/263
f 384/484/240 430/534/265 360/557/286 386/530/262
f 428/532/263 357/558/287 435/535/266 406/487/242
f 432/559/288 429/560/289 430/534/265 431/533/264
f 381/456/215 383/455/214 429/560/289 432/559/288
f 436/561/290 433/562/291 434/536/267 435/535/266
f 405/458/217 407/457/216 433/562/291 436/561/290
f 438/563/292 432/559/288 431/533/264 437/537/268
f 403/459/218 381/456/215 432/559/288 438/563/292
f 433/562/291 439/564/293 440/538/269 434/536/267
f 407/457/216 409/460/219 439/564/293 433/562/291
f 442/565/294 438/563/292 437/537/268 441/539/270
f 401/461/220 403/459/218 438/563/292 442/565/294
f 439/564/293 443/566/295 444/540/271 440/538/269
f 409/460/219 411/462/221 443/566/295 439/564/293
f 446/567/296 442/568/294 441/542/270 445/541/272
f 399/464/222 401/463/220 442/568/294 446/567/296
f 443/569/295 447/570/297 448/544/273 444/543/271
f 411/466/221 413/465/223 447/570/297 443/569/295
f 450/571/298 446/567/296 445/541/272 449/545/274
f 397/467/224 399/464/222 446/567/296 450/571/298
f 447/570/297 451/572/299 452/546/275 448/544/273
f 413/465/223 415/468/225 451/572/299 447/570/297
f 379/573/300 450/571/298 449/545/274 380/547/276
f 395/469/226 397/467/224 450/571/298 379/573/300
f 451/572/299 378/574/301 377/548/277 452/546/275
f 415/468/225 417/470/227 378/574/301 451/572/299
f 375/575/302 379/573/300 380/547/276 376/549/278
f 393/471/228 395/469/226 379/573/300 375/575/302
f 378/574/301 374/576/303 373/550/279 377/548/277
f 417/470/227 419/472/229 374/576/303 378/574/301
f 371/577/304 375/575/302 376/549/278 372/551/280
f 391/473/230 393/471/228 375/575/302 371/577/304
f 374/576/303 370/578/305 369/552/281 373/550/279
f 419/472/229 421/474/231 370/578/305 374/576/303
f 367/579/306 371/577/304 372/551/280 368/553/282
f 389/475/232 391/473/230 371/577/304 367/579/306
f 370/578/305 366/580/307 365/554/283 369/552/281
f 421/474/231 423/476/233 366/580/307 370/578/305
f 363/581/308 367/579/306 368/553/282 364/555/284
f 387/477/234 389/475/232 367/579/306 363/581/308
f 366/580/307 362/582/309 361/556/285 365/554/283
f 423/476/233 425/478/235 362/582/309 366/580/307
f 359/583/310 363/581/308 364/555/284 360/557/286
f 385/479/236 387/477/234 363/581/308 359/583/310
f 362/582/309 358/584/311 357/558/287 361/556/285
f 425/478/235 427/480/237 358/584/311 362/582/309
f 429/560/289 359/583/310 360/557/286 430/534/265
f 383/455/214 385/479/236 359/583/310 429/560/289
f 358/584/311 436/561/290 435/535/266 357/558/287
f 427/480/237 405/458/217 436/561/290 358/584/311
f 525/585/312 503/586/118 501/587/313 527/588/116
f 527/588/116 501/587/313 523/589/121 529/590/314
f 529/590/314 523/589/121 521/591/123 531/592/122
f 531/592/122 521/591/123 519/593/125 533/594/124
f 533/594/124 519/593/125 517/595/127 535/596/126
f 535/596/126 517/595/127 515/597/129 537/598/315
f 537/598/315 515/597/129 513/599/131 539/600/130
f 539/600/130 513/599/131 511/601/133 541/602/316
f 541/602/316 511/601/133 509/603/317 543/604/134
f 543/604/134 509/603/317 507/605/137 545/606/136
f 545/606/136 507/605/137 505/607/139 547/608/138
f 547/609/138 505/610/139 503/586/118 525/585/312
f 504/611/318 454/612/319 453/613/319 502/614/320
f 528/615/321 466/616/140 465/617/140 526/618/322
f 502/614/320 453/613/319 464/619/143 524/620/323
f 530/621/324 467/622/140 466/616/140 528/615/321
f 524/620/323 464/619/143 463/623/325 522/624/326
f 532/625/327 468/626/140 467/622/140 530/621/324
f 522/624/326 463/623/325 462/627/143 520/628/328
f 534/629/150 469/630/329 468/626/140 532/625/327
f 520/628/328 462/627/143 461/631/143 518/632/330
f 536/633/331 470/634/140 469/630/329 534/629/150
f 518/632/330 461/631/143 460/635/325 516/636/332
f 538/637/333 471/638/140 470/634/140 536/633/331
f 516/636/332 460/635/325 459/639/325 514/640/334
f 540/641/335 472/642/140 471/638/140 538/637/333
f 514/640/334 459/639/325 458/643/143 512/644/336
f 542/645/337 473/646/140 472/642/140 540/641/335
f 512/644/336 458/643/143 457/647/319 510/648/338
f 544/649/339 474/650/140 473/646/140 542/645/337
f 510/648/338 457/647/319 456/651/143 508/652/340
f 546/653/341 475/654/342 474/650/140 544/649/339
f 508/652/340 456/651/143 455/655/143 506/656/343
f 548/657/344 476/658/140 475/654/342 546/653/341
f 506/659/343 455/660/143 454/612/319 504/611/318
f 526/618/322 465/617/140 476/661/140 548/662/344
f 550/663/168 551/664/169 504/611/318 502/614/320
f 554/665/166 555/666/167 528/615/321 526/618/322
f 558/667/171 550/663/168 502/614/320 524/620/323
f 555/666/167 559/668/170 530/621/324 528/615/321
f 562/669/173 558/667/171 524/620/323 522/624/326
f 559/668/170 563/670/172 532/625/327 530/621/324
f 566/671/175 562/669/173 522/624/326 520/628/328
f 563/670/172 567/672/174 534/629/150 532/625/327
f 570/673/345 566/671/175 520/628/328 518/632/330
f 567/672/174 571/674/176 536/633/331 534/629/150
f 499/675/179 570/673/345 518/632/330 516/636/332
f 571/674/176 498/676/178 538/637/333 536/633/331
f 495/677/181 499/675/179 516/636/332 514/640/334
f 498/676/178 494/678/180 540/641/335 538/637/333
f 491/679/183 495/677/181 514/640/334 512/644/336
f 494/678/180 490/680/182 542/645/337 540/641/335
f 487/681/185 491/679/183 512/644/336 510/648/338
f 490/680/182 486/682/184 544/649/339 542/645/337
f 483/683/187 487/681/185 510/648/338 508/652/340
f 486/682/184 482/684/186 546/653/341 544/649/339
f 479/685/346 483/683/187 508/652/340 506/656/343
f 482/684/186 478/686/188 548/657/344 546/653/341
f 551/664/169 479/687/346 506/659/343 504/611/318
f 478/688/188 554/665/166 526/618/322 548/662/344
f 550/663/168 549/689/192 552/690/193 551/664/169
f 549/689/192 501/587/313 503/586/118 552/690/193
f 554/665/166 553/691/190 556/692/191 555/666/167
f 553/691/190 525/585/312 527/588/116 556/692/191
f 558/667/171 557/693/195 549/689/192 550/663/168
f 557/693/195 523/589/121 501/587/313 549/689/192
f 555/666/167 556/692/191 560/694/194 559/668/170
f 556/692/191 527/588/116 529/590/314 560/694/194
f 562/669/173 561/695/197 557/693/195 558/667/171
f 561/695/197 521/591/123 523/589/121 557/693/195
f 559/668/170 560/694/194 564/696/196 563/670/172
f 560/694/194 529/590/314 531/592/122 564/696/196
f 566/671/175 565/697/199 561/695/197 562/669/173
f 565/697/199 519/593/125 521/591/123 561/695/197
f 563/670/172 564/696/196 568/698/198 567/672/174
f 564/696/196 531/592/122 533/594/124 568/698/198
f 570/673/345 569/699/201 565/697/199 566/671/175
f 569/699/201 517/595/127 519/593/125 565/697/199
f 567/672/174 568/698/198 572/700/200 571/674/176
f 568/698/198 533/594/124 535/596/126 572/700/200
f 499/675/179 500/701/203 569/699/201 570/673/345
f 500/701/203 515/597/129 517/595/127 569/699/201
f 571/674/176 572/700/200 497/702/202 498/676/178
f 572/700/200 535/596/126 537/598/315 497/702/202
f 495/677/181 496/703/205 500/701/203 499/675/179
f 496/703/205 513/599/131 515/597/129 500/701/203
f 498/676/178 497/702/202 493/704/204 494/678/180
f 497/702/202 537/598/315 539/600/130 493/704/204
f 491/679/183 492/705/207 496/703/205 495/677/181
f 492/705/207 511/601/133 513/599/131 496/703/205
f 494/678/180 493/704/204 489/706/206 490/680/182
f 493/704/204 539/600/130 541/602/316 489/706/206
f 487/681/185 488/707/209 492/705/207 491/679/183
f 488/707/209 509/603/317 511/601/133 492/705/207
f 490/680/182 489/706/206 485/708/208 486/682/184
f 489/706/206 541/602/316 543/604/134 485/708/208
f 483/683/187 484/709/211 488/707/209 487/681/185
f 484/709/211 507/605/137 509/603/317 488/707/209
f 486/682/184 485/708/208 481/710/210 482/684/186
f 485/708/208 543/604/134 545/606/136 481/710/210
f 479/685/346 480/711/213 484/709/211 483/683/187
f 480/711/213 505/607/139 507/605/137 484/709/211
f 482/684/186 481/710/210 477/712/212 478/686/188
f 481/710/210 545/606/136 547/608/138 477/712/212
f 551/664/169 552/690/193 480/713/213 479/687/346
f 552/690/193 503/586/118 505/610/139 480/713/213
f 478/688/188 477/714/212 553/691/190 554/665/166
f 477/714/212 547/609/138 525/585/312 553/691/190
f 647/715/237 621/716/236 623/717/214 645/718/217
f 649/719/235 643/720/234 621/716/236 647/715/237
f 651/721/233 641/722/232 643/720/234 649/719/235
f 653/723/231 639/724/230 641/725/232 651/726/233
f 655/727/229 637/728/228 639/724/230 653/723/231
f 657/729/227 635/730/226 637/728/228 655/727/229
f 659/731/225 633/732/224 635/730/226 657/729/227
f 661/733/223 631/734/222 633/732/224 659/731/225
f 663/735/221 629/736/220 631/734/222 661/733/223
f 665/737/219 627/738/218 629/736/220 663/735/221
f 667/739/216 625/740/215 627/738/218 665/737/219
f 645/718/217 623/717/214 625/740/215 667/739/216
f 622/741/262 573/742/238 574/743/238 624/744/240
f 646/745/242 585/746/241 586/747/241 648/748/263
f 644/749/260 584/750/238 573/742/238 622/741/262
f 648/748/263 586/747/241 587/751/241 650/752/347
f 642/753/258 583/754/238 584/750/238 644/749/260
f 650/752/347 587/751/241 588/755/241 652/756/348
f 640/757/256 582/758/238 583/759/238 642/760/258
f 652/761/348 588/762/241 589/763/241 654/764/349
f 638/765/254 581/766/238 582/758/238 640/757/256
f 654/764/349 589/763/241 590/767/241 656/768/350
f 636/769/252 580/770/238 581/766/238 638/765/254
f 656/768/350 590/767/241 591/771/241 658/772/351
f 634/773/250 579/774/238 580/770/238 636/769/252
f 658/772/351 591/771/241 592/775/241 660/776/352
f 632/777/248 578/778/238 579/774/238 634/773/250
f 660/776/352 592/775/241 593/779/241 662/780/249
f 630/781/246 577/782/238 578/778/238 632/777/248
f 662/780/249 593/779/241 594/783/241 664/784/247
f 628/785/244 576/786/238 577/782/238 630/781/246
f 664/784/247 594/783/241 595/787/241 666/788/245
f 626/789/239 575/790/238 576/786/238 628/785/244
f 666/788/245 595/787/241 596/791/241 668/792/353
f 624/744/240 574/743/238 575/790/238 626/789/239
f 668/792/353 596/791/241 585/746/241 646/745/242
f 670/793/265 671/794/286 622/741/262 624/744/240
f 674/795/287 675/796/266 646/745/242 648/748/263
f 671/794/286 677/797/284 644/749/260 622/741/262
f 680/798/285 674/795/287 648/748/263 650/752/347
f 677/797/284 681/799/282 642/753/258 644/749/260
f 684/800/283 680/798/285 650/752/347 652/756/348
f 681/801/282 685/802/280 640/757/256 642/760/258
f 688/803/281 684/804/283 652/761/348 654/764/349
f 685/802/280 689/805/278 638/765/254 640/757/256
f 692/806/279 688/803/281 654/764/349 656/768/350
f 689/805/278 620/807/276 636/769/252 638/765/254
f 617/808/354 692/806/279 656/768/350 658/772/351
f 620/807/276 616/809/355 634/773/250 636/769/252
f 613/810/275 617/808/354 658/772/351 660/776/352
f 616/809/355 612/811/356 632/777/248 634/773/250
f 609/812/273 613/810/275 660/776/352 662/780/249
f 612/811/356 608/813/270 630/781/246 632/777/248
f 605/814/271 609/812/273 662/780/249 664/784/247
f 608/813/270 604/815/268 628/785/244 630/781/246
f 601/816/269 605/814/271 664/784/247 666/788/245
f 604/815/268 600/817/264 626/789/239 628/785/244
f 597/818/267 601/816/269 666/788/245 668/792/353
f 600/817/264 670/793/265 624/744/240 626/789/239
f 675/796/266 597/818/267 668/792/353 646/745/242
f 670/793/265 669/819/289 672/820/310 671/794/286
f 669/819/289 623/717/214 621/716/236 672/820/310
f 674/795/287 673/821/311 676/822/290 675/796/266
f 673/821/311 647/715/237 645/718/217 676/822/290
f 671/794/286 672/820/310 678/823/308 677/797/284
f 672/820/310 621/716/236 643/720/234 678/823/308
f 680/798/285 679/824/309 673/821/311 674/795/287
f 679/824/309 649/719/235 647/715/237 673/821/311
f 677/797/284 678/823/308 682/825/306 681/799/282
f 678/823/308 643/720/234 641/722/232 682/825/306
f 684/800/283 683/826/307 679/824/309 680/798/285
f 683/826/307 651/721/233 649/719/235 679/824/309
f 681/801/282 682/827/306 686/828/304 685/802/280
f 682/827/306 641/725/232 639/724/230 686/828/304
f 688/803/281 687/829/305 683/830/307 684/804/283
f 687/829/305 653/723/231 651/726/233 683/830/307
f 685/802/280 686/828/304 690/831/302 689/805/278
f 686/828/304 639/724/230 637/728/228 690/831/302
f 692/806/279 691/832/303 687/829/305 688/803/281
f 691/832/303 655/727/229 653/723/231 687/829/305
f 689/805/278 690/831/302 619/833/300 620/807/276
f 690/831/302 637/728/228 635/730/226 619/833/300
f 617/808/354 618/834/301 691/832/303 692/806/279
f 618/834/301 657/729/227 655/727/229 691/832/303
f 620/807/276 619/833/300 615/835/298 616/809/355
f 619/833/300 635/730/226 633/732/224 615/835/298
f 613/810/275 614/836/299 618/834/301 617/808/354
f 614/836/299 659/731/225 657/729/227 618/834/301
f 616/809/355 615/835/298 611/837/296 612/811/356
f 615/835/298 633/732/224 631/734/222 611/837/296
f 609/812/273 610/838/297 614/836/299 613/810/275
f 610/838/297 661/733/223 659/731/225 614/836/299
f 612/811/356 611/837/296 607/839/294 608/813/270
f 611/837/296 631/734/222 629/736/220 607/839/294
f 605/814/271 606/840/295 610/838/297 609/812/273
f 606/840/295 663/735/221 661/733/223 610/838/297
f 608/813/270 607/839/294 603/841/292 604/815/268
f 607/839/294 629/736/220 627/738/218 603/841/292
f 601/816/269 602/842/293 606/840/295 605/814/271
f 602/842/293 665/737/219 663/735/221 606/840/295
f 604/815/268 603/841/292 599/843/288 600/817/264
f 603/841/292 627/738/218 625/740/215 599/843/288
f 597/818/267 598/844/291 602/842/293 601/816/269
f 598/844/291 667/739/216 665/737/219 602/842/293
f 600/817/264 599/843/288 669/819/289 670/793/265
f 599/843/288 625/740/215 623/717/214 669/819/289
f 675/796/266 676/822/290 598/844/291 597/818/267
f 676/822/290 645/718/217 667/739/216 598/844/291
f 741/845/116 743/846/312 765/847/118 767/848/313
f 763/849/120 741/845/116 767/848/313 769/850/121
f 761/851/357 763/849/120 769/850/121 771/852/123
f 759/853/124 761/851/357 771/852/123 773/854/125
f 757/855/126 759/853/124 773/854/125 775/856/127
f 755/857/128 757/855/126 775/856/127 777/858/129
f 753/859/130 755/857/128 777/858/129 779/860/131
f 751/861/132 753/859/130 779/860/131 781/862/133
f 749/863/134 751/861/132 781/862/133 783/864/317
f 747/865/136 749/863/134 783/864/317 785/866/137
f 745/867/138 747/865/136 785/866/137 787/868/139
f 743/846/312 745/869/138 787/870/139 765/847/118
f 693/871/140 694/872/140 744/873/141 742/874/142
f 705/875/143 706/876/143 768/877/144 766/878/145
f 704/879/140 693/871/140 742/874/142 764/880/146
f 706/876/143 707/881/143 770/882/147 768/877/144
f 703/883/140 704/879/140 764/880/146 762/884/148
f 707/881/143 708/885/143 772/886/149 770/882/147
f 702/887/140 703/883/140 762/884/148 760/888/150
f 708/885/143 709/889/143 774/890/151 772/886/149
f 701/891/140 702/887/140 760/888/150 758/892/152
f 709/889/143 710/893/143 776/894/153 774/890/151
f 700/895/140 701/891/140 758/892/152 756/896/154
f 710/893/143 711/897/143 778/898/155 776/894/153
f 699/899/140 700/895/140 756/896/154 754/900/156
f 711/897/143 712/901/143 780/902/157 778/898/155
f 698/903/140 699/899/140 754/900/156 752/904/158
f 712/901/143 713/905/143 782/906/159 780/902/157
f 697/907/140 698/903/140 752/904/158 750/908/160
f 713/905/143 714/909/143 784/910/161 782/906/159
f 696/911/140 697/907/140 750/908/160 748/912/162
f 714/909/143 715/913/143 786/914/163 784/910/161
f 695/915/140 696/911/140 748/912/162 746/916/164
f 715/913/143 716/917/143 788/918/165 786/914/163
f 694/872/140 695/919/140 746/920/164 744/873/141
f 716/921/143 705/875/143 766/878/145 788/922/165
f 744/873/141 791/923/166 790/924/167 742/874/142
f 768/877/144 795/925/168 794/926/169 766/878/145
f 742/874/142 790/924/167 798/927/170 764/880/146
f 770/882/147 799/928/171 795/925/168 768/877/144
f 764/880/146 798/927/170 802/929/172 762/884/148
f 772/886/149 803/930/173 799/928/171 770/882/147
f 762/884/148 802/929/172 806/931/174 760/888/150
f 774/890/151 807/932/175 803/930/173 772/886/149
f 760/888/150 806/931/174 810/933/176 758/892/152
f 776/894/153 811/934/177 807/932/175 774/890/151
f 758/892/152 810/933/176 739/935/178 756/896/154
f 778/898/155 738/936/179 811/934/177 776/894/153
f 756/896/154 739/935/178 735/937/180 754/900/156
f 780/902/157 734/938/181 738/936/179 778/898/155
f 754/900/156 735/937/180 731/939/182 752/904/158
f 782/906/159 730/940/183 734/938/181 780/902/157
f 752/904/158 731/939/182 727/941/184 750/908/160
f 784/910/161 726/942/185 730/940/183 782/906/159
f 750/908/160 727/941/184 723/943/186 748/912/162
f 786/914/163 722/944/187 726/942/185 784/910/161
f 748/912/162 723/943/186 719/945/188 746/916/164
f 788/918/165 718/946/189 722/944/187 786/914/163
f 746/920/164 719/947/188 791/923/166 744/873/141
f 766/878/145 794/926/169 718/948/189 788/922/165
f 792/949/190 789/950/191 790/924/167 791/923/166
f 743/846/312 741/845/116 789/950/191 792/949/190
f 796/951/192 793/952/193 794/926/169 795/925/168
f 767/848/313 765/847/118 793/952/193 796/951/192
f 789/950/191 797/953/194 798/927/170 790/924/167
f 741/845/116 763/849/120 797/953/194 789/950/191
f 800/954/195 796/951/192 795/925/168 799/928/171
f 769/850/121 767/848/313 796/951/192 800/954/195
f 797/953/194 801/955/196 802/929/172 798/927/170
f 763/849/120 761/851/357 801/955/196 797/953/194
f 804/956/197 800/954/195 799/928/171 803/930/173
f 771/852/123 769/850/121 800/954/195 804/956/197
f 801/955/196 805/957/198 806/931/174 802/929/172
f 761/851/357 759/853/124 805/957/198 801/955/196
f 808/958/199 804/956/197 803/930/173 807/932/175
f 773/854/125 771/852/123 804/956/197 808/958/199
f 805/957/198 809/959/200 810/933/176 806/931/174
f 759/853/124 757/855/126 809/959/200 805/957/198
f 812/960/201 808/958/199 807/932/175 811/934/177
f 775/856/127 773/854/125 808/958/199 812/960/201
f 809/959/200 740/961/202 739/935/178 810/933/176
f 757/855/126 755/857/128 740/961/202 809/959/200
f 737/962/203 812/960/201 811/934/177 738/936/179
f 777/858/129 775/856/127 812/960/201 737/962/203
f 740/961/202 736/963/204 735/937/180 739/935/178
f 755/857/128 753/859/130 736/963/204 740/961/202
f 733/964/205 737/962/203 738/936/179 734/938/181
f 779/860/131 777/858/129 737/962/203 733/964/205
f 736/963/204 732/965/206 731/939/182 735/937/180
f 753/859/130 751/861/132 732/965/206 736/963/204
f 729/966/207 733/964/205 734/938/181 730/940/183
f 781/862/133 779/860/131 733/964/205 729/966/207
f 732/965/206 728/967/208 727/941/184 731/939/182
f 751/861/132 749/863/134 728/967/208 732/965/206
f 725/968/209 729/966/207 730/940/183 726/942/185
f 783/864/317 781/862/133 729/966/207 725/968/209
f 728/967/208 724/969/210 723/943/186 727/941/184
f 749/863/134 747/865/136 724/969/210 728/967/208
f 721/970/211 725/968/209 726/942/185 722/944/187
f 785/866/137 783/864/317 725/968/209 721/970/211
f 724/969/210 720/971/212 719/945/188 723/943/186
f 747/865/136 745/867/138 720/971/212 724/969/210
f 717/972/213 721/970/211 722/944/187 718/946/189
f 787/868/139 785/866/137 721/970/211 717/972/213
f 720/973/212 792/949/190 791/923/166 719/947/188
f 745/869/138 743/846/312 792/949/190 720/973/212
f 793/952/193 717/974/213 718/948/189 794/926/169
f 765/847/118 787/870/139 717/974/213 793/952/193
f 863/975/214 861/976/215 887/977/216 885/978/217
f 861/976/215 883/979/218 889/980/219 887/977/216
f 883/979/218 881/981/220 891/982/221 889/980/219
f 881/981/220 879/983/222 893/984/223 891/982/221
f 879/983/222 877/985/224 895/986/225 893/984/223
f 877/985/224 875/987/226 897/988/227 895/986/225
f 875/987/226 873/989/228 899/990/229 897/988/227
f 873/989/228 871/991/230 901/992/231 899/990/229
f 871/991/230 869/993/232 903/994/233 901/992/231
f 869/995/232 867/996/234 905/997/235 903/998/233
f 867/996/234 865/999/236 907/1000/237 905/997/235
f 865/999/236 863/975/214 885/978/217 907/1000/237
f 814/1001/238 813/1002/238 862/1003/358 864/1004/359
f 826/1005/241 825/1006/241 886/1007/360 888/1008/353
f 813/1002/238 824/1009/238 884/1010/361 862/1003/358
f 827/1011/241 826/1005/241 888/1008/353 890/1012/245
f 824/1009/238 823/1013/238 882/1014/362 884/1010/361
f 828/1015/241 827/1011/241 890/1012/245 892/1016/247
f 823/1013/238 822/1017/238 880/1018/363 882/1014/362
f 829/1019/241 828/1015/241 892/1016/247 894/1020/249
f 822/1017/238 821/1021/238 878/1022/364 880/1018/363
f 830/1023/241 829/1019/241 894/1020/249 896/1024/352
f 821/1021/238 820/1025/238 876/1026/365 878/1022/364
f 831/1027/241 830/1023/241 896/1024/352 898/1028/351
f 820/1025/238 819/1029/238 874/1030/366 876/1026/365
f 832/1031/241 831/1027/241 898/1028/351 900/1032/255
f 819/1029/238 818/1033/238 872/1034/367 874/1030/366
f 833/1035/241 832/1031/241 900/1032/255 902/1036/257
f 818/1033/238 817/1037/238 870/1038/368 872/1034/367
f 834/1039/241 833/1035/241 902/1036/257 904/1040/259
f 817/1041/238 816/1042/238 868/1043/369 870/1044/368
f 835/1045/241 834/1046/241 904/1047/259 906/1048/261
f 816/1042/238 815/1049/238 866/1050/370 868/1043/369
f 836/1051/241 835/1045/241 906/1048/261 908/1052/371
f 815/1049/238 814/1001/238 864/1004/359 866/1050/370
f 825/1006/241 836/1051/241 908/1052/371 886/1007/360
f 862/1003/358 911/1053/264 910/1054/265 864/1004/359
f 886/1007/360 915/1055/266 914/1056/267 888/1008/353
f 884/1010/361 917/1057/268 911/1053/264 862/1003/358
f 888/1008/353 914/1056/267 920/1058/269 890/1012/245
f 882/1014/362 921/1059/270 917/1057/268 884/1010/361
f 890/1012/245 920/1058/269 924/1060/271 892/1016/247
f 880/1018/363 925/1061/272 921/1059/270 882/1014/362
f 892/1016/247 924/1060/271 928/1062/273 894/1020/249
f 878/1022/364 929/1063/274 925/1061/272 880/1018/363
f 894/1020/249 928/1062/273 932/1064/275 896/1024/352
f 876/1026/365 860/1065/276 929/1063/274 878/1022/364
f 896/1024/352 932/1064/275 857/1066/277 898/1028/351
f 874/1030/366 856/1067/278 860/1065/276 876/1026/365
f 898/1028/351 857/1066/277 853/1068/279 900/1032/255
f 872/1034/367 852/1069/280 856/1067/278 874/1030/366
f 900/1032/255 853/1068/279 849/1070/281 902/1036/257
f 870/1038/368 848/1071/282 852/1069/280 872/1034/367
f 902/1036/257 849/1070/281 845/1072/283 904/1040/259
f 868/1043/369 844/1073/284 848/1074/282 870/1044/368
f 904/1047/259 845/1075/283 841/1076/285 906/1048/261
f 866/1050/370 840/1077/286 844/1073/284 868/1043/369
f 906/1048/261 841/1076/285 837/1078/287 908/1052/371
f 864/1004/359 910/1054/265 840/1077/286 866/1050/370
f 908/1052/371 837/1078/287 915/1055/266 886/1007/360
f 912/1079/288 909/1080/289 910/1054/265 911/1053/264
f 861/976/215 863/975/214 909/1080/289 912/1079/288
f 916/1081/290 913/1082/291 914/1056/267 915/1055/266
f 885/978/217 887/977/216 913/1082/291 916/1081/290
f 918/1083/292 912/1079/288 911/1053/264 917/1057/268
f 883/979/218 861/976/215 912/1079/288 918/1083/292
f 913/1082/291 919/1084/293 920/1058/269 914/1056/267
f 887/977/216 889/980/219 919/1084/293 913/1082/291
f 922/1085/294 918/1083/292 917/1057/268 921/1059/270
f 881/981/220 883/979/218 918/1083/292 922/1085/294
f 919/1084/293 923/1086/295 924/1060/271 920/1058/269
f 889/980/219 891/982/221 923/1086/295 919/1084/293
f 926/1087/296 922/1085/294 921/1059/270 925/1061/272
f 879/983/222 881/981/220 922/1085/294 926/1087/296
f 923/1086/295 927/1088/297 928/1062/273 924/1060/271
f 891/982/221 893/984/223 927/1088/297 923/1086/295
f 930/1089/298 926/1087/296 925/1061/272 929/1063/274
f 877/985/224 879/983/222 926/1087/296 930/1089/298
f 927/1088/297 931/1090/299 932/1064/275 928/1062/273
f 893/984/223 895/986/225 931/1090/299 927/1088/297
f 859/1091/300 930/1089/298 929/1063/274 860/1065/276
f 875/987/226 877/985/224 930/1089/298 859/1091/300
f 931/1090/299 858/1092/301 857/1066/277 932/1064/275
f 895/986/225 897/988/227 858/1092/301 931/1090/299
f 855/1093/302 859/1091/300 860/1065/276 856/1067/278
f 873/989/228 875/987/226 859/1091/300 855/1093/302
f 858/1092/301 854/1094/303 853/1068/279 857/1066/277
f 897/988/227 899/990/229 854/1094/303 858/1092/301
f 851/1095/304 855/1093/302 856/1067/278 852/1069/280
f 871/991/230 873/989/228 855/1093/302 851/1095/304
f 854/1094/303 850/1096/305 849/1070/281 853/1068/279
f 899/990/229 901/992/231 850/1096/305 854/1094/303
f 847/1097/306 851/1095/304 852/1069/280 848/1071/282
f 869/993/232 871/991/230 851/1095/304 847/1097/306
f 850/1096/305 846/1098/307 845/1072/283 849/1070/281
f 901/992/231 903/994/233 846/1098/307 850/1096/305
f 843/1099/308 847/1100/306 848/1074/282 844/1073/284
f 867/996/234 869/995/232 847/1100/306 843/1099/308
f 846/1101/307 842/1102/309 841/1076/285 845/1075/283
f 903/998/233 905/997/235 842/1102/309 846/1101/307
f 839/1103/310 843/1099/308 844/1073/284 840/1077/286
f 865/999/236 867/996/234 843/1099/308 839/1103/310
f 842/1102/309 838/1104/311 837/1078/287 841/1076/285
f 905/997/235 907/1000/237 838/1104/311 842/1102/309
f 909/1080/289 839/1103/310 840/1077/286 910/1054/265
f 863/975/214 865/999/236 839/1103/310 909/1080/289
f 838/1104/311 916/1081/290 915/1055/266 837/1078/287
f 907/1000/237 885/978/217 916/1081/290 838/1104/311
f 1005/1105/312 983/1106/118 981/1107/313 1007/1108/116
f 1007/1108/116 981/1107/313 1003/1109/121 1009/1110/120
f 1009/1110/120 1003/1109/121 1001/1111/123 1011/1112/122
f 1011/1112/122 1001/1111/123 999/1113/125 1013/1114/124
f 1013/1114/124 999/1113/125 997/1115/127 1015/1116/372
f 1015/1116/372 997/1115/127 995/1117/129 1017/1118/315
f 1017/1118/315 995/1117/129 993/1119/131 1019/1120/130
f 1019/1120/130 993/1119/131 991/1121/133 1021/1122/132
f 1021/1122/132 991/1121/133 989/1123/317 1023/1124/134
f 1023/1124/134 989/1123/317 987/1125/137 1025/1126/136
f 1025/1126/136 987/1125/137 985/1127/139 1027/1128/373
f 1027/1129/373 985/1130/139 983/1106/118 1005/1105/312
f 984/1131/145 934/1132/319 933/1133/319 982/1134/320
f 1008/1135/321 946/1136/140 945/1137/140 1006/1138/322
f 982/1134/320 933/1133/319 944/1139/143 1004/1140/323
f 1010/1141/324 947/1142/140 946/1136/140 1008/1135/321
f 1004/1140/323 944/1139/143 943/1143/325 1002/1144/326
f 1012/1145/327 948/1146/140 947/1142/140 1010/1141/324
f 1002/1144/326 943/1143/325 942/1147/143 1000/1148/328
f 1014/1149/150 949/1150/329 948/1146/140 1012/1145/327
f 1000/1148/328 942/1147/143 941/1151/143 998/1152/330
f 1016/1153/331 950/1154/140 949/1150/329 1014/1149/150
f 998/1152/330 941/1151/143 940/1155/325 996/1156/332
f 1018/1157/333 951/1158/140 950/1154/140 1016/1153/331
f 996/1156/332 940/1155/325 939/1159/325 994/1160/334
f 1020/1161/335 952/1162/140 951/1158/140 1018/1157/333
f 994/1160/334 939/1159/325 938/1163/143 992/1164/336
f 1022/1165/337 953/1166/140 952/1162/140 1020/1161/335
f 992/1164/336 938/1163/143 937/1167/319 990/1168/338
f 1024/1169/339 954/1170/140 953/1166/140 1022/1165/337
f 990/1168/338 937/1167/319 936/1171/143 988/1172/340
f 1026/1173/162 955/1174/342 954/1170/140 1024/1169/339
f 988/1172/340 936/1171/143 935/1175/143 986/1176/343
f 1028/1177/344 956/1178/140 955/1174/342 1026/1173/162
f 986/1179/343 935/1180/143 934/1132/319 984/1131/145
f 1006/1138/322 945/1137/140 956/1181/140 1028/1182/344
f 1030/1183/168 1031/1184/169 984/1131/145 982/1134/320
f 1034/1185/166 1035/1186/167 1008/1135/321 1006/1138/322
f 1038/1187/171 1030/1183/168 982/1134/320 1004/1140/323
f 1035/1186/167 1039/1188/170 1010/1141/324 1008/1135/321
f 1042/1189/173 1038/1187/171 1004/1140/323 1002/1144/326
f 1039/1188/170 1043/1190/172 1012/1145/327 1010/1141/324
f 1046/1191/175 1042/1189/173 1002/1144/326 1000/1148/328
f 1043/1190/172 1047/1192/174 1014/1149/150 1012/1145/327
f 1050/1193/345 1046/1191/175 1000/1148/328 998/1152/330
f 1047/1192/174 1051/1194/176 1016/1153/331 1014/1149/150
f 979/1195/179 1050/1193/345 998/1152/330 996/1156/332
f 1051/1194/176 978/1196/178 1018/1157/333 1016/1153/331
f 975/1197/181 979/1195/179 996/1156/332 994/1160/334
f 978/1196/178 974/1198/180 1020/1161/335 1018/1157/333
f 971/1199/183 975/1197/181 994/1160/334 992/1164/336
f 974/1198/180 970/1200/182 1022/1165/337 1020/1161/335
f 967/1201/185 971/1199/183 992/1164/336 990/1168/338
f 970/1200/182 966/1202/184 1024/1169/339 1022/1165/337
f 963/1203/187 967/1201/185 990/1168/338 988/1172/340
f 966/1202/184 962/1204/186 1026/1173/162 1024/1169/339
f 959/1205/346 963/1203/187 988/1172/340 986/1176/343
f 962/1204/186 958/1206/188 1028/1177/344 1026/1173/162
f 1031/1184/169 959/1207/346 986/1179/343 984/1131/145
f 958/1208/188 1034/1185/166 1006/1138/322 1028/1182/344
f 1030/1183/168 1029/1209/192 1032/1210/193 1031/1184/169
f 1029/1209/192 981/1107/313 983/1106/118 1032/1210/193
f 1034/1185/166 1033/1211/190 1036/1212/191 1035/1186/167
f 1033/1211/190 1005/1105/312 1007/1108/116 1036/1212/191
f 1038/1187/171 1037/1213/195 1029/1209/192 1030/1183/168
f 1037/1213/195 1003/1109/121 981/1107/313 1029/1209/192
f 1035/1186/167 1036/1212/191 1040/1214/194 1039/1188/170
f 1036/1212/191 1007/1108/116 1009/1110/120 1040/1214/194
f 1042/1189/173 1041/1215/197 1037/1213/195 1038/1187/171
f 1041/1215/197 1001/1111/123 1003/1109/121 1037/1213/195
f 1039/1188/170 1040/1214/194 1044/1216/196 1043/1190/172
f 1040/1214/194 1009/1110/120 1011/1112/122 1044/1216/196
f 1046/1191/175 1045/1217/199 1041/1215/197 1042/1189/173
f 1045/1217/199 999/1113/125 1001/1111/123 1041/1215/197
f 1043/1190/172 1044/1216/196 1048/1218/198 1047/1192/174
f 1044/1216/196 1011/1112/122 1013/1114/124 1048/1218/198
f 1050/1193/345 1049/1219/201 1045/1217/199 1046/1191/175
f 1049/1219/201 997/1115/127 999/1113/125 1045/1217/199
f 1047/1192/174 1048/1218/198 1052/1220/200 1051/1194/176
f 1048/1218/198 1013/1114/124 1015/1116/372 1052/1220/200
f 979/1195/179 980/1221/203 1049/1219/201 1050/1193/345
f 980/1221/203 995/1117/129 997/1115/127 1049/1219/201
f 1051/1194/176 1052/1220/200 977/1222/202 978/1196/178
f 1052/1220/200 1015/1116/372 1017/1118/315 977/1222/202
f 975/1197/181 976/1223/205 980/1221/203 979/1195/179
f 976/1223/205 993/1119/131 995/1117/129 980/1221/203
f 978/1196/178 977/1222/202 973/1224/204 974/1198/180
f 977/1222/202 1017/1118/315 1019/1120/130 973/1224/204
f 971/1199/183 972/1225/207 976/1223/205 975/1197/181
f 972/1225/207 991/1121/133 993/1119/131 976/1223/205
f 974/1198/180 973/1224/204 969/1226/206 970/1200/182
f 973/1224/204 1019/1120/130 1021/1122/132 969/1226/206
f 967/1201/185 968/1227/209 972/1225/207 971/1199/183
f 968/1227/209 989/1123/317 991/1121/133 972/1225/207
f 970/1200/182 969/1226/206 965/1228/208 966/1202/184
f 969/1226/206 1021/1122/132 1023/1124/134 965/1228/208
f 963/1203/187 964/1229/211 968/1227/209 967/1201/185
f 964/1229/211 987/1125/137 989/1123/317 968/1227/209
f 966/1202/184 965/1228/208 961/1230/210 962/1204/186
f 965/1228/208 1023/1124/134 1025/1126/136 961/1230/210
f 959/1205/346 960/1231/213 964/1229/211 963/1203/187
f 960/1231/213 985/1127/139 987/1125/137 964/1229/211
f 962/1204/186 961/1230/210 957/1232/212 958/1206/188
f 961/1230/210 1025/1126/136 1027/1128/373 957/1232/212
f 1031/1184/169 1032/1210/193 960/1233/213 959/1207/346
f 1032/1210/193 983/1106/118 985/1130/139 960/1233/213
f 958/1208/188 957/1234/212 1033/1211/190 1034/1185/166
f 957/1234/212 1027/1129/373 1005/1105/312 1033/1211/190
f 1127/1235/237 1101/1236/236 1103/1237/214 1125/1238/217
f 1129/1239/235 1123/1240/234 1101/1236/236 1127/1235/237
f 1131/1241/233 1121/1242/232 1123/1240/234 1129/1239/235
f 1133/1243/231 1119/1244/230 1121/1245/232 1131/1246/233
f 1135/1247/229 1117/1248/228 1119/1244/230 1133/1243/231
f 1137/1249/227 1115/1250/226 1117/1248/228 1135/1247/229
f 1139/1251/225 1113/1252/224 1115/1250/226 1137/1249/227
f 1141/1253/223 1111/1254/222 1113/1252/224 1139/1251/225
f 1143/1255/221 1109/1256/220 1111/1254/222 1141/1253/223
f 1145/1257/219 1107/1258/218 1109/1256/220 1143/1255/221
f 1147/1259/216 1105/1260/215 1107/1258/218 1145/1257/219
f 1125/1238/217 1103/1237/214 1105/1260/215 1147/1259/216
f 1102/1261/262 1053/1262/238 1054/1263/238 1104/1264/240
f 1126/1265/360 1065/1266/241 1066/1267/241 1128/1268/371
f 1124/1269/369 1064/1270/238 1053/1262/238 1102/1261/262
f 1128/1268/371 1066/1267/241 1067/1271/241 1130/1272/261
f 1122/1273/368 1063/1274/238 1064/1270/238 1124/1269/369
f 1130/1272/261 1067/1271/241 1068/1275/241 1132/1276/259
f 1120/1277/367 1062/1278/238 1063/1279/238 1122/1280/368
f 1132/1281/259 1068/1282/241 1069/1283/241 1134/1284/257
f 1118/1285/366 1061/1286/238 1062/1278/238 1120/1277/367
f 1134/1284/257 1069/1283/241 1070/1287/241 1136/1288/255
f 1116/1289/252 1060/1290/238 1061/1286/238 1118/1285/366
f 1136/1288/255 1070/1287/241 1071/1291/241 1138/1292/351
f 1114/1293/364 1059/1294/238 1060/1290/238 1116/1289/252
f 1138/1292/351 1071/1291/241 1072/1295/241 1140/1296/352
f 1112/1297/363 1058/1298/238 1059/1294/238 1114/1293/364
f 1140/1296/352 1072/1295/241 1073/1299/241 1142/1300/249
f 1110/1301/362 1057/1302/238 1058/1298/238 1112/1297/363
f 1142/1300/249 1073/1299/241 1074/1303/241 1144/1304/247
f 1108/1305/361 1056/1306/238 1057/1302/238 1110/1301/362
f 1144/1304/247 1074/1303/241 1075/1307/241 1146/1308/245
f 1106/1309/358 1055/1310/238 1056/1306/238 1108/1305/361
f 1146/1308/245 1075/1307/241 1076/1311/241 1148/1312/353
f 1104/1264/240 1054/1263/238 1055/1310/238 1106/1309/358
f 1148/1312/353 1076/1311/241 1065/1266/241 1126/1265/360
f 1150/1313/374 1151/1314/286 1102/1261/262 1104/1264/240
f 1154/1315/287 1155/1316/266 1126/1265/360 1128/1268/371
f 1151/1314/286 1157/1317/284 1124/1269/369 1102/1261/262
f 1160/1318/285 1154/1315/287 1128/1268/371 1130/1272/261
f 1157/1317/284 1161/1319/282 1122/1273/368 1124/1269/369
f 1164/1320/283 1160/1318/285 1130/1272/261 1132/1276/259
f 1161/1321/282 1165/1322/280 1120/1277/367 1122/1280/368
f 1168/1323/281 1164/1324/283 1132/1281/259 1134/1284/257
f 1165/1322/280 1169/1325/278 1118/1285/366 1120/1277/367
f 1172/1326/279 1168/1323/281 1134/1284/257 1136/1288/255
f 1169/1325/278 1100/1327/276 1116/1289/252 1118/1285/366
f 1097/1328/354 1172/1326/279 1136/1288/255 1138/1292/351
f 1100/1327/276 1096/1329/355 1114/1293/364 1116/1289/252
f 1093/1330/275 1097/1328/354 1138/1292/351 1140/1296/352
f 1096/1329/355 1092/1331/272 1112/1297/363 1114/1293/364
f 1089/1332/273 1093/1330/275 1140/1296/352 1142/1300/249
f 1092/1331/272 1088/1333/270 1110/1301/362 1112/1297/363
f 1085/1334/271 1089/1332/273 1142/1300/249 1144/1304/247
f 1088/1333/270 1084/1335/268 1108/1305/361 1110/1301/362
f 1081/1336/375 1085/1334/271 1144/1304/247 1146/1308/245
f 1084/1335/268 1080/1337/264 1106/1309/358 1108/1305/361
f 1077/1338/376 1081/1336/375 1146/1308/245 1148/1312/353
f 1080/1337/264 1150/1313/374 1104/1264/240 1106/1309/358
f 1155/1316/266 1077/1338/376 1148/1312/353 1126/1265/360
f 1150/1313/374 1149/1339/289 1152/1340/310 1151/1314/286
f 1149/1339/289 1103/1237/214 1101/1236/236 1152/1340/310
f 1154/1315/287 1153/1341/311 1156/1342/290 1155/1316/266
f 1153/1341/311 1127/1235/237 1125/1238/217 1156/1342/290
f 1151/1314/286 1152/1340/310 1158/1343/308 1157/1317/284
f 1152/1340/310 1101/1236/236 1123/1240/234 1158/1343/308
f 1160/1318/285 1159/1344/309 1153/1341/311 1154/1315/287
f 1159/1344/309 1129/1239/235 1127/1235/237 1153/1341/311
f 1157/1317/284 1158/1343/308 1162/1345/306 1161/1319/282
f 1158/1343/308 1123/1240/234 1121/1242/232 1162/1345/306
f 1164/1320/283 1163/1346/307 1159/1344/309 1160/1318/285
f 1163/1346/307 1131/1241/233 1129/1239/235 1159/1344/309
f 1161/1321/282 1162/1347/306 1166/1348/304 1165/1322/280
f 1162/1347/306 1121/1245/232 1119/1244/230 1166/1348/304
f 1168/1323/281 1167/1349/305 1163/1350/307 1164/1324/283
f 1167/1349/305 1133/1243/231 1131/1246/233 1163/1350/307
f 1165/1322/280 1166/1348/304 1170/1351/302 1169/1325/278
f 1166/1348/304 1119/1244/230 1117/1248/228 1170/1351/302
f 1172/1326/279 1171/1352/303 1167/1349/305 1168/1323/281
f 1171/1352/303 1135/1247/229 1133/1243/231 1167/1349/305
f 1169/1325/278 1170/1351/302 1099/1353/300 1100/1327/276
f 1170/1351/302 1117/1248/228 1115/1250/226 1099/1353/300
f 1097/1328/354 1098/1354/301 1171/1352/303 1172/1326/279
f 1098/1354/301 1137/1249/227 1135/1247/229 1171/1352/303
f 1100/1327/276 1099/1353/300 1095/1355/298 1096/1329/355
f 1099/1353/300 1115/1250/226 1113/1252/224 1095/1355/298
f 1093/1330/275 1094/1356/299 1098/1354/301 1097/1328/354
f 1094/1356/299 1139/1251/225 1137/1249/227 1098/1354/301
f 1096/1329/355 1095/1355/298 1091/1357/296 1092/1331/272
f 1095/1355/298 1113/1252/224 1111/1254/222 1091/1357/296
f 1089/1332/273 1090/1358/297 1094/1356/299 1093/1330/275
f 1090/1358/297 1141/1253/223 1139/1251/225 1094/1356/299
f 1092/1331/272 1091/1357/296 1087/1359/294 1088/1333/270
f 1091/1357/296 1111/1254/222 1109/1256/220 1087/1359/294
f 1085/1334/271 1086/1360/295 1090/1358/297 1089/1332/273
f 1086/1360/295 1143/1255/221 1141/1253/223 1090/1358/297
f 1088/1333/270 1087/1359/294 1083/1361/292 1084/1335/268
f 1087/1359/294 1109/1256/220 1107/1258/218 1083/1361/292
f 1081/1336/375 1082/1362/293 1086/1360/295 1085/1334/271
f 1082/1362/293 1145/1257/219 1143/1255/221 1086/1360/295
f 1084/1335/268 1083/1361/292 1079/1363/288 1080/1337/264
f 1083/1361/292 1107/1258/218 1105/1260/215 1079/1363/288
f 1077/1338/376 1078/1364/291 1082/1362/293 1081/1336/375
f 1078/1364/291 1147/1259/216 1145/1257/219 1082/1362/293
f 1080/1337/264 1079/1363/288 1149/1339/289 1150/1313/374
f 1079/1363/288 1105/1260/215 1103/1237/214 1149/1339/289
f 1155/1316/266 1156/1342/290 1078/1364/291 1077/1338/376
f 1156/1342/290 1125/1238/217 1147/1259/216 1078/1364/291
f 1173/1365/377 1246/1366/377 1235/1367/238 1259/1368/238
f 1177/1369/378 1282/1370/378 1283/1371/241 1175/1372/241
f 1174/1373/379 1245/1374/379 1246/1366/377 1173/1365/377
f 1268/1375/380 1244/1376/380 1245/1374/379 1174/1373/379
f 1179/1377/381 1281/1378/381 1282/1379/378 1177/1380/378
f 1267/1381/381 1243/1382/381 1244/1376/380 1268/1375/380
f 1266/1383/378 1242/1384/378 1243/1382/381 1267/1381/381
f 1181/1385/380 1292/1386/380 1281/1378/381 1179/1377/381
f 1265/1387/241 1241/1388/241 1242/1384/378 1266/1383/378
f 1264/1389/382 1240/1390/382 1241/1388/241 1265/1387/241
f 1183/1391/379 1291/1392/379 1292/1386/380 1181/1385/380
f 1263/1393/383 1239/1394/383 1240/1390/382 1264/1389/382
f 1262/1395/1 1238/1396/1 1239/1394/383 1263/1393/383
f 1185/1397/377 1290/1398/377 1291/1392/379 1183/1391/379
f 1261/1399/384 1237/1400/384 1238/1396/1 1262/1395/1
f 1260/1401/385 1236/1402/385 1237/1400/384 1261/1399/384
f 1187/1403/238 1289/1404/238 1290/1398/377 1185/1397/377
f 1259/1368/238 1235/1367/238 1236/1405/385 1260/1406/385
f 1247/1407/238 1223/1408/238 1234/1409/377 1258/1410/377
f 1189/1411/385 1288/1412/385 1289/1404/238 1187/1403/238
f 1258/1410/377 1234/1409/377 1233/1413/379 1257/1414/379
f 1257/1414/379 1233/1413/379 1232/1415/380 1256/1416/380
f 1191/1417/384 1287/1418/384 1288/1412/385 1189/1411/385
f 1256/1416/380 1232/1415/380 1231/1419/381 1255/1420/381
f 1255/1420/381 1231/1419/381 1230/1421/378 1254/1422/378
f 1193/1423/1 1286/1424/1 1287/1418/384 1191/1417/384
f 1254/1422/378 1230/1421/378 1229/1425/241 1253/1426/241
f 1253/1426/241 1229/1425/241 1228/1427/382 1252/1428/382
f 1195/1429/383 1285/1430/383 1286/1424/1 1193/1423/1
f 1252/1428/382 1228/1427/382 1227/1431/383 1251/1432/383
f 1251/1432/383 1227/1431/383 1226/1433/1 1250/1434/1
f 1197/1435/382 1284/1436/382 1285/1430/383 1195/1429/383
f 1250/1434/1 1226/1433/1 1225/1437/384 1249/1438/384
f 1249/1438/384 1225/1437/384 1224/1439/385 1248/1440/385
f 1175/1372/241 1283/1371/241 1284/1436/382 1197/1435/382
f 1248/1441/385 1224/1442/385 1223/1408/238 1247/1407/238
f 1200/1443/377 1186/1444/377 1184/1445/379 1199/1446/379
f 1201/1447/238 1188/1448/238 1186/1444/377 1200/1443/377
f 1202/1449/385 1190/1450/385 1188/1448/238 1201/1447/238
f 1203/1451/384 1192/1452/384 1190/1450/385 1202/1449/385
f 1204/1453/1 1194/1454/1 1192/1452/384 1203/1451/384
f 1205/1455/383 1196/1456/383 1194/1454/1 1204/1453/1
f 1206/1457/382 1198/1458/382 1196/1456/383 1205/1455/383
f 1207/1459/241 1176/1460/241 1198/1458/382 1206/1457/382
f 1208/1461/378 1178/1462/378 1176/1460/241 1207/1459/241
f 1209/1463/381 1180/1464/381 1178/1465/378 1208/1466/378
f 1210/1467/380 1182/1468/380 1180/1464/381 1209/1463/381
f 1199/1446/379 1184/1445/379 1182/1468/380 1210/1467/380
f 1211/1469/377 1200/1443/377 1199/1446/379 1212/1470/379
f 1212/1470/379 1199/1446/379 1210/1467/380 1213/1471/380
f 1213/1471/380 1210/1467/380 1209/1463/381 1214/1472/381
f 1214/1472/381 1209/1463/381 1208/1466/378 1215/1473/378
f 1215/1474/378 1208/1461/378 1207/1459/241 1216/1475/241
f 1216/1475/241 1207/1459/241 1206/1457/382 1217/1476/382
f 1217/1476/382 1206/1457/382 1205/1455/383 1218/1477/383
f 1218/1477/383 1205/1455/383 1204/1453/1 1219/1478/1
f 1219/1478/1 1204/1453/1 1203/1451/384 1220/1479/384
f 1220/1479/384 1203/1451/384 1202/1449/385 1221/1480/385
f 1221/1480/385 1202/1449/385 1201/1447/238 1222/1481/238
f 1222/1481/238 1201/1447/238 1200/1443/377 1211/1469/377
f 1224/1442/140 1177/1482/140 1175/1483/140 1223/1408/140
f 1225/1437/140 1179/1484/140 1177/1485/140 1224/1439/140
f 1226/1433/140 1181/1486/140 1179/1484/140 1225/1437/140
f 1227/1431/140 1183/1487/140 1181/1486/140 1226/1433/140
f 1228/1427/140 1185/1488/140 1183/1487/140 1227/1431/140
f 1229/1425/140 1187/1489/140 1185/1488/140 1228/1427/140
f 1230/1421/140 1189/1490/140 1187/1489/140 1229/1425/140
f 1231/1419/140 1191/1491/140 1189/1490/140 1230/1421/140
f 1232/1415/140 1193/1492/140 1191/1491/140 1231/1419/140
f 1233/1413/140 1195/1493/140 1193/1492/140 1232/1415/140
f 1234/1409/140 1197/1494/140 1195/1493/140 1233/1413/140
f 1223/1408/140 1175/1483/140 1197/1494/140 1234/1409/140
f 1235/1367/143 1176/1460/143 1178/1462/143 1236/1405/143
f 1236/1402/143 1178/1465/143 1180/1464/143 1237/1400/143
f 1237/1400/143 1180/1464/143 1182/1468/143 1238/1396/143
f 1238/1396/143 1182/1468/143 1184/1445/143 1239/1394/143
f 1239/1394/143 1184/1445/143 1186/1444/143 1240/1390/143
f 1240/1390/143 1186/1444/143 1188/1448/143 1241/1388/143
f 1241/1388/143 1188/1448/143 1190/1450/143 1242/1384/143
f 1242/1384/143 1190/1450/143 1192/1452/143 1243/1382/143
f 1243/1382/143 1192/1452/143 1194/1454/143 1244/1376/143
f 1244/1376/143 1194/1454/143 1196/1456/143 1245/1374/143
f 1245/1374/143 1196/1456/143 1198/1458/143 1246/1366/143
f 1246/1366/143 1198/1458/143 1176/1460/143 1235/1367/143
f 1270/1495/380 1213/1496/380 1214/1497/381 1269/1498/381
f 1271/1499/379 1212/1500/379 1213/1496/380 1270/1495/380
f 1272/1501/377 1211/1502/377 1212/1500/379 1271/1499/379
f 1273/1503/238 1222/1504/238 1211/1502/377 1272/1501/377
f 1274/1505/385 1221/1506/385 1222/1504/238 1273/1503/238
f 1275/1507/384 1220/1508/384 1221/1506/385 1274/1505/385
f 1276/1509/1 1219/1510/1 1220/1508/384 1275/1507/384
f 1277/1511/383 1218/1512/383 1219/1510/1 1276/1509/1
f 1278/1513/382 1217/1514/382 1218/1512/383 1277/1511/383
f 1279/1515/241 1216/1516/241 1217/1514/382 1278/1513/382
f 1280/1517/378 1215/1518/378 1216/1516/241 1279/1515/241
f 1269/1498/381 1214/1497/381 1215/1519/378 1280/1520/378
f 1341/1521/381 1317/1522/381 1339/1523/378 1343/1524/378
f 1343/1525/378 1339/1526/378 1337/1527/241 1345/1528/241
f 1345/1528/241 1337/1527/241 1335/1529/382 1347/1530/382
f 1347/1530/382 1335/1529/382 1333/1531/383 1349/1532/383
f 1349/1532/383 1333/1531/383 1331/1533/1 1351/1534/1
f 1351/1534/1 1331/1533/1 1329/1535/384 1353/1536/384
f 1353/1536/384 1329/1535/384 1327/1537/385 1355/1538/385
f 1355/1538/385 1327/1537/385 1325/1539/238 1357/1540/238
f 1357/1540/238 1325/1539/238 1323/1541/377 1359/1542/377
f 1359/1542/377 1323/1541/377 1321/1543/379 1361/1544/379
f 1361/1544/379 1321/1543/379 1319/1545/380 1363/1546/380
f 1363/1546/380 1319/1545/380 1317/1522/381 1341/1521/381
f 1318/1547/143 1269/1548/143 1280/1549/143 1340/1550/143
f 1344/1551/140 1282/1552/140 1281/1553/140 1342/1554/140
f 1340/1555/143 1280/1556/143 1279/1557/143 1338/1558/143
f 1346/1559/140 1283/1560/140 1282/1561/140 1344/1562/140
f 1338/1558/143 1279/1557/143 1278/1563/143 1336/1564/143
f 1348/1565/140 1284/1566/140 1283/1560/140 1346/1559/140
f 1336/1564/143 1278/1563/143 1277/1567/143 1334/1568/143
f 1350/1569/140 1285/1570/140 1284/1566/140 1348/1565/140
f 1334/1568/143 1277/1567/143 1276/1571/143 1332/1572/143
f 1352/1573/140 1286/1574/140 1285/1570/140 1350/1569/140
f 1332/1572/143 1276/1571/143 1275/1575/143 1330/1576/143
f 1354/1577/140 1287/1578/140 1286/1574/140 1352/1573/140
f 1330/1576/143 1275/1575/143 1274/1579/143 1328/1580/143
f 1356/1581/140 1288/1582/140 1287/1578/140 1354/1577/140
f 1328/1580/143 1274/1579/143 1273/1583/143 1326/1584/143
f 1358/1585/140 1289/1586/140 1288/1582/140 1356/1581/140
f 1326/1584/143 1273/1583/143 1272/1587/143 1324/1588/143
f 1360/1589/140 1290/1590/140 1289/1586/140 1358/1585/140
f 1324/1588/143 1272/1587/143 1271/1591/143 1322/1592/143
f 1362/1593/140 1291/1594/140 1290/1590/140 1360/1589/140
f 1322/1592/143 1271/1591/143 1270/1595/143 1320/1596/143
f 1364/1597/140 1292/1598/140 1291/1594/140 1362/1593/140
f 1320/1596/143 1270/1595/143 1269/1548/143 1318/1547/143
f 1342/1554/140 1281/1553/140 1292/1598/140 1364/1597/140
f 1366/1599/175 1367/1600/173 1318/1547/386 1340/1550/387
f 1370/1601/172 1371/1602/174 1344/1551/388 1342/1554/389
f 1374/1603/177 1366/1604/175 1340/1555/387 1338/1558/390
f 1371/1605/174 1375/1606/176 1346/1559/391 1344/1562/388
f 1378/1607/179 1374/1603/177 1338/1558/390 1336/1564/392
f 1375/1606/176 1379/1608/393 1348/1565/394 1346/1559/391
f 1382/1609/181 1378/1607/179 1336/1564/392 1334/1568/395
f 1379/1608/393 1383/1610/180 1350/1569/396 1348/1565/394
f 1386/1611/183 1382/1609/181 1334/1568/395 1332/1572/397
f 1383/1610/180 1387/1612/182 1352/1573/398 1350/1569/396
f 1315/1613/185 1386/1611/183 1332/1572/397 1330/1576/399
f 1387/1612/182 1314/1614/184 1354/1577/400 1352/1573/398
f 1311/1615/187 1315/1613/185 1330/1576/399 1328/1580/401
f 1314/1614/184 1310/1616/402 1356/1581/403 1354/1577/400
f 1307/1617/189 1311/1615/187 1328/1580/401 1326/1584/404
f 1310/1616/402 1306/1618/188 1358/1585/405 1356/1581/403
f 1303/1619/169 1307/1617/189 1326/1584/404 1324/1588/406
f 1306/1618/188 1302/1620/407 1360/1589/408 1358/1585/405
f 1299/1621/168 1303/1619/169 1324/1588/406 1322/1592/409
f 1302/1620/407 1298/1622/167 1362/1593/410 1360/1589/408
f 1295/1623/171 1299/1621/168 1322/1592/409 1320/1596/411
f 1298/1622/167 1294/1624/170 1364/1597/412 1362/1593/410
f 1367/1600/173 1295/1623/171 1320/1596/411 1318/1547/386
f 1294/1624/170 1370/1601/172 1342/1554/389 1364/1597/412
f 1366/1599/175 1365/1625/199 1368/1626/197 1367/1600/173
f 1365/1625/199 1339/1523/413 1317/1522/414 1368/1626/197
f 1370/1601/172 1369/1627/196 1372/1628/198 1371/1602/174
f 1369/1627/196 1341/1521/415 1343/1524/416 1372/1628/198
f 1374/1603/177 1373/1629/201 1365/1630/199 1366/1604/175
f 1373/1629/201 1337/1527/417 1339/1526/413 1365/1630/199
f 1371/1605/174 1372/1631/198 1376/1632/200 1375/1606/176
f 1372/1631/198 1343/1525/416 1345/1528/418 1376/1632/200
f 1378/1607/179 1377/1633/203 1373/1629/201 1374/1603/177
f 1377/1633/203 1335/1529/419 1337/1527/417 1373/1629/201
f 1375/1606/176 1376/1632/200 1380/1634/202 1379/1608/393
f 1376/1632/200 1345/1528/418 1347/1530/420 1380/1634/202
f 1382/1609/181 1381/1635/205 1377/1633/203 1378/1607/179
f 1381/1635/205 1333/1531/421 1335/1529/419 1377/1633/203
f 1379/1608/393 1380/1634/202 1384/1636/204 1383/1610/180
f 1380/1634/202 1347/1530/420 1349/1532/422 1384/1636/204
f 1386/1611/183 1385/1637/207 1381/1635/205 1382/1609/181
f 1385/1637/207 1331/1533/423 1333/1531/421 1381/1635/205
f 1383/1610/180 1384/1636/204 1388/1638/206 1387/1612/182
f 1384/1636/204 1349/1532/422 1351/1534/424 1388/1638/206
f 1315/1613/185 1316/1639/209 1385/1637/207 1386/1611/183
f 1316/1639/209 1329/1535/425 1331/1533/423 1385/1637/207
f 1387/1612/182 1388/1638/206 1313/1640/208 1314/1614/184
f 1388/1638/206 1351/1534/424 1353/1536/426 1313/1640/208
f 1311/1615/187 1312/1641/211 1316/1639/209 1315/1613/185
f 1312/1641/211 1327/1537/427 1329/1535/425 1316/1639/209
f 1314/1614/184 1313/1640/208 1309/1642/210 1310/1616/402
f 1313/1640/208 1353/1536/426 1355/1538/428 1309/1642/210
f 1307/1617/189 1308/1643/213 1312/1641/211 1311/1615/187
f 1308/1643/213 1325/1539/429 1327/1537/427 1312/1641/211
f 1310/1616/402 1309/1642/210 1305/1644/212 1306/1618/188
f 1309/1642/210 1355/1538/428 1357/1540/430 1305/1644/212
f 1303/1619/169 1304/1645/193 1308/1643/213 1307/1617/189
f 1304/1645/193 1323/1541/431 1325/1539/429 1308/1643/213
f 1306/1618/188 1305/1644/212 1301/1646/190 1302/1620/407
f 1305/1644/212 1357/1540/430 1359/1542/432 1301/1646/190
f 1299/1621/168 1300/1647/192 1304/1645/193 1303/1619/169
f 1300/1647/192 1321/1543/433 1323/1541/431 1304/1645/193
f 1302/1620/407 1301/1646/190 1297/1648/191 1298/1622/167
f 1301/1646/190 1359/1542/432 1361/1544/434 1297/1648/191
f 1295/1623/171 1296/1649/195 1300/1647/192 1299/1621/168
f 1296/1649/195 1319/1545/435 1321/1543/433 1300/1647/192
f 1298/1622/167 1297/1648/191 1293/1650/194 1294/1624/170
f 1297/1648/191 1361/1544/434 1363/1546/436 1293/1650/194
f 1367/1600/173 1368/1626/197 1296/1649/195 1295/1623/171
f 1368/1626/197 1317/1522/414 1319/1545/435 1296/1649/195
f 1294/1624/170 1293/1650/194 1369/1627/196 1370/1601/172
f 1293/1650/194 1363/1546/436 1341/1521/415 1369/1627/196
f 1389/1651/377 1558/1652/377 1547/1653/238 1571/1654/238
f 1393/1655/378 1628/1656/378 1627/1657/241 1391/1658/241
f 1390/1659/379 1557/1660/379 1558/1652/377 1389/1651/377
f 1580/1661/380 1556/1662/380 1557/1660/379 1390/1659/379
f 1395/1663/381 1617/1664/381 1628/1656/378 1393/1655/378
f 1579/1665/381 1555/1666/381 1556/1662/380 1580/1661/380
f 1578/1667/378 1554/1668/378 1555/1666/381 1579/1665/381
f 1397/1669/380 1618/1670/380 1617/1664/381 1395/1663/381
f 1577/1671/241 1553/1672/241 1554/1668/378 1578/1667/378
f 1576/1673/382 1552/1674/382 1553/1675/241 1577/1676/241
f 1399/1677/379 1619/1678/379 1618/1670/380 1397/1669/380
f 1575/1679/383 1551/1680/383 1552/1674/382 1576/1673/382
f 1574/1681/1 1550/1682/1 1551/1680/383 1575/1679/383
f 1401/1683/377 1620/1684/377 1619/1678/379 1399/1677/379
f 1573/1685/384 1549/1686/384 1550/1682/1 1574/1681/1
f 1572/1687/385 1548/1688/385 1549/1686/384 1573/1685/384
f 1403/1689/238 1621/1690/238 1620/1684/377 1401/1683/377
f 1571/1654/238 1547/1653/238 1548/1688/385 1572/1687/385
f 1559/1691/238 1535/1692/238 1546/1693/377 1570/1694/377
f 1405/1695/385 1622/1696/385 1621/1697/238 1403/1698/238
f 1570/1694/377 1546/1693/377 1545/1699/379 1569/1700/379
f 1569/1700/379 1545/1699/379 1544/1701/380 1568/1702/380
f 1407/1703/384 1623/1704/384 1622/1696/385 1405/1695/385
f 1568/1702/380 1544/1701/380 1543/1705/381 1567/1706/381
f 1567/1706/381 1543/1705/381 1542/1707/378 1566/1708/378
f 1409/1709/1 1624/1710/1 1623/1704/384 1407/1703/384
f 1566/1708/378 1542/1707/378 1541/1711/241 1565/1712/241
f 1565/1713/241 1541/1714/241 1540/1715/382 1564/1716/382
f 1411/1717/383 1625/1718/383 1624/1710/1 1409/1709/1
f 1564/1716/382 1540/1715/382 1539/1719/383 1563/1720/383
f 1563/1720/383 1539/1719/383 1538/1721/1 1562/1722/1
f 1413/1723/382 1626/1724/382 1625/1718/383 1411/1717/383
f 1562/1722/1 1538/1721/1 1537/1725/384 1561/1726/384
f 1561/1726/384 1537/1725/384 1536/1727/385 1560/1728/385
f 1391/1658/241 1627/1657/241 1626/1724/382 1413/1723/382
f 1560/1728/385 1536/1727/385 1535/1692/238 1559/1691/238
f 1416/1729/1 1598/1730/1 1599/1731/384 1415/1732/384
f 1417/1733/383 1597/1734/383 1598/1730/1 1416/1729/1
f 1418/1735/382 1596/1736/382 1597/1734/383 1417/1733/383
f 1419/1737/241 1595/1738/241 1596/1736/382 1418/1735/382
f 1420/1739/378 1594/1740/378 1595/1738/241 1419/1737/241
f 1421/1741/381 1593/1742/381 1594/1740/378 1420/1739/378
f 1422/1743/380 1604/1744/380 1593/1742/381 1421/1741/381
f 1423/1745/379 1603/1746/379 1604/1744/380 1422/1743/380
f 1424/1747/377 1602/1748/377 1603/1746/379 1423/1745/379
f 1425/1749/238 1601/1750/238 1602/1748/377 1424/1747/377
f 1426/1751/385 1600/1752/385 1601/1753/238 1425/1754/238
f 1415/1732/384 1599/1731/384 1600/1752/385 1426/1751/385
f 1487/1755/379 1479/1756/379 1477/1757/380 1489/1758/380
f 1489/1758/380 1477/1757/380 1475/1759/381 1491/1760/381
f 1491/1760/381 1475/1759/381 1473/1761/378 1493/1762/378
f 1493/1762/378 1473/1761/378 1471/1763/241 1495/1764/241
f 1495/1764/241 1471/1763/241 1469/1765/382 1497/1766/382
f 1497/1766/382 1469/1765/382 1467/1767/383 1499/1768/383
f 1499/1768/383 1467/1767/383 1465/1769/1 1501/1770/1
f 1501/1770/1 1465/1769/1 1463/1771/384 1503/1772/384
f 1503/1772/384 1463/1771/384 1485/1773/385 1505/1774/385
f 1505/1774/385 1485/1773/385 1483/1775/238 1507/1776/238
f 1507/1777/238 1483/1778/238 1481/1779/377 1509/1780/377
f 1509/1780/377 1481/1779/377 1479/1756/379 1487/1755/379
f 1480/1781/143 1423/1782/143 1422/1783/143 1478/1784/143
f 1490/1785/140 1428/1786/140 1427/1787/140 1488/1788/140
f 1478/1784/143 1422/1783/143 1421/1789/143 1476/1790/143
f 1492/1791/140 1429/1792/140 1428/1786/140 1490/1785/140
f 1476/1790/143 1421/1789/143 1420/1793/143 1474/1794/143
f 1494/1795/140 1430/1796/140 1429/1792/140 1492/1791/140
f 1474/1794/143 1420/1793/143 1419/1797/143 1472/1798/143
f 1496/1799/140 1431/1800/140 1430/1796/140 1494/1795/140
f 1472/1798/143 1419/1797/143 1418/1801/143 1470/1802/143
f 1498/1803/140 1432/1804/140 1431/1800/140 1496/1799/140
f 1470/1802/143 1418/1801/143 1417/1805/143 1468/1806/143
f 1500/1807/140 1433/1808/140 1432/1804/140 1498/1803/140
f 1468/1806/143 1417/1805/143 1416/1809/143 1466/1810/143
f 1502/1811/140 1434/1812/140 1433/1808/140 1500/1807/140
f 1466/1810/143 1416/1809/143 1415/1813/143 1464/1814/143
f 1504/1815/140 1435/1816/140 1434/1812/140 1502/1811/140
f 1464/1814/143 1415/1813/143 1426/1817/143 1486/1818/143
f 1506/1819/140 1436/1820/140 1435/1816/140 1504/1815/140
f 1486/1818/143 1426/1817/143 1425/1821/143 1484/1822/143
f 1508/1823/140 1437/1824/140 1436/1820/140 1506/1819/140
f 1484/1825/143 1425/1826/143 1424/1827/143 1482/1828/143
f 1510/1829/140 1438/1830/140 1437/1831/140 1508/1832/140
f 1482/1828/143 1424/1827/143 1423/1782/143 1480/1781/143
f 1488/1788/140 1427/1787/140 1438/1830/140 1510/1829/140
f 1512/1833/437 1513/1834/168 1480/1781/438 1478/1784/439
f 1516/1835/167 1517/1836/440 1490/1785/441 1488/1788/442
f 1520/1837/173 1512/1833/437 1478/1784/439 1476/1790/443
f 1517/1836/440 1521/1838/444 1492/1791/445 1490/1785/441
f 1524/1839/175 1520/1837/173 1476/1790/443 1474/1794/446
f 1521/1838/444 1525/1840/174 1494/1795/447 1492/1791/445
f 1528/1841/448 1524/1839/175 1474/1794/446 1472/1798/449
f 1525/1840/174 1529/1842/176 1496/1799/450 1494/1795/447
f 1532/1843/179 1528/1841/448 1472/1798/449 1470/1802/451
f 1529/1842/176 1533/1844/178 1498/1803/452 1496/1799/450
f 1461/1845/181 1532/1843/179 1470/1802/451 1468/1806/453
f 1533/1844/178 1460/1846/180 1500/1807/454 1498/1803/452
f 1457/1847/455 1461/1845/181 1468/1806/453 1466/1810/456
f 1460/1846/180 1456/1848/457 1502/1811/458 1500/1807/454
f 1453/1849/185 1457/1847/455 1466/1810/456 1464/1814/459
f 1456/1848/457 1452/1850/184 1504/1815/460 1502/1811/458
f 1449/1851/187 1453/1849/185 1464/1814/459 1486/1818/461
f 1452/1850/184 1448/1852/186 1506/1819/462 1504/1815/460
f 1445/1853/463 1449/1851/187 1486/1818/461 1484/1822/464
f 1448/1852/186 1444/1854/188 1508/1823/465 1506/1819/462
f 1441/1855/169 1445/1856/463 1484/1825/464 1482/1828/466
f 1444/1857/188 1440/1858/166 1510/1829/467 1508/1832/465
f 1513/1834/168 1441/1855/169 1482/1828/466 1480/1781/438
f 1440/1858/166 1516/1835/167 1488/1788/442 1510/1829/467
f 1512/1833/437 1511/1859/195 1514/1860/192 1513/1834/168
f 1511/1859/195 1477/1757/468 1479/1756/469 1514/1860/192
f 1516/1835/167 1515/1861/191 1518/1862/194 1517/1836/440
f 1515/1861/191 1487/1755/470 1489/1758/471 1518/1862/194
f 1520/1837/173 1519/1863/197 1511/1859/195 1512/1833/437
f 1519/1863/197 1475/1759/414 1477/1757/468 1511/1859/195
f 1517/1836/440 1518/1862/194 1522/1864/196 1521/1838/444
f 1518/1862/194 1489/1758/471 1491/1760/472 1522/1864/196
f 1524/1839/175 1523/1865/199 1519/1863/197 1520/1837/173
f 1523/1865/199 1473/1761/473 1475/1759/414 1519/1863/197
f 1521/1838/444 1522/1864/196 1526/1866/198 1525/1840/174
f 1522/1864/196 1491/1760/472 1493/1762/474 1526/1866/198
f 1528/1841/448 1527/1867/201 1523/1865/199 1524/1839/175
f 1527/1867/201 1471/1763/475 1473/1761/473 1523/1865/199
f 1525/1840/174 1526/1866/198 1530/1868/200 1529/1842/176
f 1526/1866/198 1493/1762/474 1495/1764/476 1530/1868/200
f 1532/1843/179 1531/1869/477 1527/1867/201 1528/1841/448
f 1531/1869/477 1469/1765/478 1471/1763/475 1527/1867/201
f 1529/1842/176 1530/1868/200 1534/1870/202 1533/1844/178
f 1530/1868/200 1495/1764/476 1497/1766/479 1534/1870/202
f 1461/1845/181 1462/1871/205 1531/1869/477 1532/1843/179
f 1462/1871/205 1467/1767/421 1469/1765/478 1531/1869/477
f 1533/1844/178 1534/1870/202 1459/1872/204 1460/1846/180
f 1534/1870/202 1497/1766/479 1499/1768/480 1459/1872/204
f 1457/1847/455 1458/1873/207 1462/1871/205 1461/1845/181
f 1458/1873/207 1465/1769/481 1467/1767/421 1462/1871/205
f 1460/1846/180 1459/1872/204 1455/1874/206 1456/1848/457
f 1459/1872/204 1499/1768/480 1501/1770/482 1455/1874/206
f 1453/1849/185 1454/1875/209 1458/1873/207 1457/1847/455
f 1454/1875/209 1463/1771/483 1465/1769/481 1458/1873/207
f 1456/1848/457 1455/1874/206 1451/1876/208 1452/1850/184
f 1455/1874/206 1501/1770/482 1503/1772/484 1451/1876/208
f 1449/1851/187 1450/1877/211 1454/1875/209 1453/1849/185
f 1450/1877/211 1485/1773/485 1463/1771/483 1454/1875/209
f 1452/1850/184 1451/1876/208 1447/1878/210 1448/1852/186
f 1451/1876/208 1503/1772/484 1505/1774/486 1447/1878/210
f 1445/1853/463 1446/1879/213 1450/1877/211 1449/1851/187
f 1446/1879/213 1483/1775/487 1485/1773/485 1450/1877/211
f 1448/1852/186 1447/1878/210 1443/1880/212 1444/1854/188
f 1447/1878/210 1505/1774/486 1507/1776/488 1443/1880/212
f 1441/1855/169 1442/1881/489 1446/1882/213 1445/1856/463
f 1442/1881/489 1481/1779/490 1483/1778/487 1446/1882/213
f 1444/1857/188 1443/1883/212 1439/1884/190 1440/1858/166
f 1443/1883/212 1507/1777/488 1509/1780/491 1439/1884/190
f 1513/1834/168 1514/1860/192 1442/1881/489 1441/1855/169
f 1514/1860/192 1479/1756/469 1481/1779/490 1442/1881/489
f 1440/1858/166 1439/1884/190 1515/1861/191 1516/1835/167
f 1439/1884/190 1509/1780/491 1487/1755/470 1515/1861/191
f 1536/1727/140 1393/1655/140 1391/1658/140 1535/1692/140
f 1537/1725/140 1395/1663/140 1393/1655/140 1536/1727/140
f 1538/1721/140 1397/1669/140 1395/1663/140 1537/1725/140
f 1539/1719/140 1399/1677/140 1397/1669/140 1538/1721/140
f 1540/1715/140 1401/1683/140 1399/1677/140 1539/1719/140
f 1541/1714/140 1403/1689/140 1401/1683/140 1540/1715/140
f 1542/1707/140 1405/1695/140 1403/1698/140 1541/1711/140
f 1543/1705/140 1407/1703/140 1405/1695/140 1542/1707/140
f 1544/1701/140 1409/1709/140 1407/1703/140 1543/1705/140
f 1545/1699/140 1411/1717/140 1409/1709/140 1544/1701/140
f 1546/1693/140 1413/1723/140 1411/1717/140 1545/1699/140
f 1535/1692/140 1391/1658/140 1413/1723/140 1546/1693/140
f 1547/1653/143 1392/1885/143 1394/1886/143 1548/1688/143
f 1548/1688/143 1394/1886/143 1396/1887/143 1549/1686/143
f 1549/1686/143 1396/1887/143 1398/1888/143 1550/1682/143
f 1550/1682/143 1398/1888/143 1400/1889/143 1551/1680/143
f 1551/1680/143 1400/1889/143 1402/1890/143 1552/1674/143
f 1552/1674/143 1402/1890/143 1404/1891/143 1553/1675/143
f 1553/1672/143 1404/1892/143 1406/1893/143 1554/1668/143
f 1554/1668/143 1406/1893/143 1408/1894/143 1555/1666/143
f 1555/1666/143 1408/1894/143 1410/1895/143 1556/1662/143
f 1556/1662/143 1410/1895/143 1412/1896/143 1557/1660/143
f 1557/1660/143 1412/1896/143 1414/1897/143 1558/1652/143
f 1558/1652/143 1414/1897/143 1392/1885/143 1547/1653/143
f 1582/1898/381 1396/1887/381 1394/1886/378 1581/1899/378
f 1583/1900/380 1398/1888/380 1396/1887/381 1582/1898/381
f 1584/1901/379 1400/1889/379 1398/1888/380 1583/1900/380
f 1585/1902/377 1402/1890/377 1400/1889/379 1584/1901/379
f 1586/1903/238 1404/1891/238 1402/1890/377 1585/1902/377
f 1587/1904/385 1406/1893/385 1404/1892/238 1586/1905/238
f 1588/1906/384 1408/1894/384 1406/1893/385 1587/1904/385
f 1589/1907/1 1410/1895/1 1408/1894/384 1588/1906/384
f 1590/1908/383 1412/1896/383 1410/1895/1 1589/1907/1
f 1591/1909/382 1414/1897/382 1412/1896/383 1590/1908/383
f 1592/1910/241 1392/1885/241 1414/1897/382 1591/1909/382
f 1581/1899/378 1394/1886/378 1392/1885/241 1592/1910/241
f 1701/1911/381 1679/1912/381 1677/1913/378 1703/1914/378
f 1703/1914/378 1677/1913/378 1699/1915/241 1705/1916/241
f 1705/1916/241 1699/1915/241 1697/1917/382 1707/1918/382
f 1707/1918/382 1697/1917/382 1695/1919/383 1709/1920/383
f 1709/1920/383 1695/1919/383 1693/1921/1 1711/1922/1
f 1711/1922/1 1693/1921/1 1691/1923/384 1713/1924/384
f 1713/1924/384 1691/1923/384 1689/1925/385 1715/1926/385
f 1715/1926/385 1689/1925/385 1687/1927/238 1717/1928/238
f 1717/1929/238 1687/1930/238 1685/1931/377 1719/1932/377
f 1719/1932/377 1685/1931/377 1683/1933/379 1721/1934/379
f 1721/1934/379 1683/1933/379 1681/1935/380 1723/1936/380
f 1723/1936/380 1681/1935/380 1679/1912/381 1701/1911/381
f 1606/1937/380 1428/1938/380 1429/1939/381 1605/1940/381
f 1607/1941/379 1427/1942/379 1428/1938/380 1606/1937/380
f 1608/1943/377 1438/1944/377 1427/1942/379 1607/1941/379
f 1609/1945/238 1437/1946/238 1438/1944/377 1608/1943/377
f 1610/1947/385 1436/1948/385 1437/1946/238 1609/1945/238
f 1611/1949/384 1435/1950/384 1436/1948/385 1610/1947/385
f 1612/1951/1 1434/1952/1 1435/1950/384 1611/1949/384
f 1613/1953/383 1433/1954/383 1434/1952/1 1612/1951/1
f 1614/1955/382 1432/1956/382 1433/1954/383 1613/1953/383
f 1615/1957/241 1431/1958/241 1432/1956/382 1614/1955/382
f 1616/1959/378 1430/1960/378 1431/1958/241 1615/1957/241
f 1605/1940/381 1429/1939/381 1430/1961/378 1616/1962/378
f 1751/1963/380 1727/1964/380 1725/1965/381 1749/1966/381
f 1753/1967/379 1729/1968/379 1727/1964/380 1751/1963/380
f 1755/1969/377 1731/1970/377 1729/1968/379 1753/1967/379
f 1757/1971/238 1733/1972/238 1731/1970/377 1755/1969/377
f 1759/1973/385 1735/1974/385 1733/1975/238 1757/1976/238
f 1761/1977/384 1737/1978/384 1735/1974/385 1759/1973/385
f 1763/1979/1 1739/1980/1 1737/1978/384 1761/1977/384
f 1765/1981/383 1741/1982/383 1739/1980/1 1763/1979/1
f 1767/1983/382 1743/1984/382 1741/1982/383 1765/1981/383
f 1769/1985/241 1745/1986/241 1743/1984/382 1767/1983/382
f 1771/1987/378 1747/1988/378 1745/1986/241 1769/1985/241
f 1749/1966/381 1725/1965/381 1747/1988/378 1771/1987/378
f 1680/1989/319 1582/1898/319 1581/1899/319 1678/1990/319
f 1704/1991/140 1594/1992/140 1593/1993/140 1702/1994/140
f 1678/1990/319 1581/1899/319 1592/1910/319 1700/1995/319
f 1706/1996/140 1595/1997/140 1594/1992/140 1704/1991/140
f 1700/1995/319 1592/1910/319 1591/1909/319 1698/1998/319
f 1708/1999/140 1596/2000/140 1595/1997/140 1706/1996/140
f 1698/1998/319 1591/1909/319 1590/1908/319 1696/2001/319
f 1710/2002/140 1597/2003/140 1596/2000/140 1708/1999/140
f 1696/2001/319 1590/1908/319 1589/1907/143 1694/2004/143
f 1712/2005/140 1598/2006/140 1597/2003/140 1710/2002/140
f 1694/2004/143 1589/1907/143 1588/1906/325 1692/2007/325
f 1714/2008/140 1599/2009/140 1598/2006/140 1712/2005/140
f 1692/2007/325 1588/1906/325 1587/1904/325 1690/2010/325
f 1716/2011/140 1600/2012/140 1599/2009/140 1714/2008/140
f 1690/2010/325 1587/1904/325 1586/1905/325 1688/2013/325
f 1718/2014/140 1601/2015/140 1600/2012/140 1716/2011/140
f 1688/2016/325 1586/1903/325 1585/1902/325 1686/2017/325
f 1720/2018/140 1602/2019/140 1601/2020/140 1718/2021/140
f 1686/2017/325 1585/1902/325 1584/1901/325 1684/2022/325
f 1722/2023/140 1603/2024/140 1602/2019/140 1720/2018/140
f 1684/2022/325 1584/1901/325 1583/1900/143 1682/2025/143
f 1724/2026/140 1604/2027/140 1603/2024/140 1722/2023/140
f 1682/2025/143 1583/1900/143 1582/1898/319 1680/1989/319
f 1702/1994/140 1593/1993/140 1604/2027/140 1724/2026/140
f 1728/2028/143 1606/2029/143 1605/2030/143 1726/2031/143
f 1750/2032/140 1617/1664/140 1618/1670/140 1752/2033/140
f 1730/2034/143 1607/2035/143 1606/2029/143 1728/2028/143
f 1752/2033/140 1618/1670/140 1619/1678/140 1754/2036/140
f 1732/2037/143 1608/2038/143 1607/2035/143 1730/2034/143
f 1754/2036/140 1619/1678/140 1620/1684/140 1756/2039/140
f 1734/2040/143 1609/2041/143 1608/2038/143 1732/2037/143
f 1756/2039/140 1620/1684/140 1621/1690/140 1758/2042/140
f 1736/2043/143 1610/2044/143 1609/2045/143 1734/2046/143
f 1758/2047/140 1621/1697/140 1622/1696/140 1760/2048/140
f 1738/2049/143 1611/2050/143 1610/2044/143 1736/2043/143
f 1760/2048/140 1622/1696/140 1623/1704/140 1762/2051/140
f 1740/2052/143 1612/2053/143 1611/2050/143 1738/2049/143
f 1762/2051/140 1623/1704/140 1624/1710/140 1764/2054/140
f 1742/2055/143 1613/2056/143 1612/2053/143 1740/2052/143
f 1764/2054/140 1624/1710/140 1625/1718/140 1766/2057/140
f 1744/2058/143 1614/2059/143 1613/2056/143 1742/2055/143
f 1766/2057/140 1625/1718/140 1626/1724/140 1768/2060/140
f 1746/2061/143 1615/2062/143 1614/2059/143 1744/2058/143
f 1768/2060/140 1626/1724/140 1627/1657/140 1770/2063/140
f 1748/2064/143 1616/2065/143 1615/2062/143 1746/2061/143
f 1770/2063/140 1627/1657/140 1628/1656/140 1772/2066/140
f 1726/2031/143 1605/2030/143 1616/2065/143 1748/2064/143
f 1772/2066/140 1628/1656/140 1617/1664/140 1750/2032/140
f 1774/2067/492 1775/2068/173 1680/1989/386 1678/1990/493
f 1778/2069/444 1779/2070/494 1704/1991/447 1702/1994/389
f 1782/2071/177 1774/2067/492 1678/1990/493 1700/1995/495
f 1779/2070/494 1783/2072/496 1706/1996/450 1704/1991/447
f 1786/2073/179 1782/2071/177 1700/1995/495 1698/1998/497
f 1783/2072/496 1787/2074/393 1708/1999/452 1706/1996/450
f 1790/2075/181 1786/2073/179 1698/1998/497 1696/2001/395
f 1787/2074/393 1791/2076/498 1710/2002/396 1708/1999/452
f 1794/2077/455 1790/2075/181 1696/2001/395 1694/2004/397
f 1791/2076/498 1795/2078/499 1712/2005/398 1710/2002/396
f 1798/2079/185 1794/2077/455 1694/2004/397 1692/2007/399
f 1795/2078/499 1799/2080/500 1714/2008/400 1712/2005/398
f 1802/2081/501 1798/2079/185 1692/2007/399 1690/2010/502
f 1799/2080/500 1803/2082/402 1716/2011/462 1714/2008/400
f 1806/2083/189 1802/2081/501 1690/2010/502 1688/2013/503
f 1803/2082/402 1807/2084/504 1718/2014/505 1716/2011/462
f 1810/2085/169 1806/2086/189 1688/2016/503 1686/2017/506
f 1807/2087/504 1811/2088/407 1720/2018/467 1718/2021/505
f 1814/2089/168 1810/2085/169 1686/2017/506 1684/2022/409
f 1811/2088/407 1815/2090/507 1722/2023/410 1720/2018/467
f 1818/2091/437 1814/2089/168 1684/2022/409 1682/2025/411
f 1815/2090/507 1819/2092/508 1724/2026/412 1722/2023/410
f 1775/2068/173 1818/2091/437 1682/2025/411 1680/1989/386
f 1819/2092/508 1778/2069/444 1702/1994/389 1724/2026/412
f 1675/2093/173 1674/2094/171 1728/2028/439 1726/2031/509
f 1671/2095/170 1670/2096/172 1750/2032/389 1752/2033/441
f 1674/2094/171 1668/2097/168 1730/2034/409 1728/2028/439
f 1665/2098/167 1671/2095/170 1752/2033/441 1754/2036/410
f 1668/2097/168 1664/2099/169 1732/2037/406 1730/2034/409
f 1661/2100/166 1665/2098/167 1754/2036/410 1756/2039/408
f 1664/2099/169 1660/2101/189 1734/2040/510 1732/2037/406
f 1657/2102/188 1661/2100/166 1756/2039/408 1758/2042/505
f 1660/2103/189 1656/2104/187 1736/2043/401 1734/2046/510
f 1653/2105/186 1657/2106/188 1758/2047/505 1760/2048/403
f 1656/2104/187 1652/2107/185 1738/2049/511 1736/2043/401
f 1649/2108/184 1653/2105/186 1760/2048/403 1762/2051/400
f 1652/2107/185 1648/2109/183 1740/2052/456 1738/2049/511
f 1645/2110/182 1649/2108/184 1762/2051/400 1764/2054/458
f 1648/2109/183 1644/2111/181 1742/2055/395 1740/2052/456
f 1641/2112/180 1645/2110/182 1764/2054/458 1766/2057/396
f 1644/2111/181 1640/2113/179 1744/2058/392 1742/2055/395
f 1637/2114/178 1641/2112/180 1766/2057/396 1768/2060/394
f 1640/2113/179 1636/2115/177 1746/2061/449 1744/2058/392
f 1633/2116/176 1637/2114/178 1768/2060/394 1770/2063/450
f 1636/2115/177 1632/2117/175 1748/2064/512 1746/2061/449
f 1629/2118/174 1633/2116/176 1770/2063/450 1772/2066/388
f 1632/2117/175 1675/2093/173 1726/2031/509 1748/2064/512
f 1670/2096/172 1629/2118/174 1772/2066/388 1750/2032/389
f 1774/2067/492 1773/2119/199 1776/2120/197 1775/2068/173
f 1773/2119/199 1677/1913/413 1679/1912/513 1776/2120/197
f 1778/2069/444 1777/2121/196 1780/2122/198 1779/2070/494
f 1777/2121/196 1701/1911/514 1703/1914/416 1780/2122/198
f 1782/2071/177 1781/2123/201 1773/2119/199 1774/2067/492
f 1781/2123/201 1699/1915/417 1677/1913/413 1773/2119/199
f 1779/2070/494 1780/2122/198 1784/2124/200 1783/2072/496
f 1780/2122/198 1703/1914/416 1705/1916/418 1784/2124/200
f 1786/2073/179 1785/2125/203 1781/2123/201 1782/2071/177
f 1785/2125/203 1697/1917/419 1699/1915/417 1781/2123/201
f 1783/2072/496 1784/2124/200 1788/2126/202 1787/2074/393
f 1784/2124/200 1705/1916/418 1707/1918/420 1788/2126/202
f 1790/2075/181 1789/2127/205 1785/2125/203 1786/2073/179
f 1789/2127/205 1695/1919/515 1697/1917/419 1785/2125/203
f 1787/2074/393 1788/2126/202 1792/2128/204 1791/2076/498
f 1788/2126/202 1707/1918/420 1709/1920/516 1792/2128/204
f 1794/2077/455 1793/2129/207 1789/2127/205 1790/2075/181
f 1793/2129/207 1693/1921/481 1695/1919/515 1789/2127/205
f 1791/2076/498 1792/2128/204 1796/2130/206 1795/2078/499
f 1792/2128/204 1709/1920/516 1711/1922/482 1796/2130/206
f 1798/2079/185 1797/2131/209 1793/2129/207 1794/2077/455
f 1797/2131/209 1691/1923/517 1693/1921/481 1793/2129/207
f 1795/2078/499 1796/2130/206 1800/2132/208 1799/2080/500
f 1796/2130/206 1711/1922/482 1713/1924/484 1800/2132/208
f 1802/2081/501 1801/2133/211 1797/2131/209 1798/2079/185
f 1801/2133/211 1689/1925/427 1691/1923/517 1797/2131/209
f 1799/2080/500 1800/2132/208 1804/2134/210 1803/2082/402
f 1800/2132/208 1713/1924/484 1715/1926/428 1804/2134/210
f 1806/2083/189 1805/2135/213 1801/2133/211 1802/2081/501
f 1805/2135/213 1687/1927/429 1689/1925/427 1801/2133/211
f 1803/2082/402 1804/2134/210 1808/2136/212 1807/2084/504
f 1804/2134/210 1715/1926/428 1717/1928/430 1808/2136/212
f 1810/2085/169 1809/2137/193 1805/2138/213 1806/2086/189
f 1809/2137/193 1685/1931/431 1687/1930/429 1805/2138/213
f 1807/2087/504 1808/2139/212 1812/2140/190 1811/2088/407
f 1808/2139/212 1717/1929/430 1719/1932/432 1812/2140/190
f 1814/2089/168 1813/2141/192 1809/2137/193 1810/2085/169
f 1813/2141/192 1683/1933/518 1685/1931/431 1809/2137/193
f 1811/2088/407 1812/2140/190 1816/2142/191 1815/2090/507
f 1812/2140/190 1719/1932/432 1721/1934/470 1816/2142/191
f 1818/2091/437 1817/2143/195 1813/2141/192 1814/2089/168
f 1817/2143/195 1681/1935/468 1683/1933/518 1813/2141/192
f 1815/2090/507 1816/2142/191 1820/2144/194 1819/2092/508
f 1816/2142/191 1721/1934/470 1723/1936/471 1820/2144/194
f 1775/2068/173 1776/2120/197 1817/2143/195 1818/2091/437
f 1776/2120/197 1679/1912/513 1681/1935/468 1817/2143/195
f 1819/2092/508 1820/2144/194 1777/2121/196 1778/2069/444
f 1820/2144/194 1723/1936/471 1701/1911/514 1777/2121/196
f 1675/2093/173 1676/2145/197 1673/2146/195 1674/2094/171
f 1676/2145/197 1725/1965/414 1727/1964/435 1673/2146/195
f 1671/2095/170 1672/2147/194 1669/2148/196 1670/2096/172
f 1672/2147/194 1751/1963/436 1749/1966/472 1669/2148/196
f 1674/2094/171 1673/2146/195 1667/2149/192 1668/2097/168
f 1673/2146/195 1727/1964/435 1729/1968/433 1667/2149/192
f 1665/2098/167 1666/2150/191 1672/2147/194 1671/2095/170
f 1666/2150/191 1753/1967/519 1751/1963/436 1672/2147/194
f 1668/2097/168 1667/2149/192 1663/2151/193 1664/2099/169
f 1667/2149/192 1729/1968/433 1731/1970/490 1663/2151/193
f 1661/2100/166 1662/2152/190 1666/2150/191 1665/2098/167
f 1662/2152/190 1755/1969/491 1753/1967/519 1666/2150/191
f 1664/2099/169 1663/2151/193 1659/2153/213 1660/2101/189
f 1663/2151/193 1731/1970/490 1733/1972/487 1659/2153/213
f 1657/2102/188 1658/2154/212 1662/2152/190 1661/2100/166
f 1658/2154/212 1757/1971/488 1755/1969/491 1662/2152/190
f 1660/2103/189 1659/2155/213 1655/2156/211 1656/2104/187
f 1659/2155/213 1733/1975/487 1735/1974/520 1655/2156/211
f 1653/2105/186 1654/2157/210 1658/2158/212 1657/2106/188
f 1654/2157/210 1759/1973/486 1757/1976/488 1658/2158/212
f 1656/2104/187 1655/2156/211 1651/2159/209 1652/2107/185
f 1655/2156/211 1735/1974/520 1737/1978/425 1651/2159/209
f 1649/2108/184 1650/2160/208 1654/2157/210 1653/2105/186
f 1650/2160/208 1761/1977/521 1759/1973/486 1654/2157/210
f 1652/2107/185 1651/2159/209 1647/2161/207 1648/2109/183
f 1651/2159/209 1737/1978/425 1739/1980/423 1647/2161/207
f 1645/2110/182 1646/2162/206 1650/2160/208 1649/2108/184
f 1646/2162/206 1763/1979/424 1761/1977/521 1650/2160/208
f 1648/2109/183 1647/2161/207 1643/2163/205 1644/2111/181
f 1647/2161/207 1739/1980/423 1741/1982/421 1643/2163/205
f 1641/2112/180 1642/2164/204 1646/2162/206 1645/2110/182
f 1642/2164/204 1765/1981/480 1763/1979/424 1646/2162/206
f 1644/2111/181 1643/2163/205 1639/2165/203 1640/2113/179
f 1643/2163/205 1741/1982/421 1743/1984/478 1639/2165/203
f 1637/2114/178 1638/2166/202 1642/2164/204 1641/2112/180
f 1638/2166/202 1767/1983/479 1765/1981/480 1642/2164/204
f 1640/2113/179 1639/2165/203 1635/2167/201 1636/2115/177
f 1639/2165/203 1743/1984/478 1745/1986/475 1635/2167/201
f 1633/2116/176 1634/2168/200 1638/2166/202 1637/2114/178
f 1634/2168/200 1769/1985/476 1767/1983/479 1638/2166/202
f 1636/2115/177 1635/2167/201 1631/2169/199 1632/2117/175
f 1635/2167/201 1745/1986/475 1747/1988/522 1631/2169/199
f 1629/2118/174 1630/2170/198 1634/2168/200 1633/2116/176
f 1630/2170/198 1771/1987/474 1769/1985/476 1634/2168/200
f 1632/2117/175 1631/2169/199 1676/2145/197 1675/2093/173
f 1631/2169/199 1747/1988/522 1725/1965/414 1676/2145/197
f 1670/2096/172 1669/2148/196 1630/2170/198 1629/2118/174
f 1669/2148/196 1749/1966/472 1771/1987/474 1630/2170/198
f 1975/2171/1 1981/2172/1 1978/2173/1 1972/2174/1
f 1980/2175/140 1987/2176/140 1984/2177/140 1979/2178/140
f 1986/2179/380 1993/2180/380 1990/2181/380 1985/2182/380
f 1992/2183/143 1976/2184/143 1971/2185/143 1991/2186/143
f 1994/2187/238 1988/2188/238 1982/2189/238 1974/2190/238
f 1973/2191/241 1977/2192/241 1983/2193/241 1989/2194/241
f 2066/2195/1 2069/2196/1 2063/2197/1 2060/2198/1
f 2072/2199/143 2075/2200/143 2070/2201/143 2065/2202/143
f 2078/2203/380 2081/2204/380 2076/2205/380 2071/2206/380
f 2061/2207/140 2062/2208/140 2082/2209/140 2077/2210/140
f 2068/2211/238 2074/2212/238 2080/2213/238 2064/2214/238
f 2073/2215/241 2067/2216/241 2059/2217/241 2079/2218/241
f 1839/2219/241 1841/2220/241 1837/2221/241
f 1917/2222/140 1916/2223/523 1841/2220/523 1839/2224/140
f 1838/2225/523 1948/2226/523 1937/2227/140 1961/2228/140
f 1841/2220/241 1843/2229/241 1837/2221/241
f 1916/2223/523 1915/2230/524 1843/2229/524 1841/2220/523
f 1864/2231/524 1947/2232/524 1948/2226/523 1838/2225/523
f 1843/2229/241 1845/2233/241 1837/2221/241
f 1915/2230/524 1914/2234/380 1845/2235/380 1843/2229/524
f 1970/2236/380 1946/2237/380 1947/2232/524 1864/2231/524
f 1845/2233/241 1847/2238/241 1837/2221/241
f 1914/2234/380 1913/2239/525 1847/2240/525 1845/2235/380
f 1969/2241/525 1945/2242/525 1946/2237/380 1970/2236/380
f 1847/2238/241 1849/2243/241 1837/2221/241
f 1913/2239/525 1924/2244/526 1849/2245/526 1847/2240/525
f 1968/2246/526 1944/2247/526 1945/2242/525 1969/2241/525
f 1849/2243/241 1851/2248/241 1837/2221/241
f 1924/2244/526 1923/2249/143 1851/2250/143 1849/2245/526
f 1967/2251/143 1943/2252/143 1944/2247/526 1968/2246/526
f 1851/2248/241 1853/2253/241 1837/2221/241
f 1923/2254/143 1922/2255/527 1853/2256/527 1851/2257/143
f 1966/2258/527 1942/2259/527 1943/2260/143 1967/2261/143
f 1853/2253/241 1855/2262/241 1837/2221/241
f 1922/2255/527 1921/2263/528 1855/2264/528 1853/2256/527
f 1965/2265/528 1941/2266/528 1942/2259/527 1966/2258/527
f 1855/2262/241 1857/2267/241 1837/2221/241
f 1921/2263/528 1920/2268/1 1857/2269/1 1855/2264/528
f 1964/2270/1 1940/2271/1 1941/2266/528 1965/2265/528
f 1857/2267/241 1859/2272/241 1837/2221/241
f 1920/2268/1 1919/2273/529 1859/2274/529 1857/2269/1
f 1963/2275/529 1939/2276/529 1940/2271/1 1964/2270/1
f 1859/2272/241 1861/2277/241 1837/2221/241
f 1919/2273/529 1918/2278/530 1861/2279/530 1859/2274/529
f 1962/2280/530 1938/2281/530 1939/2276/529 1963/2275/529
f 1861/2277/241 1839/2219/241 1837/2221/241
f 1918/2278/530 1917/2222/140 1839/2224/140 1861/2279/530
f 1961/2228/140 1937/2227/140 1938/2281/530 1962/2280/530
f 1867/2282/241 1865/2283/241 1863/2284/241
f 1867/2282/526 1911/2285/526 1910/2286/143 1865/2287/143
f 1949/2288/143 1925/2289/143 1936/2290/526 1960/2291/526
f 1869/2292/241 1867/2282/241 1863/2284/241
f 1869/2292/525 1912/2293/525 1911/2285/526 1867/2282/526
f 1960/2291/526 1936/2290/526 1935/2294/525 1959/2295/525
f 1871/2296/241 1869/2292/241 1863/2284/241
f 1871/2297/380 1901/2298/380 1912/2293/525 1869/2292/525
f 1959/2295/525 1935/2294/525 1934/2299/380 1958/2300/380
f 1873/2301/241 1871/2296/241 1863/2284/241
f 1873/2302/524 1902/2303/524 1901/2298/380 1871/2297/380
f 1958/2300/380 1934/2299/380 1933/2304/524 1957/2305/524
f 1875/2306/241 1873/2301/241 1863/2284/241
f 1875/2307/523 1903/2308/523 1902/2303/524 1873/2302/524
f 1957/2305/524 1933/2304/524 1932/2309/523 1956/2310/523
f 1877/2311/241 1875/2306/241 1863/2284/241
f 1877/2312/140 1904/2313/140 1903/2308/523 1875/2307/523
f 1956/2310/523 1932/2309/523 1931/2314/140 1955/2315/140
f 1879/2316/241 1877/2311/241 1863/2284/241
f 1879/2317/530 1905/2318/530 1904/2319/140 1877/2320/140
f 1955/2321/140 1931/2322/140 1930/2323/530 1954/2324/530
f 1881/2325/241 1879/2316/241 1863/2284/241
f 1881/2326/529 1906/2327/529 1905/2318/530 1879/2317/530
f 1954/2324/530 1930/2323/530 1929/2328/529 1953/2329/529
f 1883/2330/241 1881/2325/241 1863/2284/241
f 1883/2331/1 1907/2332/1 1906/2327/529 1881/2326/529
f 1953/2329/529 1929/2328/529 1928/2333/1 1952/2334/1
f 1885/2335/241 1883/2330/241 1863/2284/241
f 1885/2336/528 1908/2337/528 1907/2332/1 1883/2331/1
f 1952/2334/1 1928/2333/1 1927/2338/528 1951/2339/528
f 1887/2340/241 1885/2335/241 1863/2284/241
f 1887/2341/527 1909/2342/527 1908/2337/528 1885/2336/528
f 1951/2339/528 1927/2338/528 1926/2343/527 1950/2344/527
f 1865/2283/241 1887/2340/241 1863/2284/241
f 1865/2287/143 1910/2286/143 1909/2342/527 1887/2341/527
f 1950/2344/527 1926/2343/527 1925/2289/143 1949/2288/143
f 1889/2345/524 2147/2346/524 2158/2347/380 1890/2348/380
f 1890/2348/380 2158/2347/380 2157/2349/525 1891/2350/525
f 1891/2350/525 2157/2349/525 2156/2351/526 1892/2352/526
f 1892/2352/526 2156/2351/526 2155/2353/143 1893/2354/143
f 1893/2354/143 2155/2353/143 2154/2355/527 1894/2356/527
f 1894/2356/527 2154/2355/527 2153/2357/528 1895/2358/528
f 1895/2358/528 2153/2357/528 2152/2359/1 1896/2360/1
f 1896/2360/1 2152/2359/1 2151/2361/529 1897/2362/529
f 1897/2362/529 2151/2361/529 2150/2363/530 1898/2364/530
f 1898/2364/530 2150/2363/530 2149/2365/140 1899/2366/140
f 1899/2366/140 2149/2365/140 2148/2367/523 1900/2368/523
f 1900/2369/523 2148/2370/523 2147/2346/524 1889/2345/524
f 1902/2371/524 1889/2372/524 1890/2373/380 1901/2374/380
f 1903/2375/523 1900/2376/523 1889/2372/524 1902/2371/524
f 1904/2377/140 1899/2378/140 1900/2376/523 1903/2375/523
f 1905/2379/530 1898/2380/530 1899/2381/140 1904/2382/140
f 1906/2383/529 1897/2384/529 1898/2380/530 1905/2379/530
f 1907/2385/1 1896/2386/1 1897/2384/529 1906/2383/529
f 1908/2387/528 1895/2388/528 1896/2386/1 1907/2385/1
f 1909/2389/527 1894/2390/527 1895/2388/528 1908/2387/528
f 1910/2391/143 1893/2392/143 1894/2390/527 1909/2389/527
f 1911/2393/526 1892/2394/526 1893/2392/143 1910/2391/143
f 1912/2395/525 1891/2396/525 1892/2394/526 1911/2393/526
f 1901/2374/380 1890/2373/380 1891/2396/525 1912/2395/525
f 1914/2397/380 2183/2398/380 2194/2399/525 1913/2400/525
f 1915/2401/524 2184/2402/524 2183/2398/380 1914/2397/380
f 1916/2403/523 2185/2404/523 2184/2402/524 1915/2401/524
f 1917/2405/140 2186/2406/140 2185/2404/523 1916/2403/523
f 1918/2407/530 2187/2408/530 2186/2406/140 1917/2405/140
f 1919/2409/529 2188/2410/529 2187/2408/530 1918/2407/530
f 1920/2411/1 2189/2412/1 2188/2410/529 1919/2409/529
f 1921/2413/528 2190/2414/528 2189/2412/1 1920/2411/1
f 1922/2415/527 2191/2416/527 2190/2414/528 1921/2413/528
f 1923/2417/143 2192/2418/143 2191/2416/527 1922/2415/527
f 1924/2419/526 2193/2420/526 2192/2418/143 1923/2417/143
f 1913/2400/525 2194/2399/525 2193/2421/526 1924/2422/526
f 1926/2343/238 1842/2423/238 1840/2424/238 1925/2289/238
f 1927/2338/238 1844/2425/238 1842/2423/238 1926/2343/238
f 1928/2333/238 1846/2426/238 1844/2425/238 1927/2338/238
f 1929/2328/238 1848/2427/238 1846/2426/238 1928/2333/238
f 1930/2323/238 1850/2428/238 1848/2427/238 1929/2328/238
f 1931/2322/238 1852/2429/238 1850/2428/238 1930/2323/238
f 1932/2309/238 1854/2430/238 1852/2431/238 1931/2314/238
f 1933/2304/238 1856/2432/238 1854/2430/238 1932/2309/238
f 1934/2299/238 1858/2433/238 1856/2432/238 1933/2304/238
f 1935/2294/238 1860/2434/238 1858/2433/238 1934/2299/238
f 1936/2290/238 1862/2435/238 1860/2434/238 1935/2294/238
f 1925/2289/238 1840/2424/238 1862/2435/238 1936/2290/238
f 1937/2227/238 1866/2436/238 1868/2437/238 1938/2281/238
f 1938/2281/238 1868/2437/238 1870/2438/238 1939/2276/238
f 1939/2276/238 1870/2438/238 1872/2439/238 1940/2271/238
f 1940/2271/238 1872/2439/238 1874/2440/238 1941/2266/238
f 1941/2266/238 1874/2440/238 1876/2441/238 1942/2259/238
f 1942/2259/238 1876/2441/238 1878/2442/238 1943/2260/238
f 1943/2252/238 1878/2443/238 1880/2444/238 1944/2247/238
f 1944/2247/238 1880/2444/238 1882/2445/238 1945/2242/238
f 1945/2242/238 1882/2445/238 1884/2446/238 1946/2237/238
f 1946/2237/238 1884/2446/238 1886/2447/238 1947/2232/238
f 1947/2232/238 1886/2447/238 1888/2448/238 1948/2226/238
f 1948/2226/238 1888/2448/238 1866/2436/238 1937/2227/238
f 2045/2449/531 2044/2450/532 2043/2451/533
f 2048/2452/534 2047/2453/535 2046/2454/536
f 2051/2455/537 2050/2456/538 2049/2457/539
f 2054/2458/540 2053/2459/541 2052/2460/542
f 2057/2461/543 2056/2462/544 2055/2463/545
f 1827/2464/546 1828/2465/547 2058/2466/548
f 1824/2467/549 1825/2468/550 1826/2469/551
f 1821/2470/552 1822/2471/553 1823/2472/554
f 1995/2473/555 2010/2474/556 1977/2192/557 1973/2191/558
f 2007/2475/559 2016/2476/560 1980/2175/561 1979/2178/562
f 2013/2477/563 2004/2478/564 1974/2190/565 1982/2189/566
f 2001/2479/567 1998/2480/568 1971/2185/569 1976/2184/570
f 2011/2481/571 2022/2482/572 1983/2193/573 1977/2192/557
f 2019/2483/574 2028/2484/575 1986/2179/576 1985/2182/577
f 2025/2485/578 2018/2486/579 1982/2189/566 1988/2188/580
f 2023/2487/581 2034/2488/582 1989/2194/583 1983/2193/573
f 2031/2489/584 2040/2490/585 1992/2183/586 1991/2186/587
f 2037/2491/588 2030/2492/589 1988/2188/580 1994/2187/590
f 2035/2493/591 2000/2494/592 1973/2191/558 1989/2194/583
f 2005/2495/593 2042/2496/594 1994/2187/590 1974/2190/565
f 1995/2473/555 2043/2497/533 2044/2498/532 1996/2499/595
f 1997/2500/596 2044/2450/532 2045/2449/531 1998/2480/568
f 1999/2501/597 2045/2449/531 2043/2451/533 2000/2502/592
f 1995/2473/555 1973/2191/558 2000/2494/592 2043/2497/533
f 1997/2503/596 1972/2504/598 1996/2505/595 2044/2506/532
f 1999/2501/597 1971/2185/569 1998/2480/568 2045/2449/531
f 2001/2479/567 2046/2454/536 2047/2453/535 2002/2507/599
f 2003/2508/600 2047/2509/535 2048/2510/534 2004/2511/564
f 2005/2512/593 2048/2452/534 2046/2454/536 2006/2513/601
f 2001/2479/567 1976/2184/570 2006/2513/601 2046/2454/536
f 2003/2514/600 1975/2515/602 2002/2516/599 2047/2517/535
f 2005/2495/593 1974/2190/565 2004/2478/564 2048/2518/534
f 2007/2475/559 2049/2457/539 2050/2456/538 2008/2519/603
f 2009/2520/604 2050/2521/538 2051/2522/537 2010/2474/556
f 2011/2523/571 2051/2455/537 2049/2457/539 2012/2524/605
f 2007/2475/559 1979/2178/562 2012/2524/605 2049/2457/539
f 2009/2525/604 1978/2526/606 2008/2527/603 2050/2528/538
f 2011/2481/571 1977/2192/557 2010/2474/556 2051/2522/537
f 2013/2477/563 2052/2529/542 2053/2530/541 2014/2531/607
f 2015/2532/608 2053/2459/541 2054/2458/540 2016/2476/560
f 2017/2533/609 2054/2458/540 2052/2460/542 2018/2534/579
f 2013/2477/563 1982/2189/566 2018/2486/579 2052/2529/542
f 2015/2535/608 1981/2536/610 2014/2537/607 2053/2538/541
f 2017/2533/609 1980/2175/561 2016/2476/560 2054/2458/540
f 2019/2539/574 2055/2463/545 2056/2462/544 2020/2540/611
f 2021/2541/612 2056/2462/544 2057/2461/543 2022/2542/572
f 2023/2543/581 2057/2544/543 2055/2545/545 2024/2546/613
f 2019/2483/574 1985/2182/577 2024/2546/613 2055/2545/545
f 2021/2541/612 1984/2177/614 2020/2540/611 2056/2462/544
f 2023/2487/581 1983/2193/573 2022/2482/572 2057/2547/543
f 2025/2548/578 2058/2466/548 1828/2465/547 2026/2549/615
f 2027/2550/616 1828/2465/547 1827/2464/546 2028/2551/575
f 2029/2552/617 1827/2553/546 2058/2554/548 2030/2555/589
f 2025/2485/578 1988/2188/580 2030/2492/589 2058/2556/548
f 2027/2550/616 1987/2176/618 2026/2549/615 1828/2465/547
f 2029/2552/617 1986/2179/576 2028/2484/575 1827/2553/546
f 2031/2489/584 1826/2469/551 1825/2468/550 2032/2557/619
f 2033/2558/620 1825/2559/550 1824/2560/549 2034/2561/582
f 2035/2562/591 1824/2467/549 1826/2469/551 2036/2563/621
f 2031/2489/584 1991/2186/587 2036/2563/621 1826/2469/551
f 2033/2558/620 1990/2181/622 2032/2564/619 1825/2559/550
f 2035/2493/591 1989/2194/583 2034/2488/582 1824/2565/549
f 2037/2566/588 1823/2567/554 1822/2568/553 2038/2569/623
f 2039/2570/624 1822/2471/553 1821/2470/552 2040/2490/585
f 2041/2571/625 1821/2470/552 1823/2472/554 2042/2572/594
f 2037/2491/588 1994/2187/590 2042/2496/594 1823/2573/554
f 2039/2574/624 1993/2180/626 2038/2569/623 1822/2568/553
f 2041/2571/625 1992/2183/586 2040/2490/585 1821/2470/552
f 1995/2473/555 1996/2499/595 2009/2520/604 2010/2474/556
f 1996/2505/595 1972/2504/598 1978/2526/606 2009/2525/604
f 2007/2475/559 2008/2519/603 2015/2532/608 2016/2476/560
f 2008/2527/603 1978/2526/606 1981/2536/610 2015/2535/608
f 2013/2575/563 2014/2576/607 2003/2508/600 2004/2511/564
f 2014/2537/607 1981/2536/610 1975/2515/602 2003/2514/600
f 2001/2479/567 2002/2507/599 1997/2500/596 1998/2480/568
f 2002/2516/599 1975/2515/602 1972/2504/598 1997/2503/596
f 2011/2523/571 2012/2524/605 2021/2541/612 2022/2542/572
f 2012/2524/605 1979/2178/562 1984/2177/614 2021/2541/612
f 2019/2539/574 2020/2540/611 2027/2550/616 2028/2551/575
f 2020/2540/611 1984/2177/614 1987/2176/618 2027/2550/616
f 2025/2548/578 2026/2549/615 2017/2533/609 2018/2534/579
f 2026/2549/615 1987/2176/618 1980/2175/561 2017/2533/609
f 2023/2543/581 2024/2546/613 2033/2558/620 2034/2561/582
f 2024/2546/613 1985/2182/577 1990/2181/622 2033/2558/620
f 2031/2489/584 2032/2557/619 2039/2570/624 2040/2490/585
f 2032/2564/619 1990/2181/622 1993/2180/626 2039/2574/624
f 2037/2566/588 2038/2569/623 2029/2552/617 2030/2555/589
f 2038/2569/623 1993/2180/626 1986/2179/576 2029/2552/617
f 2035/2562/591 2036/2563/621 1999/2501/597 2000/2502/592
f 2036/2563/621 1991/2186/587 1971/2185/569 1999/2501/597
f 2005/2512/593 2006/2513/601 2041/2571/625 2042/2572/594
f 2006/2513/601 1976/2184/570 1992/2183/586 2041/2571/625
f 2133/2577/537 2132/2578/538 2131/2579/627
f 2136/2580/628 2135/2581/629 2134/2582/542
f 2139/2583/531 2138/2584/532 2137/2585/533
f 2142/2586/534 2141/2587/535 2140/2588/536
f 2145/2589/550 2144/2590/551 2143/2591/549
f 1835/2592/554 1836/2593/552 2146/2594/553
f 1832/2595/630 1833/2596/545 1834/2597/543
f 1829/2598/631 1830/2599/546 1831/2600/632
f 2083/2601/559 2092/2602/560 2062/2208/561 2061/2207/633
f 2089/2603/563 2104/2604/564 2068/2211/634 2064/2214/566
f 2101/2605/567 2098/2606/568 2065/2202/635 2070/2201/636
f 2095/2607/555 2086/2608/556 2059/2217/637 2067/2216/638
f 2105/2609/593 2116/2610/594 2074/2212/639 2068/2211/634
f 2113/2611/624 2110/2612/619 2071/2613/640 2076/2614/626
f 2107/2615/591 2100/2616/592 2067/2216/638 2073/2215/641
f 2117/2617/588 2128/2618/642 2080/2213/580 2074/2212/639
f 2125/2619/616 2122/2620/611 2077/2210/614 2082/2209/643
f 2119/2621/581 2112/2622/582 2073/2215/641 2079/2218/644
f 2129/2623/578 2094/2624/579 2064/2214/566 2080/2213/580
f 2087/2625/571 2124/2626/572 2079/2218/644 2059/2217/637
f 2083/2601/559 2131/2627/627 2132/2628/538 2084/2629/603
f 2085/2630/604 2132/2578/538 2133/2577/537 2086/2608/556
f 2087/2625/571 2133/2577/537 2131/2579/627 2088/2631/605
f 2083/2601/559 2061/2207/633 2088/2632/605 2131/2627/627
f 2085/2633/604 2060/2634/606 2084/2635/603 2132/2636/538
f 2087/2625/571 2059/2217/637 2086/2608/556 2133/2577/537
f 2089/2603/563 2134/2582/542 2135/2581/629 2090/2637/607
f 2091/2638/608 2135/2639/629 2136/2640/628 2092/2602/560
f 2093/2641/609 2136/2580/628 2134/2582/542 2094/2624/579
f 2089/2603/563 2064/2214/566 2094/2624/579 2134/2582/542
f 2091/2642/608 2063/2643/645 2090/2644/607 2135/2645/629
f 2093/2646/609 2062/2208/561 2092/2602/560 2136/2640/628
f 2095/2607/555 2137/2585/533 2138/2584/532 2096/2647/595
f 2097/2648/596 2138/2649/532 2139/2650/531 2098/2606/568
f 2099/2651/597 2139/2583/531 2137/2585/533 2100/2616/592
f 2095/2607/555 2067/2216/638 2100/2616/592 2137/2585/533
f 2097/2652/596 2066/2653/598 2096/2654/595 2138/2655/532
f 2099/2656/597 2065/2202/635 2098/2606/568 2139/2650/531
f 2101/2605/567 2140/2588/536 2141/2587/535 2102/2657/599
f 2103/2658/600 2141/2659/535 2142/2660/534 2104/2604/564
f 2105/2661/593 2142/2586/534 2140/2588/536 2106/2662/601
f 2101/2605/567 2070/2201/636 2106/2662/601 2140/2588/536
f 2103/2663/600 2069/2664/646 2102/2665/599 2141/2666/535
f 2105/2609/593 2068/2211/634 2104/2604/564 2142/2660/534
f 2107/2615/591 2143/2591/549 2144/2590/551 2108/2667/621
f 2109/2668/584 2144/2669/551 2145/2670/550 2110/2671/619
f 2111/2672/620 2145/2589/550 2143/2591/549 2112/2622/582
f 2107/2615/591 2073/2215/641 2112/2622/582 2143/2591/549
f 2109/2668/584 2072/2199/647 2108/2673/621 2144/2669/551
f 2111/2674/620 2071/2613/640 2110/2612/619 2145/2675/550
f 2113/2676/624 2146/2594/553 1836/2593/552 2114/2677/585
f 2115/2678/625 1836/2593/552 1835/2592/554 2116/2679/594
f 2117/2617/588 1835/2680/554 2146/2681/553 2118/2682/623
f 2113/2611/624 2076/2614/626 2118/2683/623 2146/2684/553
f 2115/2678/625 2075/2200/586 2114/2677/585 1836/2593/552
f 2117/2617/588 2074/2212/639 2116/2610/594 1835/2680/554
f 2119/2621/581 1834/2597/543 1833/2596/545 2120/2685/613
f 2121/2686/574 1833/2687/545 1832/2688/630 2122/2689/611
f 2123/2690/612 1832/2595/630 1834/2597/543 2124/2626/572
f 2119/2621/581 2079/2218/644 2124/2626/572 1834/2597/543
f 2121/2686/574 2078/2691/648 2120/2692/613 1833/2687/545
f 2123/2693/612 2077/2210/614 2122/2620/611 1832/2694/630
f 2125/2695/616 1831/2696/632 1830/2697/546 2126/2698/575
f 2127/2699/617 1830/2599/546 1829/2598/631 2128/2618/642
f 2129/2623/578 1829/2598/631 1831/2600/632 2130/2700/615
f 2125/2619/616 2082/2209/643 2130/2701/615 1831/2702/632
f 2127/2703/617 2081/2704/649 2126/2698/575 1830/2697/546
f 2129/2623/578 2080/2213/580 2128/2618/642 1829/2598/631
f 2083/2601/559 2084/2629/603 2091/2638/608 2092/2602/560
f 2084/2635/603 2060/2634/606 2063/2643/645 2091/2642/608
f 2089/2603/563 2090/2637/607 2103/2658/600 2104/2604/564
f 2090/2644/607 2063/2643/645 2069/2664/646 2103/2663/600
f 2101/2605/567 2102/2657/599 2097/2648/596 2098/2606/568
f 2102/2665/599 2069/2664/646 2066/2653/598 2097/2652/596
f 2095/2607/555 2096/2647/595 2085/2630/604 2086/2608/556
f 2096/2654/595 2066/2653/598 2060/2634/606 2085/2633/604
f 2105/2661/593 2106/2662/601 2115/2678/625 2116/2679/594
f 2106/2662/601 2070/2201/636 2075/2200/586 2115/2678/625
f 2113/2676/624 2114/2677/585 2109/2668/584 2110/2671/619
f 2114/2677/585 2075/2200/586 2072/2199/647 2109/2668/584
f 2107/2615/591 2108/2667/621 2099/2651/597 2100/2616/592
f 2108/2673/621 2072/2199/647 2065/2202/635 2099/2656/597
f 2117/2617/588 2118/2682/623 2127/2699/617 2128/2618/642
f 2118/2683/623 2076/2614/626 2081/2704/649 2127/2703/617
f 2125/2695/616 2126/2698/575 2121/2686/574 2122/2689/611
f 2126/2698/575 2081/2704/649 2078/2691/648 2121/2686/574
f 2119/2621/581 2120/2685/613 2111/2672/620 2112/2622/582
f 2120/2692/613 2078/2691/648 2071/2613/640 2111/2674/620
f 2129/2623/578 2130/2700/615 2093/2641/609 2094/2624/579
f 2130/2701/615 2082/2209/643 2062/2208/561 2093/2646/609
f 2087/2625/571 2088/2631/605 2123/2690/612 2124/2626/572
f 2088/2632/605 2061/2207/633 2077/2210/614 2123/2693/612
f 2196/2705/523 2263/2706/523 2265/2707/524 2195/2708/524
f 2197/2709/140 2261/2710/140 2263/2706/523 2196/2705/523
f 2198/2711/530 2259/2712/530 2261/2713/140 2197/2714/140
f 2199/2715/529 2257/2716/529 2259/2712/530 2198/2711/530
f 2200/2717/1 2255/2718/1 2257/2716/529 2199/2715/529
f 2201/2719/528 2253/2720/528 2255/2718/1 2200/2717/1
f 2202/2721/527 2251/2722/527 2253/2720/528 2201/2719/528
f 2203/2723/143 2249/2724/143 2251/2722/527 2202/2721/527
f 2204/2725/526 2247/2726/526 2249/2724/143 2203/2723/143
f 2205/2727/525 2245/2728/525 2247/2726/526 2204/2725/526
f 2206/2729/380 2243/2730/380 2245/2728/525 2205/2727/525
f 2195/2708/524 2265/2707/524 2243/2730/380 2206/2729/380
f 2159/2731/380 1872/2439/380 1870/2438/525 2160/2732/525
f 2160/2732/525 1870/2438/525 1868/2437/526 2161/2733/526
f 2161/2733/526 1868/2437/526 1866/2436/143 2162/2734/143
f 2162/2734/143 1866/2436/143 1888/2448/527 2163/2735/527
f 2163/2735/527 1888/2448/527 1886/2447/528 2164/2736/528
f 2164/2736/528 1886/2447/528 1884/2446/1 2165/2737/1
f 2165/2737/1 1884/2446/1 1882/2445/529 2166/2738/529
f 2166/2738/529 1882/2445/529 1880/2444/530 2167/2739/530
f 2167/2739/530 1880/2444/530 1878/2443/140 2168/2740/140
f 2168/2741/140 1878/2442/140 1876/2441/523 2169/2742/523
f 2169/2742/523 1876/2441/523 1874/2440/524 2170/2743/524
f 2170/2743/524 1874/2440/524 1872/2439/380 2159/2731/380
f 2171/2744/524 1844/2425/524 1846/2426/380 2172/2745/380
f 2172/2745/380 1846/2426/380 1848/2427/525 2173/2746/525
f 2173/2746/525 1848/2427/525 1850/2428/526 2174/2747/526
f 2174/2747/526 1850/2428/526 1852/2429/143 2175/2748/143
f 2175/2749/143 1852/2431/143 1854/2430/527 2176/2750/527
f 2176/2750/527 1854/2430/527 1856/2432/528 2177/2751/528
f 2177/2751/528 1856/2432/528 1858/2433/1 2178/2752/1
f 2178/2752/1 1858/2433/1 1860/2434/529 2179/2753/529
f 2179/2753/529 1860/2434/529 1862/2435/530 2180/2754/530
f 2180/2754/530 1862/2435/530 1840/2424/140 2181/2755/140
f 2181/2755/140 1840/2424/140 1842/2423/523 2182/2756/523
f 2182/2756/523 1842/2423/523 1844/2425/524 2171/2744/524
f 2232/2757/524 2267/2758/524 2269/2759/380 2231/2760/380
f 2233/2761/523 2289/2762/523 2267/2758/524 2232/2757/524
f 2234/2763/140 2287/2764/140 2289/2762/523 2233/2761/523
f 2235/2765/530 2285/2766/530 2287/2764/140 2234/2763/140
f 2236/2767/529 2283/2768/529 2285/2766/530 2235/2765/530
f 2237/2769/1 2281/2770/1 2283/2768/529 2236/2767/529
f 2238/2771/528 2279/2772/528 2281/2770/1 2237/2769/1
f 2239/2773/527 2277/2774/527 2279/2772/528 2238/2771/528
f 2240/2775/143 2275/2776/143 2277/2774/527 2239/2773/527
f 2241/2777/526 2273/2778/526 2275/2779/143 2240/2780/143
f 2242/2781/525 2271/2782/525 2273/2778/526 2241/2777/526
f 2231/2760/380 2269/2759/380 2271/2782/525 2242/2781/525
f 2264/2783/238 2169/2742/238 2170/2743/650 2266/2784/650
f 2195/2708/241 2147/2785/241 2148/2786/241 2196/2705/241
f 2262/2787/238 2168/2741/238 2169/2742/238 2264/2783/238
f 2196/2705/241 2148/2786/241 2149/2788/241 2197/2709/241
f 2260/2789/238 2167/2739/238 2168/2740/238 2262/2790/238
f 2197/2714/241 2149/2791/241 2150/2792/241 2198/2711/241
f 2258/2793/651 2166/2738/651 2167/2739/238 2260/2789/238
f 2198/2711/241 2150/2792/241 2151/2794/241 2199/2715/241
f 2256/2795/238 2165/2737/238 2166/2738/651 2258/2793/651
f 2199/2715/241 2151/2794/241 2152/2796/241 2200/2717/241
f 2254/2797/238 2164/2736/238 2165/2737/238 2256/2795/238
f 2200/2717/241 2152/2796/241 2153/2798/241 2201/2719/241
f 2252/2799/238 2163/2735/238 2164/2736/238 2254/2797/238
f 2201/2719/241 2153/2798/241 2154/2800/241 2202/2721/241
f 2250/2801/238 2162/2734/238 2163/2735/238 2252/2799/238
f 2202/2721/241 2154/2800/241 2155/2802/241 2203/2723/241
f 2248/2803/238 2161/2733/238 2162/2734/238 2250/2801/238
f 2203/2723/241 2155/2802/241 2156/2804/241 2204/2725/241
f 2246/2805/238 2160/2732/238 2161/2733/238 2248/2803/238
f 2204/2725/241 2156/2804/241 2157/2806/241 2205/2727/241
f 2244/2807/650 2159/2731/650 2160/2732/238 2246/2805/238
f 2205/2727/241 2157/2806/241 2158/2808/241 2206/2729/241
f 2266/2784/650 2170/2743/650 2159/2731/650 2244/2807/650
f 2206/2729/241 2158/2808/241 2147/2785/241 2195/2708/241
f 2268/2809/238 2171/2744/238 2172/2745/651 2270/2810/651
f 2231/2760/241 2183/2811/241 2184/2812/241 2232/2757/241
f 2290/2813/238 2182/2756/238 2171/2744/238 2268/2809/238
f 2232/2757/241 2184/2812/241 2185/2814/241 2233/2761/241
f 2288/2815/238 2181/2755/238 2182/2756/238 2290/2813/238
f 2233/2761/241 2185/2814/241 2186/2816/241 2234/2763/241
f 2286/2817/651 2180/2754/651 2181/2755/238 2288/2815/238
f 2234/2763/241 2186/2816/241 2187/2818/241 2235/2765/241
f 2284/2819/238 2179/2753/238 2180/2754/651 2286/2817/651
f 2235/2765/241 2187/2818/241 2188/2820/241 2236/2767/241
f 2282/2821/650 2178/2752/650 2179/2753/238 2284/2819/238
f 2236/2767/241 2188/2820/241 2189/2822/241 2237/2769/241
f 2280/2823/238 2177/2751/238 2178/2752/650 2282/2821/650
f 2237/2769/241 2189/2822/241 2190/2824/241 2238/2771/241
f 2278/2825/238 2176/2750/238 2177/2751/238 2280/2823/238
f 2238/2771/241 2190/2824/241 2191/2826/241 2239/2773/241
f 2276/2827/238 2175/2749/238 2176/2750/238 2278/2825/238
f 2239/2773/241 2191/2826/241 2192/2828/241 2240/2775/241
f 2274/2829/238 2174/2747/238 2175/2748/238 2276/2830/238
f 2240/2780/241 2192/2831/241 2193/2832/241 2241/2777/241
f 2272/2833/238 2173/2746/238 2174/2747/238 2274/2829/238
f 2241/2777/241 2193/2832/241 2194/2834/241 2242/2781/241
f 2270/2810/651 2172/2745/651 2173/2746/238 2272/2833/238
f 2242/2781/241 2194/2834/241 2183/2811/241 2231/2760/241
f 2292/2835/286 2293/2836/284 2264/2783/652 2266/2784/653
f 2293/2836/284 2295/2837/282 2262/2787/654 2264/2783/652
f 2295/2838/282 2297/2839/280 2260/2789/655 2262/2790/654
f 2297/2839/280 2299/2840/278 2258/2793/656 2260/2789/655
f 2299/2840/278 2301/2841/276 2256/2795/657 2258/2793/656
f 2301/2841/276 2303/2842/274 2254/2797/658 2256/2795/657
f 2303/2842/274 2305/2843/272 2252/2799/659 2254/2797/658
f 2305/2843/272 2307/2844/270 2250/2801/660 2252/2799/659
f 2307/2844/270 2309/2845/268 2248/2803/661 2250/2801/660
f 2309/2845/268 2311/2846/264 2246/2805/662 2248/2803/661
f 2311/2846/264 2313/2847/265 2244/2807/663 2246/2805/662
f 2313/2847/265 2292/2835/286 2266/2784/653 2244/2807/663
f 2229/2848/374 2228/2849/286 2268/2809/653 2270/2810/664
f 2228/2849/286 2226/2850/665 2290/2813/666 2268/2809/653
f 2226/2850/665 2224/2851/282 2288/2815/667 2290/2813/666
f 2224/2851/282 2222/2852/280 2286/2817/668 2288/2815/667
f 2222/2852/280 2220/2853/278 2284/2819/656 2286/2817/668
f 2220/2853/278 2218/2854/669 2282/2821/670 2284/2819/656
f 2218/2854/669 2216/2855/274 2280/2823/671 2282/2821/670
f 2216/2855/274 2214/2856/356 2278/2825/659 2280/2823/671
f 2214/2856/356 2212/2857/270 2276/2827/660 2278/2825/659
f 2212/2858/270 2210/2859/268 2274/2829/672 2276/2830/660
f 2210/2859/268 2208/2860/264 2272/2833/673 2274/2829/672
f 2208/2860/264 2229/2848/374 2270/2810/664 2272/2833/673
f 2292/2835/286 2291/2861/310 2294/2862/308 2293/2836/284
f 2291/2861/310 2265/2707/674 2263/2706/675 2294/2862/308
f 2293/2836/284 2294/2862/308 2296/2863/306 2295/2837/282
f 2294/2862/308 2263/2706/675 2261/2710/676 2296/2863/306
f 2295/2838/282 2296/2864/306 2298/2865/304 2297/2839/280
f 2296/2864/306 2261/2713/676 2259/2712/677 2298/2865/304
f 2297/2839/280 2298/2865/304 2300/2866/302 2299/2840/278
f 2298/2865/304 2259/2712/677 2257/2716/678 2300/2866/302
f 2299/2840/278 2300/2866/302 2302/2867/300 2301/2841/276
f 2300/2866/302 2257/2716/678 2255/2718/679 2302/2867/300
f 2301/2841/276 2302/2867/300 2304/2868/298 2303/2842/274
f 2302/2867/300 2255/2718/679 2253/2720/680 2304/2868/298
f 2303/2842/274 2304/2868/298 2306/2869/296 2305/2843/272
f 2304/2868/298 2253/2720/680 2251/2722/681 2306/2869/296
f 2305/2843/272 2306/2869/296 2308/2870/294 2307/2844/270
f 2306/2869/296 2251/2722/681 2249/2724/682 2308/2870/294
f 2307/2844/270 2308/2870/294 2310/2871/292 2309/2845/268
f 2308/2870/294 2249/2724/682 2247/2726/683 2310/2871/292
f 2309/2845/268 2310/2871/292 2312/2872/288 2311/2846/264
f 2310/2871/292 2247/2726/683 2245/2728/684 2312/2872/288
f 2311/2846/264 2312/2872/288 2314/2873/289 2313/2847/265
f 2312/2872/288 2245/2728/684 2243/2730/685 2314/2873/289
f 2313/2847/265 2314/2873/289 2291/2861/310 2292/2835/286
f 2314/2873/289 2243/2730/685 2265/2707/674 2291/2861/310
f 2229/2848/374 2230/2874/289 2227/2875/310 2228/2849/286
f 2230/2874/289 2269/2759/686 2267/2758/687 2227/2875/310
f 2228/2849/286 2227/2875/310 2225/2876/308 2226/2850/665
f 2227/2875/310 2267/2758/687 2289/2762/688 2225/2876/308
f 2226/2850/665 2225/2876/308 2223/2877/306 2224/2851/282
f 2225/2876/308 2289/2762/688 2287/2764/689 2223/2877/306
f 2224/2851/282 2223/2877/306 2221/2878/304 2222/2852/280
f 2223/2877/306 2287/2764/689 2285/2766/690 2221/2878/304
f 2222/2852/280 2221/2878/304 2219/2879/302 2220/2853/278
f 2221/2878/304 2285/2766/690 2283/2768/691 2219/2879/302
f 2220/2853/278 2219/2879/302 2217/2880/300 2218/2854/669
f 2219/2879/302 2283/2768/691 2281/2770/692 2217/2880/300
f 2218/2854/669 2217/2880/300 2215/2881/298 2216/2855/274
f 2217/2880/300 2281/2770/692 2279/2772/693 2215/2881/298
f 2216/2855/274 2215/2881/298 2213/2882/296 2214/2856/356
f 2215/2881/298 2279/2772/693 2277/2774/681 2213/2882/296
f 2214/2856/356 2213/2882/296 2211/2883/294 2212/2857/270
f 2213/2882/296 2277/2774/681 2275/2776/694 2211/2883/294
f 2212/2858/270 2211/2884/294 2209/2885/292 2210/2859/268
f 2211/2884/294 2275/2779/694 2273/2778/695 2209/2885/292
f 2210/2859/268 2209/2885/292 2207/2886/288 2208/2860/264
f 2209/2885/292 2273/2778/695 2271/2782/696 2207/2886/288
f 2208/2860/264 2207/2886/288 2230/2874/289 2229/2848/374
f 2207/2886/288 2271/2782/696 2269/2759/686 2230/2874/289
f 2319/2887/241 2317/2888/241 2315/2889/241
f 2319/2890/526 2529/2891/526 2528/2892/143 2317/2888/143
f 2316/2893/523 2472/2894/523 2461/2895/140 2473/2896/140
f 2321/2897/241 2319/2887/241 2315/2889/241
f 2321/2898/525 2530/2899/525 2529/2891/526 2319/2890/526
f 2483/2900/524 2471/2901/524 2472/2894/523 2316/2893/523
f 2323/2902/241 2321/2897/241 2315/2889/241
f 2323/2903/380 2531/2904/380 2530/2899/525 2321/2898/525
f 2482/2905/380 2470/2906/380 2471/2901/524 2483/2900/524
f 2325/2907/241 2323/2902/241 2315/2889/241
f 2325/2908/524 2520/2909/524 2531/2904/380 2323/2903/380
f 2481/2910/525 2469/2911/525 2470/2906/380 2482/2905/380
f 2327/2912/241 2325/2907/241 2315/2889/241
f 2327/2913/523 2521/2914/523 2520/2909/524 2325/2908/524
f 2480/2915/526 2468/2916/526 2469/2911/525 2481/2910/525
f 2329/2917/241 2327/2912/241 2315/2889/241
f 2329/2918/140 2522/2919/140 2521/2914/523 2327/2913/523
f 2479/2920/143 2467/2921/143 2468/2916/526 2480/2915/526
f 2331/2922/241 2329/2917/241 2315/2889/241
f 2331/2923/530 2523/2924/530 2522/2925/140 2329/2926/140
f 2478/2927/527 2466/2928/527 2467/2929/143 2479/2930/143
f 2333/2931/241 2331/2922/241 2315/2889/241
f 2333/2932/529 2524/2933/529 2523/2924/530 2331/2923/530
f 2477/2934/528 2465/2935/528 2466/2928/527 2478/2927/527
f 2335/2936/241 2333/2931/241 2315/2889/241
f 2335/2937/1 2525/2938/1 2524/2933/529 2333/2932/529
f 2476/2939/1 2464/2940/1 2465/2935/528 2477/2934/528
f 2337/2941/241 2335/2936/241 2315/2889/241
f 2337/2942/528 2526/2943/528 2525/2938/1 2335/2937/1
f 2475/2944/529 2463/2945/529 2464/2940/1 2476/2939/1
f 2339/2946/241 2337/2941/241 2315/2889/241
f 2339/2946/527 2527/2947/527 2526/2943/528 2337/2942/528
f 2474/2948/530 2462/2949/530 2463/2945/529 2475/2944/529
f 2317/2888/241 2339/2946/241 2315/2889/241
f 2317/2888/143 2528/2892/143 2527/2947/527 2339/2946/527
f 2473/2896/140 2461/2895/140 2462/2949/530 2474/2948/530
f 2342/2950/523 2328/2951/523 2326/2952/524 2341/2953/524
f 2343/2954/140 2330/2955/140 2328/2951/523 2342/2950/523
f 2344/2956/530 2332/2957/530 2330/2958/140 2343/2959/140
f 2345/2960/529 2334/2961/529 2332/2957/530 2344/2956/530
f 2346/2962/1 2336/2963/1 2334/2961/529 2345/2960/529
f 2347/2964/528 2338/2965/528 2336/2963/1 2346/2962/1
f 2348/2966/527 2340/2967/527 2338/2965/528 2347/2964/528
f 2349/2968/143 2318/2969/143 2340/2967/527 2348/2966/527
f 2350/2970/526 2320/2971/526 2318/2969/143 2349/2968/143
f 2351/2972/525 2322/2973/525 2320/2971/526 2350/2970/526
f 2352/2974/380 2324/2975/380 2322/2973/525 2351/2972/525
f 2341/2953/524 2326/2952/524 2324/2975/380 2352/2974/380
f 2415/2976/523 2391/2977/523 2389/2978/524 2413/2979/524
f 2417/2980/140 2393/2981/140 2391/2977/523 2415/2976/523
f 2419/2982/530 2395/2983/530 2393/2984/140 2417/2985/140
f 2421/2986/529 2397/2987/529 2395/2983/530 2419/2982/530
f 2423/2988/1 2399/2989/1 2397/2987/529 2421/2986/529
f 2425/2990/528 2401/2991/528 2399/2989/1 2423/2988/1
f 2427/2992/527 2403/2993/527 2401/2991/528 2425/2990/528
f 2429/2994/143 2405/2995/143 2403/2993/527 2427/2992/527
f 2431/2996/526 2407/2997/526 2405/2995/143 2429/2994/143
f 2433/2998/525 2409/2999/525 2407/2997/526 2431/2996/526
f 2435/3000/380 2411/3001/380 2409/2999/525 2433/2998/525
f 2413/2979/524 2389/2978/524 2411/3001/380 2435/3000/380
f 2392/3002/238 2342/2950/238 2341/2953/238 2390/3003/238
f 2414/3004/241 2353/3005/241 2354/3006/241 2416/3007/241
f 2394/3008/238 2343/2954/238 2342/2950/238 2392/3002/238
f 2416/3007/241 2354/3006/241 2355/3009/241 2418/3010/241
f 2396/3011/238 2344/2956/238 2343/2959/238 2394/3012/238
f 2418/3013/241 2355/3014/241 2356/3015/241 2420/3016/241
f 2398/3017/238 2345/2960/238 2344/2956/238 2396/3011/238
f 2420/3016/241 2356/3015/241 2357/3018/241 2422/3019/241
f 2400/3020/238 2346/2962/238 2345/2960/238 2398/3017/238
f 2422/3019/241 2357/3018/241 2358/3021/241 2424/3022/241
f 2402/3023/238 2347/2964/238 2346/2962/238 2400/3020/238
f 2424/3022/241 2358/3021/241 2359/3024/241 2426/3025/241
f 2404/3026/238 2348/2966/238 2347/2964/238 2402/3023/238
f 2426/3025/241 2359/3024/241 2360/3027/241 2428/3028/241
f 2406/3029/238 2349/2968/238 2348/2966/238 2404/3026/238
f 2428/3028/241 2360/3027/241 2361/3030/241 2430/3031/241
f 2408/3032/238 2350/2970/238 2349/2968/238 2406/3029/238
f 2430/3031/241 2361/3030/241 2362/3033/241 2432/3034/241
f 2410/3035/238 2351/2972/238 2350/2970/238 2408/3032/238
f 2432/3034/241 2362/3033/241 2363/3036/241 2434/3037/241
f 2412/3038/238 2352/2974/238 2351/2972/238 2410/3035/238
f 2434/3037/241 2363/3036/241 2364/3039/241 2436/3040/241
f 2390/3003/238 2341/2953/238 2352/2974/238 2412/3038/238
f 2436/3040/241 2364/3039/241 2353/3005/241 2414/3004/241
f 2438/3041/697 2439/3042/665 2392/3002/652 2390/3003/653
f 2442/3043/698 2443/3044/699 2414/3004/700 2416/3007/701
f 2439/3042/665 2445/3045/702 2394/3008/654 2392/3002/652
f 2448/3046/703 2442/3043/698 2416/3007/701 2418/3010/704
f 2445/3047/702 2449/3048/705 2396/3011/655 2394/3012/654
f 2452/3049/706 2448/3050/703 2418/3013/704 2420/3016/707
f 2449/3048/705 2453/3051/708 2398/3017/656 2396/3011/655
f 2456/3052/709 2452/3049/706 2420/3016/707 2422/3019/710
f 2453/3051/708 2457/3053/669 2400/3020/711 2398/3017/656
f 2460/3054/354 2456/3052/709 2422/3019/710 2424/3022/712
f 2457/3053/669 2388/3055/355 2402/3023/671 2400/3020/711
f 2385/3056/713 2460/3054/354 2424/3022/712 2426/3025/714
f 2388/3055/355 2384/3057/715 2404/3026/716 2402/3023/671
f 2381/3058/717 2385/3056/713 2426/3025/714 2428/3028/718
f 2384/3057/715 2380/3059/719 2406/3029/720 2404/3026/716
f 2377/3060/721 2381/3058/717 2428/3028/718 2430/3031/722
f 2380/3059/719 2376/3061/723 2408/3032/724 2406/3029/720
f 2373/3062/375 2377/3060/721 2430/3031/722 2432/3034/725
f 2376/3061/723 2372/3063/726 2410/3035/673 2408/3032/724
f 2369/3064/376 2373/3062/375 2432/3034/725 2434/3037/727
f 2372/3063/726 2368/3065/374 2412/3038/728 2410/3035/673
f 2365/3066/729 2369/3064/376 2434/3037/727 2436/3040/730
f 2368/3065/374 2438/3041/697 2390/3003/653 2412/3038/728
f 2443/3044/699 2365/3066/729 2436/3040/730 2414/3004/700
f 2438/3041/697 2437/3067/310 2440/3068/308 2439/3042/665
f 2437/3067/310 2389/2978/674 2391/2977/675 2440/3068/308
f 2442/3043/698 2441/3069/309 2444/3070/311 2443/3044/699
f 2441/3069/309 2415/2976/731 2413/2979/732 2444/3070/311
f 2439/3042/665 2440/3068/308 2446/3071/306 2445/3045/702
f 2440/3068/308 2391/2977/675 2393/2981/733 2446/3071/306
f 2448/3046/703 2447/3072/307 2441/3069/309 2442/3043/698
f 2447/3072/307 2417/2980/734 2415/2976/731 2441/3069/309
f 2445/3047/702 2446/3073/306 2450/3074/304 2449/3048/705
f 2446/3073/306 2393/2984/733 2395/2983/677 2450/3074/304
f 2452/3049/706 2451/3075/305 2447/3076/307 2448/3050/703
f 2451/3075/305 2419/2982/735 2417/2985/734 2447/3076/307
f 2449/3048/705 2450/3074/304 2454/3077/302 2453/3051/708
f 2450/3074/304 2395/2983/677 2397/2987/678 2454/3077/302
f 2456/3052/709 2455/3078/303 2451/3075/305 2452/3049/706
f 2455/3078/303 2421/2986/736 2419/2982/735 2451/3075/305
f 2453/3051/708 2454/3077/302 2458/3079/300 2457/3053/669
f 2454/3077/302 2397/2987/678 2399/2989/679 2458/3079/300
f 2460/3054/354 2459/3080/301 2455/3078/303 2456/3052/709
f 2459/3080/301 2423/2988/737 2421/2986/736 2455/3078/303
f 2457/3053/669 2458/3079/300 2387/3081/298 2388/3055/355
f 2458/3079/300 2399/2989/679 2401/2991/680 2387/3081/298
f 2385/3056/713 2386/3082/299 2459/3080/301 2460/3054/354
f 2386/3082/299 2425/2990/738 2423/2988/737 2459/3080/301
f 2388/3055/355 2387/3081/298 2383/3083/296 2384/3057/715
f 2387/3081/298 2401/2991/680 2403/2993/739 2383/3083/296
f 2381/3058/717 2382/3084/297 2386/3082/299 2385/3056/713
f 2382/3084/297 2427/2992/740 2425/2990/738 2386/3082/299
f 2384/3057/715 2383/3083/296 2379/3085/294 2380/3059/719
f 2383/3083/296 2403/2993/739 2405/2995/741 2379/3085/294
f 2377/3060/721 2378/3086/295 2382/3084/297 2381/3058/717
f 2378/3086/295 2429/2994/742 2427/2992/740 2382/3084/297
f 2380/3059/719 2379/3085/294 2375/3087/292 2376/3061/723
f 2379/3085/294 2405/2995/741 2407/2997/683 2375/3087/292
f 2373/3062/375 2374/3088/293 2378/3086/295 2377/3060/721
f 2374/3088/293 2431/2996/743 2429/2994/742 2378/3086/295
f 2376/3061/723 2375/3087/292 2371/3089/288 2372/3063/726
f 2375/3087/292 2407/2997/683 2409/2999/684 2371/3089/288
f 2369/3064/376 2370/3090/291 2374/3088/293 2373/3062/375
f 2370/3090/291 2433/2998/744 2431/2996/743 2374/3088/293
f 2372/3063/726 2371/3089/288 2367/3091/289 2368/3065/374
f 2371/3089/288 2409/2999/684 2411/3001/686 2367/3091/289
f 2365/3066/729 2366/3092/290 2370/3090/291 2369/3064/376
f 2366/3092/290 2435/3000/745 2433/2998/744 2370/3090/291
f 2368/3065/374 2367/3091/289 2437/3067/310 2438/3041/697
f 2367/3091/289 2411/3001/686 2389/2978/674 2437/3067/310
f 2443/3044/699 2444/3070/311 2366/3092/290 2365/3066/729
f 2444/3070/311 2413/2979/732 2435/3000/745 2366/3092/290
f 2461/2895/238 2318/2969/238 2320/2971/238 2462/2949/238
f 2462/2949/238 2320/2971/238 2322/2973/238 2463/2945/238
f 2463/2945/238 2322/2973/238 2324/2975/238 2464/2940/238
f 2464/2940/238 2324/2975/238 2326/2952/238 2465/2935/238
f 2465/2935/238 2326/2952/238 2328/2951/238 2466/2928/238
f 2466/2928/238 2328/2951/238 2330/2955/238 2467/2929/238
f 2467/2921/238 2330/2958/238 2332/2957/238 2468/2916/238
f 2468/2916/238 2332/2957/238 2334/2961/238 2469/2911/238
f 2469/2911/238 2334/2961/238 2336/2963/238 2470/2906/238
f 2470/2906/238 2336/2963/238 2338/2965/238 2471/2901/238
f 2471/2901/238 2338/2965/238 2340/2967/238 2472/2894/238
f 2472/2894/238 2340/2967/238 2318/2969/238 2461/2895/238
f 2485/3093/524 2497/3094/524 2496/3095/380 2484/3096/380
f 2486/3097/523 2498/3098/523 2497/3094/524 2485/3093/524
f 2487/3099/140 2499/3100/140 2498/3098/523 2486/3097/523
f 2488/3101/530 2500/3102/530 2499/3103/140 2487/3104/140
f 2489/3105/529 2501/3106/529 2500/3102/530 2488/3101/530
f 2490/3107/1 2502/3108/1 2501/3106/529 2489/3105/529
f 2491/3109/528 2503/3110/528 2502/3108/1 2490/3107/1
f 2492/3111/527 2504/3112/527 2503/3110/528 2491/3109/528
f 2493/3113/143 2505/3114/143 2504/3112/527 2492/3111/527
f 2494/3115/526 2506/3116/526 2505/3114/143 2493/3113/143
f 2495/3117/525 2507/3118/525 2506/3116/526 2494/3115/526
f 2484/3096/380 2496/3095/380 2507/3118/525 2495/3117/525
f 2533/3119/524 2582/3120/524 2580/3121/380 2532/3122/380
f 2534/3123/523 2584/3124/523 2582/3120/524 2533/3119/524
f 2535/3125/140 2586/3126/140 2584/3124/523 2534/3123/523
f 2536/3127/530 2588/3128/530 2586/3129/140 2535/3130/140
f 2537/3131/529 2590/3132/529 2588/3128/530 2536/3127/530
f 2538/3133/1 2592/3134/1 2590/3132/529 2537/3131/529
f 2539/3135/528 2594/3136/528 2592/3134/1 2538/3133/1
f 2540/3137/527 2596/3138/527 2594/3136/528 2539/3135/528
f 2541/3139/143 2598/3140/143 2596/3138/527 2540/3137/527
f 2542/3141/526 2600/3142/526 2598/3140/143 2541/3139/143
f 2543/3143/525 2602/3144/525 2600/3142/526 2542/3141/526
f 2532/3122/380 2580/3121/380 2602/3144/525 2543/3143/525
f 2509/3145/524 2353/3146/524 2364/3147/380 2508/3148/380
f 2510/3149/523 2354/3150/523 2353/3146/524 2509/3145/524
f 2511/3151/140 2355/3152/140 2354/3150/523 2510/3149/523
f 2512/3153/530 2356/3154/530 2355/3152/140 2511/3151/140
f 2513/3155/529 2357/3156/529 2356/3154/530 2512/3153/530
f 2514/3157/1 2358/3158/1 2357/3156/529 2513/3155/529
f 2515/3159/528 2359/3160/528 2358/3158/1 2514/3157/1
f 2516/3161/527 2360/3162/527 2359/3160/528 2515/3159/528
f 2517/3163/143 2361/3164/143 2360/3162/527 2516/3161/527
f 2518/3165/526 2362/3166/526 2361/3164/143 2517/3163/143
f 2519/3167/525 2363/3168/525 2362/3166/526 2518/3165/526
f 2508/3148/380 2364/3147/380 2363/3169/525 2519/3170/525
f 2569/3171/523 2608/3172/523 2606/3173/524 2568/3174/524
f 2570/3175/140 2610/3176/140 2608/3172/523 2569/3171/523
f 2571/3177/530 2612/3178/530 2610/3179/140 2570/3180/140
f 2572/3181/529 2614/3182/529 2612/3178/530 2571/3177/530
f 2573/3183/1 2616/3184/1 2614/3182/529 2572/3181/529
f 2574/3185/528 2618/3186/528 2616/3184/1 2573/3183/1
f 2575/3187/527 2620/3188/527 2618/3186/528 2574/3185/528
f 2576/3189/143 2622/3190/143 2620/3188/527 2575/3187/527
f 2577/3191/526 2624/3192/526 2622/3190/143 2576/3189/143
f 2578/3193/525 2626/3194/525 2624/3192/526 2577/3191/526
f 2579/3195/380 2604/3196/380 2626/3194/525 2578/3193/525
f 2568/3174/524 2606/3173/524 2604/3196/380 2579/3195/380
f 2583/3197/238 2509/3198/238 2508/3199/238 2581/3200/238
f 2532/3122/241 2496/3201/241 2497/3202/241 2533/3119/241
f 2585/3203/238 2510/3204/238 2509/3198/238 2583/3197/238
f 2533/3119/241 2497/3202/241 2498/3205/241 2534/3123/241
f 2587/3206/238 2511/3207/238 2510/3204/238 2585/3203/238
f 2534/3123/241 2498/3205/241 2499/3208/241 2535/3125/241
f 2589/3209/238 2512/3210/238 2511/3211/238 2587/3212/238
f 2535/3130/241 2499/3213/241 2500/3214/241 2536/3127/241
f 2591/3215/238 2513/3216/238 2512/3210/238 2589/3209/238
f 2536/3127/241 2500/3214/241 2501/3217/241 2537/3131/241
f 2593/3218/238 2514/3219/238 2513/3216/238 2591/3215/238
f 2537/3131/241 2501/3217/241 2502/3220/241 2538/3133/241
f 2595/3221/238 2515/3222/238 2514/3219/238 2593/3218/238
f 2538/3133/241 2502/3220/241 2503/3223/241 2539/3135/241
f 2597/3224/238 2516/3225/238 2515/3222/238 2595/3221/238
f 2539/3135/241 2503/3223/241 2504/3226/241 2540/3137/241
f 2599/3227/238 2517/3228/238 2516/3225/238 2597/3224/238
f 2540/3137/241 2504/3226/241 2505/3229/241 2541/3139/241
f 2601/3230/238 2518/3231/238 2517/3228/238 2599/3227/238
f 2541/3139/241 2505/3229/241 2506/3232/241 2542/3141/241
f 2603/3233/238 2519/3234/238 2518/3231/238 2601/3230/238
f 2542/3141/241 2506/3232/241 2507/3235/241 2543/3143/241
f 2581/3200/238 2508/3199/238 2519/3234/238 2603/3233/238
f 2543/3143/241 2507/3235/241 2496/3201/241 2532/3122/241
f 2609/3236/238 2486/3237/238 2485/3238/238 2607/3239/238
f 2568/3174/241 2520/3240/241 2521/3241/241 2569/3171/241
f 2611/3242/238 2487/3243/238 2486/3237/238 2609/3236/238
f 2569/3171/241 2521/3241/241 2522/3244/241 2570/3175/241
f 2613/3245/238 2488/3246/238 2487/3247/238 2611/3248/238
f 2570/3180/241 2522/3249/241 2523/3250/241 2571/3177/241
f 2615/3251/238 2489/3252/238 2488/3246/238 2613/3245/238
f 2571/3177/241 2523/3250/241 2524/3253/241 2572/3181/241
f 2617/3254/238 2490/3255/238 2489/3252/238 2615/3251/238
f 2572/3181/241 2524/3253/241 2525/3256/241 2573/3183/241
f 2619/3257/238 2491/3258/238 2490/3255/238 2617/3254/238
f 2573/3183/241 2525/3256/241 2526/3259/241 2574/3185/241
f 2621/3260/238 2492/3261/238 2491/3258/238 2619/3257/238
f 2574/3185/241 2526/3259/241 2527/3262/241 2575/3187/241
f 2623/3263/238 2493/3264/238 2492/3261/238 2621/3260/238
f 2575/3187/241 2527/3262/241 2528/3265/241 2576/3189/241
f 2625/3266/238 2494/3267/238 2493/3264/238 2623/3263/238
f 2576/3189/241 2528/3265/241 2529/3268/241 2577/3191/241
f 2627/3269/238 2495/3270/238 2494/3267/238 2625/3266/238
f 2577/3191/241 2529/3268/241 2530/3271/241 2578/3193/241
f 2605/3272/238 2484/3273/238 2495/3270/238 2627/3269/238
f 2578/3193/241 2530/3271/241 2531/3274/241 2579/3195/241
f 2607/3239/238 2485/3238/238 2484/3273/238 2605/3272/238
f 2579/3195/241 2531/3274/241 2520/3240/241 2568/3174/241
f 2629/3275/265 2630/3276/286 2583/3197/653 2581/3200/728
f 2630/3276/286 2632/3277/284 2585/3203/746 2583/3197/653
f 2632/3277/284 2634/3278/282 2587/3206/667 2585/3203/746
f 2634/3279/282 2636/3280/280 2589/3209/668 2587/3212/667
f 2636/3280/280 2638/3281/278 2591/3215/656 2589/3209/668
f 2638/3281/278 2640/3282/276 2593/3218/711 2591/3215/656
f 2640/3282/276 2642/3283/274 2595/3221/671 2593/3218/711
f 2642/3283/274 2644/3284/747 2597/3224/748 2595/3221/671
f 2644/3284/747 2646/3285/270 2599/3227/660 2597/3224/748
f 2646/3285/270 2648/3286/749 2601/3230/672 2599/3227/660
f 2648/3286/749 2650/3287/264 2603/3233/673 2601/3230/672
f 2650/3287/264 2629/3275/265 2581/3200/728 2603/3233/673
f 2566/3288/286 2565/3289/284 2609/3236/746 2607/3239/653
f 2565/3289/284 2563/3290/702 2611/3242/654 2609/3236/746
f 2563/3291/702 2561/3292/280 2613/3245/668 2611/3248/654
f 2561/3292/280 2559/3293/278 2615/3251/656 2613/3245/668
f 2559/3293/278 2557/3294/276 2617/3254/670 2615/3251/656
f 2557/3294/276 2555/3295/274 2619/3257/750 2617/3254/670
f 2555/3295/274 2553/3296/272 2621/3260/748 2619/3257/750
f 2553/3296/272 2551/3297/270 2623/3263/720 2621/3260/748
f 2551/3297/270 2549/3298/268 2625/3266/672 2623/3263/720
f 2549/3298/268 2547/3299/264 2627/3269/751 2625/3266/672
f 2547/3299/264 2545/3300/265 2605/3272/664 2627/3269/751
f 2545/3300/265 2566/3288/286 2607/3239/653 2605/3272/664
f 2629/3275/265 2628/3301/289 2631/3302/310 2630/3276/286
f 2628/3301/289 2580/3121/686 2582/3120/674 2631/3302/310
f 2630/3276/286 2631/3302/310 2633/3303/308 2632/3277/284
f 2631/3302/310 2582/3120/674 2584/3124/675 2633/3303/308
f 2632/3277/284 2633/3303/308 2635/3304/306 2634/3278/282
f 2633/3303/308 2584/3124/675 2586/3126/689 2635/3304/306
f 2634/3279/282 2635/3305/306 2637/3306/304 2636/3280/280
f 2635/3305/306 2586/3129/689 2588/3128/752 2637/3306/304
f 2636/3280/280 2637/3306/304 2639/3307/302 2638/3281/278
f 2637/3306/304 2588/3128/752 2590/3132/678 2639/3307/302
f 2638/3281/278 2639/3307/302 2641/3308/300 2640/3282/276
f 2639/3307/302 2590/3132/678 2592/3134/692 2641/3308/300
f 2640/3282/276 2641/3308/300 2643/3309/298 2642/3283/274
f 2641/3308/300 2592/3134/692 2594/3136/693 2643/3309/298
f 2642/3283/274 2643/3309/298 2645/3310/296 2644/3284/747
f 2643/3309/298 2594/3136/693 2596/3138/739 2645/3310/296
f 2644/3284/747 2645/3310/296 2647/3311/294 2646/3285/270
f 2645/3310/296 2596/3138/739 2598/3140/741 2647/3311/294
f 2646/3285/270 2647/3311/294 2649/3312/292 2648/3286/749
f 2647/3311/294 2598/3140/741 2600/3142/683 2649/3312/292
f 2648/3286/749 2649/3312/292 2651/3313/288 2650/3287/264
f 2649/3312/292 2600/3142/683 2602/3144/696 2651/3313/288
f 2650/3287/264 2651/3313/288 2628/3301/289 2629/3275/265
f 2651/3313/288 2602/3144/696 2580/3121/686 2628/3301/289
f 2566/3288/286 2567/3314/310 2564/3315/308 2565/3289/284
f 2567/3314/310 2606/3173/674 2608/3172/753 2564/3315/308
f 2565/3289/284 2564/3315/308 2562/3316/306 2563/3290/702
f 2564/3315/308 2608/3172/753 2610/3176/689 2562/3316/306
f 2563/3291/702 2562/3317/306 2560/3318/304 2561/3292/280
f 2562/3317/306 2610/3179/689 2612/3178/752 2560/3318/304
f 2561/3292/280 2560/3318/304 2558/3319/302 2559/3293/278
f 2560/3318/304 2612/3178/752 2614/3182/691 2558/3319/302
f 2559/3293/278 2558/3319/302 2556/3320/300 2557/3294/276
f 2558/3319/302 2614/3182/691 2616/3184/692 2556/3320/300
f 2557/3294/276 2556/3320/300 2554/3321/298 2555/3295/274
f 2556/3320/300 2616/3184/692 2618/3186/693 2554/3321/298
f 2555/3295/274 2554/3321/298 2552/3322/296 2553/3296/272
f 2554/3321/298 2618/3186/693 2620/3188/754 2552/3322/296
f 2553/3296/272 2552/3322/296 2550/3323/294 2551/3297/270
f 2552/3322/296 2620/3188/754 2622/3190/741 2550/3323/294
f 2551/3297/270 2550/3323/294 2548/3324/292 2549/3298/268
f 2550/3323/294 2622/3190/741 2624/3192/755 2548/3324/292
f 2549/3298/268 2548/3324/292 2546/3325/288 2547/3299/264
f 2548/3324/292 2624/3192/755 2626/3194/696 2546/3325/288
f 2547/3299/264 2546/3325/288 2544/3326/289 2545/3300/265
f 2546/3325/288 2626/3194/696 2604/3196/686 2544/3326/289
f 2545/3300/265 2544/3326/289 2567/3314/310 2566/3288/286
f 2544/3326/289 2604/3196/686 2606/3173/674 2567/3314/310
f 2652/3327/377 2701/3328/377 2690/3329/238 2714/3330/238
f 2656/3331/378 2738/3332/378 2739/3333/241 2654/3334/241
f 2653/3335/379 2700/3336/379 2701/3328/377 2652/3327/377
f 2723/3337/380 2699/3338/380 2700/3336/379 2653/3335/379
f 2658/3339/381 2737/3340/381 2738/3341/378 2656/3342/378
f 2722/3343/381 2698/3344/381 2699/3338/380 2723/3337/380
f 2721/3345/378 2697/3346/378 2698/3344/381 2722/3343/381
f 2660/3347/380 2736/3348/380 2737/3340/381 2658/3339/381
f 2720/3349/241 2696/3350/241 2697/3346/378 2721/3345/378
f 2719/3351/382 2695/3352/382 2696/3350/241 2720/3349/241
f 2662/3353/379 2747/3354/379 2736/3348/380 2660/3347/380
f 2718/3355/383 2694/3356/383 2695/3352/382 2719/3351/382
f 2717/3357/1 2693/3358/1 2694/3356/383 2718/3355/383
f 2664/3359/377 2746/3360/377 2747/3354/379 2662/3353/379
f 2716/3361/384 2692/3362/384 2693/3358/1 2717/3357/1
f 2715/3363/385 2691/3364/385 2692/3362/384 2716/3361/384
f 2666/3365/238 2745/3366/238 2746/3360/377 2664/3359/377
f 2714/3330/238 2690/3329/238 2691/3367/385 2715/3368/385
f 2702/3369/238 2678/3370/238 2689/3371/377 2713/3372/377
f 2668/3373/385 2744/3374/385 2745/3366/238 2666/3365/238
f 2713/3372/377 2689/3371/377 2688/3375/379 2712/3376/379
f 2712/3376/379 2688/3375/379 2687/3377/380 2711/3378/380
f 2670/3379/384 2743/3380/384 2744/3374/385 2668/3373/385
f 2711/3378/380 2687/3377/380 2686/3381/381 2710/3382/381
f 2710/3382/381 2686/3381/381 2685/3383/378 2709/3384/378
f 2672/3385/1 2742/3386/1 2743/3380/384 2670/3379/384
f 2709/3384/378 2685/3383/378 2684/3387/241 2708/3388/241
f 2708/3388/241 2684/3387/241 2683/3389/382 2707/3390/382
f 2674/3391/383 2741/3392/383 2742/3386/1 2672/3385/1
f 2707/3390/382 2683/3389/382 2682/3393/383 2706/3394/383
f 2706/3394/383 2682/3393/383 2681/3395/1 2705/3396/1
f 2676/3397/382 2740/3398/382 2741/3392/383 2674/3391/383
f 2705/3396/1 2681/3395/1 2680/3399/384 2704/3400/384
f 2704/3400/384 2680/3399/384 2679/3401/385 2703/3402/385
f 2654/3334/241 2739/3333/241 2740/3398/382 2676/3397/382
f 2703/3403/385 2679/3404/385 2678/3370/238 2702/3369/238
f 2679/3404/140 2656/3405/140 2654/3406/140 2678/3370/140
f 2680/3399/140 2658/3407/140 2656/3408/140 2679/3401/140
f 2681/3395/140 2660/3409/140 2658/3407/140 2680/3399/140
f 2682/3393/140 2662/3410/140 2660/3409/140 2681/3395/140
f 2683/3389/140 2664/3411/140 2662/3410/140 2682/3393/140
f 2684/3387/140 2666/3412/140 2664/3411/140 2683/3389/140
f 2685/3383/140 2668/3413/140 2666/3412/140 2684/3387/140
f 2686/3381/140 2670/3414/140 2668/3413/140 2685/3383/140
f 2687/3377/140 2672/3415/140 2670/3414/140 2686/3381/140
f 2688/3375/140 2674/3416/140 2672/3415/140 2687/3377/140
f 2689/3371/140 2676/3417/140 2674/3416/140 2688/3375/140
f 2678/3370/140 2654/3406/140 2676/3417/140 2689/3371/140
f 2690/3329/143 2655/3418/143 2657/3419/143 2691/3367/143
f 2691/3364/143 2657/3420/143 2659/3421/143 2692/3362/143
f 2692/3362/143 2659/3421/143 2661/3422/143 2693/3358/143
f 2693/3358/143 2661/3422/143 2663/3423/143 2694/3356/143
f 2694/3356/143 2663/3423/143 2665/3424/143 2695/3352/143
f 2695/3352/143 2665/3424/143 2667/3425/143 2696/3350/143
f 2696/3350/143 2667/3425/143 2669/3426/143 2697/3346/143
f 2697/3346/143 2669/3426/143 2671/3427/143 2698/3344/143
f 2698/3344/143 2671/3427/143 2673/3428/143 2699/3338/143
f 2699/3338/143 2673/3428/143 2675/3429/143 2700/3336/143
f 2700/3336/143 2675/3429/143 2677/3430/143 2701/3328/143
f 2701/3328/143 2677/3430/143 2655/3418/143 2690/3329/143
f 2725/3431/380 2661/3432/380 2659/3433/381 2724/3434/381
f 2726/3435/379 2663/3436/379 2661/3432/380 2725/3431/380
f 2727/3437/377 2665/3438/377 2663/3436/379 2726/3435/379
f 2728/3439/238 2667/3440/238 2665/3438/377 2727/3437/377
f 2729/3441/385 2669/3442/385 2667/3440/238 2728/3439/238
f 2730/3443/384 2671/3444/384 2669/3442/385 2729/3441/385
f 2731/3445/1 2673/3446/1 2671/3444/384 2730/3443/384
f 2732/3447/383 2675/3448/383 2673/3446/1 2731/3445/1
f 2733/3449/382 2677/3450/382 2675/3448/383 2732/3447/383
f 2734/3451/241 2655/3452/241 2677/3450/382 2733/3449/382
f 2735/3453/378 2657/3454/378 2655/3452/241 2734/3451/241
f 2724/3434/381 2659/3433/381 2657/3455/378 2735/3456/378
f 2796/3457/380 2774/3458/380 2772/3459/381 2798/3460/381
f 2798/3460/381 2772/3459/381 2794/3461/378 2800/3462/378
f 2800/3463/378 2794/3464/378 2792/3465/241 2802/3466/241
f 2802/3466/241 2792/3465/241 2790/3467/382 2804/3468/382
f 2804/3468/382 2790/3467/382 2788/3469/383 2806/3470/383
f 2806/3470/383 2788/3469/383 2786/3471/1 2808/3472/1
f 2808/3472/1 2786/3471/1 2784/3473/384 2810/3474/384
f 2810/3474/384 2784/3473/384 2782/3475/385 2812/3476/385
f 2812/3476/385 2782/3475/385 2780/3477/238 2814/3478/238
f 2814/3478/238 2780/3477/238 2778/3479/377 2816/3480/377
f 2816/3480/377 2778/3479/377 2776/3481/379 2818/3482/379
f 2818/3482/379 2776/3481/379 2774/3458/380 2796/3457/380
f 2775/3483/143 2725/3484/143 2724/3485/143 2773/3486/143
f 2799/3487/140 2737/3488/140 2736/3489/140 2797/3490/140
f 2773/3486/143 2724/3485/143 2735/3491/143 2795/3492/143
f 2801/3493/140 2738/3494/140 2737/3488/140 2799/3487/140
f 2795/3495/143 2735/3496/143 2734/3497/143 2793/3498/143
f 2803/3499/140 2739/3500/140 2738/3501/140 2801/3502/140
f 2793/3498/143 2734/3497/143 2733/3503/143 2791/3504/143
f 2805/3505/140 2740/3506/140 2739/3500/140 2803/3499/140
f 2791/3504/143 2733/3503/143 2732/3507/143 2789/3508/143
f 2807/3509/140 2741/3510/140 2740/3506/140 2805/3505/140
f 2789/3508/143 2732/3507/143 2731/3511/143 2787/3512/143
f 2809/3513/140 2742/3514/140 2741/3510/140 2807/3509/140
f 2787/3512/143 2731/3511/143 2730/3515/143 2785/3516/143
f 2811/3517/140 2743/3518/140 2742/3514/140 2809/3513/140
f 2785/3516/143 2730/3515/143 2729/3519/143 2783/3520/143
f 2813/3521/140 2744/3522/140 2743/3518/140 2811/3517/140
f 2783/3520/143 2729/3519/143 2728/3523/143 2781/3524/143
f 2815/3525/140 2745/3526/140 2744/3522/140 2813/3521/140
f 2781/3524/143 2728/3523/143 2727/3527/143 2779/3528/143
f 2817/3529/140 2746/3530/140 2745/3526/140 2815/3525/140
f 2779/3528/143 2727/3527/143 2726/3531/143 2777/3532/143
f 2819/3533/140 2747/3534/140 2746/3530/140 2817/3529/140
f 2777/3532/143 2726/3531/143 2725/3484/143 2775/3483/143
f 2797/3490/140 2736/3489/140 2747/3534/140 2819/3533/140
f 2821/3535/173 2822/3536/171 2775/3483/411 2773/3486/509
f 2825/3537/170 2826/3538/172 2799/3487/756 2797/3490/412
f 2829/3539/175 2821/3535/173 2773/3486/509 2795/3492/512
f 2826/3538/172 2830/3540/174 2801/3493/388 2799/3487/756
f 2833/3541/177 2829/3542/175 2795/3495/512 2793/3498/390
f 2830/3543/174 2834/3544/757 2803/3499/391 2801/3502/388
f 2837/3545/179 2833/3541/177 2793/3498/390 2791/3504/392
f 2834/3544/757 2838/3546/178 2805/3505/394 2803/3499/391
f 2841/3547/181 2837/3545/179 2791/3504/392 2789/3508/395
f 2838/3546/178 2842/3548/180 2807/3509/396 2805/3505/394
f 2770/3549/183 2841/3547/181 2789/3508/395 2787/3512/397
f 2842/3548/180 2769/3550/182 2809/3513/398 2807/3509/396
f 2766/3551/185 2770/3549/183 2787/3512/397 2785/3516/511
f 2769/3550/182 2765/3552/184 2811/3517/758 2809/3513/398
f 2762/3553/187 2766/3551/185 2785/3516/511 2783/3520/401
f 2765/3552/184 2761/3554/186 2813/3521/403 2811/3517/758
f 2758/3555/189 2762/3553/187 2783/3520/401 2781/3524/404
f 2761/3554/186 2757/3556/759 2815/3525/405 2813/3521/403
f 2754/3557/169 2758/3555/189 2781/3524/404 2779/3528/406
f 2757/3556/759 2753/3558/166 2817/3529/408 2815/3525/405
f 2750/3559/168 2754/3557/169 2779/3528/406 2777/3532/409
f 2753/3558/166 2749/3560/167 2819/3533/410 2817/3529/408
f 2822/3536/171 2750/3559/168 2777/3532/409 2775/3483/411
f 2749/3560/167 2825/3537/170 2797/3490/412 2819/3533/410
f 2821/3535/173 2820/3561/197 2823/3562/195 2822/3536/171
f 2820/3561/197 2772/3459/414 2774/3458/435 2823/3562/195
f 2825/3537/170 2824/3563/194 2827/3564/196 2826/3538/172
f 2824/3563/194 2796/3457/436 2798/3460/472 2827/3564/196
f 2829/3539/175 2828/3565/199 2820/3561/197 2821/3535/173
f 2828/3565/199 2794/3461/522 2772/3459/414 2820/3561/197
f 2826/3538/172 2827/3564/196 2831/3566/198 2830/3540/174
f 2827/3564/196 2798/3460/472 2800/3462/474 2831/3566/198
f 2833/3541/177 2832/3567/201 2828/3568/199 2829/3542/175
f 2832/3567/201 2792/3465/417 2794/3464/522 2828/3568/199
f 2830/3543/174 2831/3569/198 2835/3570/200 2834/3544/757
f 2831/3569/198 2800/3463/474 2802/3466/476 2835/3570/200
f 2837/3545/179 2836/3571/203 2832/3567/201 2833/3541/177
f 2836/3571/203 2790/3467/419 2792/3465/417 2832/3567/201
f 2834/3544/757 2835/3570/200 2839/3572/202 2838/3546/178
f 2835/3570/200 2802/3466/476 2804/3468/479 2839/3572/202
f 2841/3547/181 2840/3573/205 2836/3571/203 2837/3545/179
f 2840/3573/205 2788/3469/421 2790/3467/419 2836/3571/203
f 2838/3546/178 2839/3572/202 2843/3574/204 2842/3548/180
f 2839/3572/202 2804/3468/479 2806/3470/480 2843/3574/204
f 2770/3549/183 2771/3575/207 2840/3573/205 2841/3547/181
f 2771/3575/207 2786/3471/423 2788/3469/421 2840/3573/205
f 2842/3548/180 2843/3574/204 2768/3576/206 2769/3550/182
f 2843/3574/204 2806/3470/480 2808/3472/424 2768/3576/206
f 2766/3551/185 2767/3577/209 2771/3575/207 2770/3549/183
f 2767/3577/209 2784/3473/425 2786/3471/423 2771/3575/207
f 2769/3550/182 2768/3576/206 2764/3578/208 2765/3552/184
f 2768/3576/206 2808/3472/424 2810/3474/521 2764/3578/208
f 2762/3553/187 2763/3579/211 2767/3577/209 2766/3551/185
f 2763/3579/211 2782/3475/520 2784/3473/425 2767/3577/209
f 2765/3552/184 2764/3578/208 2760/3580/210 2761/3554/186
f 2764/3578/208 2810/3474/521 2812/3476/486 2760/3580/210
f 2758/3555/189 2759/3581/213 2763/3579/211 2762/3553/187
f 2759/3581/213 2780/3477/429 2782/3475/520 2763/3579/211
f 2761/3554/186 2760/3580/210 2756/3582/212 2757/3556/759
f 2760/3580/210 2812/3476/486 2814/3478/488 2756/3582/212
f 2754/3557/169 2755/3583/193 2759/3581/213 2758/3555/189
f 2755/3583/193 2778/3479/431 2780/3477/429 2759/3581/213
f 2757/3556/759 2756/3582/212 2752/3584/190 2753/3558/166
f 2756/3582/212 2814/3478/488 2816/3480/491 2752/3584/190
f 2750/3559/168 2751/3585/192 2755/3583/193 2754/3557/169
f 2751/3585/192 2776/3481/433 2778/3479/431 2755/3583/193
f 2753/3558/166 2752/3584/190 2748/3586/191 2749/3560/167
f 2752/3584/190 2816/3480/491 2818/3482/519 2748/3586/191
f 2822/3536/171 2823/3562/195 2751/3585/192 2750/3559/168
f 2823/3562/195 2774/3458/435 2776/3481/433 2751/3585/192
f 2749/3560/167 2748/3586/191 2824/3563/194 2825/3537/170
f 2748/3586/191 2818/3482/519 2796/3457/436 2824/3563/194
