# Blender 5.1.0
# www.blender.org
mtllib Arcade.mtl
o ArcadeCab
v -0.021398 1.000000 -1.704808
v 0.964273 -1.000000 -1.704808
v -0.021398 1.000000 1.704808
v 0.964273 -1.000000 1.704808
v -2.197237 1.000000 -1.704808
v -2.197237 -1.000000 -1.704808
v -2.197237 1.000000 1.704808
v -2.197237 -1.000000 1.704808
v 1.778229 0.454043 -1.704808
v 1.778229 -0.212623 -1.704808
v -2.197237 -0.333333 1.704808
v -2.197237 0.333333 1.704808
v 1.778229 0.454043 1.704808
v 1.778229 -0.212623 1.704808
v -2.197237 0.333333 -1.704808
v -2.197237 -0.333333 -1.704808
v -2.197237 -4.252056 -1.704808
v -2.197237 -4.252056 1.704808
v 0.964273 -4.252056 -1.704808
v 0.964273 -4.252056 1.704808
v -1.255302 3.701496 -1.704808
v -1.255302 3.701496 1.704808
v -0.225147 4.565521 -1.704808
v -0.225147 4.565521 1.704808
v -0.225147 6.109773 -1.704808
v -0.225147 6.109773 1.704808
v -0.225147 5.921484 1.704808
v -0.225147 4.753810 1.704808
v -0.225147 4.753810 -1.704808
v -0.225147 5.921484 -1.704808
v -0.325598 5.921484 1.704808
v -0.325598 4.753810 1.704808
v -0.325598 4.753810 -1.704808
v -0.325598 5.921484 -1.704808
v -1.238631 3.446918 1.492344
v -0.110530 1.195144 -1.492344
v -0.110530 1.195144 1.492344
v -1.161876 3.496951 -1.515237
v -1.161876 3.496951 1.515237
v -0.202461 1.178340 1.492344
v -0.202461 1.178340 -1.492344
v -1.238631 3.446918 -1.492344
v -1.054019 6.109773 -1.704808
v -1.054019 6.109773 1.704808
v -2.610057 4.964342 -1.704808
v -2.610057 4.964342 1.704808
v -2.610057 -4.129687 -1.704808
v -2.610057 -4.129687 1.704808
v -2.610057 0.500736 1.704808
v -2.610057 1.127595 1.704808
v -2.610057 1.127595 -1.704808
v -2.610057 0.500736 -1.704808
v -2.414150 -4.129687 -1.704808
v -2.414150 -4.129687 1.704808
v -2.414150 0.500736 -1.704808
v -2.414150 0.500736 1.704808
v -2.610057 1.205987 1.626417
v -2.610057 4.885950 -1.626417
v -2.610057 4.885950 1.626417
v -2.610057 1.205986 -1.626417
v -2.738439 1.205987 1.626417
v -2.738439 4.885950 1.626417
v -2.738439 4.885950 -1.626417
v -2.738439 1.205986 -1.626417
v -0.402045 4.500212 1.494118
v -1.142757 3.795891 -1.586574
v -1.142757 3.795891 1.586574
v -0.337691 4.471127 -1.586574
v -0.337691 4.471127 1.586574
v -1.160196 3.864325 1.494118
v -1.160196 3.864325 -1.494118
v -0.402045 4.500212 -1.494118
v 0.952093 -2.402734 0.507357
v 0.952093 -2.346627 0.542733
v 0.932367 -2.346627 0.507357
v 0.952093 -1.934633 0.542733
v 0.952093 -1.878526 0.507357
v 0.932367 -1.934633 0.507357
v 0.952093 -2.402734 0.247593
v 0.932367 -2.346627 0.247593
v 0.952093 -2.346627 0.212217
v 0.952093 -1.878526 0.247593
v 0.952093 -1.934633 0.212217
v 0.932367 -1.934633 0.247593
v 1.096942 -2.402734 0.507357
v 1.116668 -2.337624 0.500160
v 1.096942 -2.346627 0.542733
v 1.096942 -1.878526 0.507357
v 1.096942 -1.934633 0.542733
v 1.116668 -1.943636 0.500160
v 1.096942 -2.402734 0.247593
v 1.096942 -2.346627 0.212217
v 1.116668 -2.337624 0.254789
v 1.096942 -1.878526 0.247593
v 1.116668 -1.943636 0.254789
v 1.096942 -1.934633 0.212217
v 1.116668 -1.934633 0.247593
v 1.116668 -2.346627 0.247593
v 1.116668 -2.346627 0.507357
v 1.116668 -1.934633 0.507357
v 0.985916 -1.943636 0.254789
v 0.985916 -2.337624 0.254789
v 0.985916 -2.337624 0.500160
v 0.985916 -1.943636 0.500160
v 0.952093 -3.524604 0.724731
v 0.952093 -3.299697 0.908330
v 0.932367 -3.299697 0.724731
v 0.952093 -1.648204 0.908330
v 0.952093 -1.423296 0.724731
v 0.932367 -1.648204 0.724731
v 0.952093 -3.524604 -0.623432
v 0.932367 -3.299697 -0.623432
v 0.952093 -3.299697 -0.807031
v 0.952093 -1.423296 -0.623432
v 0.952093 -1.648204 -0.807031
v 0.932367 -1.648204 -0.623432
v 1.096942 -3.524604 0.724731
v 1.116668 -3.340548 0.749424
v 1.096942 -3.299697 0.908330
v 1.096942 -1.423296 0.724731
v 1.096942 -1.648204 0.908330
v 1.116668 -1.607352 0.749424
v 1.096942 -3.524604 -0.623432
v 1.096942 -3.299697 -0.807031
v 1.116668 -3.340548 -0.648125
v 1.096942 -1.423296 -0.623432
v 1.116668 -1.607352 -0.648125
v 1.096942 -1.648204 -0.807031
v 1.116668 -1.562648 -0.693274
v 1.116668 -3.385253 -0.693274
v 1.116668 -3.385253 0.794573
v 1.116668 -1.562648 0.794573
v 1.017479 -1.684295 -0.586083
v 1.017479 -3.263606 -0.586083
v 1.017479 -3.263606 0.687382
v 1.017479 -1.684295 0.687382
v 1.130498 -1.943637 0.254789
v 1.130498 -2.337624 0.254789
v 1.130498 -2.337624 0.500160
v 1.130498 -1.943637 0.500160
v 1.130498 -1.984482 0.469594
v 1.130498 -1.984482 0.453170
v 1.130498 -2.296780 0.453170
v 1.130498 -2.296780 0.469594
v 1.092751 -1.943637 0.254789
v 1.092751 -2.337624 0.254789
v 1.092751 -2.337624 0.500160
v 1.092751 -1.943637 0.500160
v 1.092751 -1.984482 0.469594
v 1.092751 -2.296780 0.469594
v 1.092751 -1.984482 0.453170
v 1.092751 -2.296780 0.453170
v 0.193155 1.000000 1.864614
v 1.178826 -1.000000 1.864614
v 1.992782 0.454044 1.864614
v 1.992782 -0.212623 1.864614
v 1.178826 -4.252056 1.864614
v -1.040749 3.701496 1.864614
v -0.010594 4.565521 1.864614
v -0.010594 6.109773 1.864614
v -0.010594 5.921484 1.864614
v -0.010594 4.753810 1.864614
v 0.193155 1.000000 1.705371
v 1.178826 -1.000000 1.705371
v 1.992782 0.454044 1.705371
v 1.992782 -0.212623 1.705371
v 1.178826 -4.252056 1.705371
v -1.040749 3.701496 1.705371
v -0.010594 4.565521 1.705371
v -0.010594 6.109773 1.705371
v -0.010594 5.921484 1.705371
v -0.010594 4.753810 1.705371
v -2.660256 -0.192269 1.864614
v -2.660256 -0.979646 1.864614
v -2.660256 1.020354 1.864614
v -2.660256 0.474397 1.864614
v -2.660256 -4.231702 1.864614
v -2.660256 3.721849 1.864614
v -2.660256 4.585875 1.864614
v -2.660256 4.774164 1.864614
v -2.660256 5.055075 1.864614
v -1.057036 6.117811 1.864614
v -2.660256 -0.192269 1.705371
v -2.660256 -0.979646 1.705371
v -2.660256 1.020354 1.705371
v -2.660256 0.474397 1.705371
v -2.660256 -4.231702 1.705371
v -2.660256 3.721849 1.705371
v -2.660256 4.585875 1.705371
v -2.660256 4.774164 1.705371
v -2.660256 5.055075 1.705371
v -1.057036 6.117811 1.705371
v 0.955364 -3.101321 0.398872
v 0.955364 -3.041051 0.441578
v 0.932876 -3.041051 0.398872
v 0.955364 -2.834402 0.441578
v 0.955364 -2.774132 0.398872
v 0.932876 -2.834402 0.398872
v 0.955364 -3.101321 0.252443
v 0.932876 -3.041051 0.252443
v 0.955364 -3.041051 0.209736
v 0.955364 -2.774132 0.252443
v 0.955364 -2.834402 0.209736
v 0.932876 -2.834402 0.252443
v 1.032469 -3.101321 0.398872
v 1.054957 -3.041051 0.398872
v 1.032469 -3.041051 0.441578
v 1.032469 -2.774132 0.398872
v 1.032469 -2.834402 0.441578
v 1.054957 -2.834402 0.398872
v 1.032469 -3.101321 0.252443
v 1.032469 -3.041051 0.209736
v 1.054957 -3.041051 0.252443
v 1.032469 -2.774132 0.252443
v 1.054957 -2.834402 0.252443
v 1.032469 -2.834402 0.209736
v 0.986648 -2.640928 -0.553542
v 1.036399 -2.640928 -0.522262
v 0.986648 -2.655385 -0.552118
v 1.036399 -2.649282 -0.521439
v 0.986648 -2.669286 -0.547902
v 1.036399 -2.657315 -0.519002
v 0.986648 -2.682097 -0.541054
v 1.036399 -2.664718 -0.515045
v 0.986648 -2.693326 -0.531838
v 1.036399 -2.671207 -0.509720
v 0.986648 -2.702542 -0.520609
v 1.036399 -2.676533 -0.503231
v 0.986648 -2.709389 -0.507798
v 1.036399 -2.680490 -0.495827
v 0.986648 -2.713606 -0.493897
v 1.036399 -2.682926 -0.487795
v 0.986648 -2.715030 -0.479441
v 1.036399 -2.683749 -0.479441
v 0.986648 -2.713606 -0.464984
v 1.036399 -2.682926 -0.471087
v 0.986648 -2.709389 -0.451083
v 1.036399 -2.680490 -0.463054
v 0.986648 -2.702542 -0.438272
v 1.036399 -2.676533 -0.455651
v 0.986648 -2.693326 -0.427043
v 1.036399 -2.671207 -0.449162
v 0.986648 -2.682097 -0.417827
v 1.036399 -2.664718 -0.443836
v 0.986648 -2.669286 -0.410980
v 1.036399 -2.657315 -0.439879
v 0.986648 -2.655385 -0.406763
v 1.036399 -2.649282 -0.437442
v 0.986648 -2.640928 -0.405339
v 1.036399 -2.640928 -0.436620
v 0.986648 -2.626472 -0.406763
v 1.036399 -2.632574 -0.437442
v 0.986648 -2.612571 -0.410980
v 1.036399 -2.624542 -0.439879
v 0.986648 -2.599760 -0.417827
v 1.036399 -2.617138 -0.443836
v 0.986648 -2.588531 -0.427043
v 1.036399 -2.610649 -0.449162
v 0.986648 -2.579315 -0.438272
v 1.036399 -2.605324 -0.455651
v 0.986648 -2.572467 -0.451083
v 1.036399 -2.601367 -0.463054
v 0.986648 -2.568250 -0.464984
v 1.036399 -2.598930 -0.471087
v 0.986648 -2.566827 -0.479441
v 1.036399 -2.598107 -0.479441
v 0.986648 -2.568250 -0.493897
v 1.036399 -2.598930 -0.487795
v 0.986648 -2.572467 -0.507798
v 1.036399 -2.601367 -0.495827
v 0.986648 -2.579315 -0.520609
v 1.036399 -2.605324 -0.503231
v 0.986648 -2.588531 -0.531838
v 1.036399 -2.610649 -0.509720
v 0.986648 -2.599760 -0.541054
v 1.036399 -2.617138 -0.515045
v 0.986648 -2.612571 -0.547902
v 1.036399 -2.624542 -0.519002
v 0.986648 -2.626472 -0.552118
v 1.036399 -2.632574 -0.521439
v 1.036399 -2.655385 -0.552118
v 1.036399 -2.640928 -0.553542
v 1.036399 -2.669286 -0.547902
v 1.036399 -2.682097 -0.541054
v 1.036399 -2.693326 -0.531838
v 1.036399 -2.702542 -0.520609
v 1.036399 -2.709389 -0.507798
v 1.036399 -2.713606 -0.493897
v 1.036399 -2.715030 -0.479441
v 1.036399 -2.713606 -0.464984
v 1.036399 -2.709389 -0.451083
v 1.036399 -2.702542 -0.438272
v 1.036399 -2.693326 -0.427043
v 1.036399 -2.682097 -0.417827
v 1.036399 -2.669286 -0.410980
v 1.036399 -2.655385 -0.406763
v 1.036399 -2.640928 -0.405339
v 1.036399 -2.626472 -0.406763
v 1.036399 -2.612571 -0.410980
v 1.036399 -2.599760 -0.417827
v 1.036399 -2.588531 -0.427043
v 1.036399 -2.579315 -0.438272
v 1.036399 -2.572467 -0.451083
v 1.036399 -2.568250 -0.464984
v 1.036399 -2.566827 -0.479441
v 1.036399 -2.568250 -0.493897
v 1.036399 -2.572467 -0.507798
v 1.036399 -2.579315 -0.520609
v 1.036399 -2.588531 -0.531838
v 1.036399 -2.599760 -0.541054
v 1.036399 -2.612571 -0.547902
v 1.036399 -2.626472 -0.552118
v 1.036399 -2.651520 -0.532686
v 1.036399 -2.640928 -0.533729
v 1.036399 -2.661704 -0.529597
v 1.036399 -2.671090 -0.524580
v 1.036399 -2.679316 -0.517829
v 1.036399 -2.686068 -0.509602
v 1.036399 -2.691085 -0.500216
v 1.036399 -2.694174 -0.490032
v 1.036399 -2.695217 -0.479441
v 1.036399 -2.694174 -0.468849
v 1.036399 -2.691085 -0.458665
v 1.036399 -2.686068 -0.449279
v 1.036399 -2.679316 -0.441053
v 1.036399 -2.671090 -0.434301
v 1.036399 -2.661704 -0.429284
v 1.036399 -2.651520 -0.426195
v 1.036399 -2.640928 -0.425152
v 1.036399 -2.630337 -0.426195
v 1.036399 -2.620153 -0.429284
v 1.036399 -2.610767 -0.434301
v 1.036399 -2.602540 -0.441053
v 1.036399 -2.595789 -0.449279
v 1.036399 -2.590772 -0.458665
v 1.036399 -2.587683 -0.468849
v 1.036399 -2.586639 -0.479441
v 1.036399 -2.587683 -0.490032
v 1.036399 -2.590772 -0.500216
v 1.036399 -2.595789 -0.509602
v 1.036399 -2.602540 -0.517829
v 1.036399 -2.610767 -0.524580
v 1.036399 -2.620153 -0.529597
v 1.036399 -2.630337 -0.532686
v 1.052397 -2.649282 -0.521439
v 1.052397 -2.640928 -0.522262
v 1.052397 -2.657315 -0.519002
v 1.052397 -2.664718 -0.515045
v 1.052397 -2.671207 -0.509720
v 1.052397 -2.676533 -0.503231
v 1.052397 -2.680490 -0.495827
v 1.052397 -2.682926 -0.487795
v 1.052397 -2.683749 -0.479441
v 1.052397 -2.682926 -0.471087
v 1.052397 -2.680490 -0.463054
v 1.052397 -2.676533 -0.455651
v 1.052397 -2.671207 -0.449162
v 1.052397 -2.664718 -0.443836
v 1.052397 -2.657315 -0.439879
v 1.052397 -2.649282 -0.437442
v 1.052397 -2.640928 -0.436620
v 1.052397 -2.632574 -0.437442
v 1.052397 -2.624542 -0.439879
v 1.052397 -2.617138 -0.443836
v 1.052397 -2.610649 -0.449162
v 1.052397 -2.605324 -0.455651
v 1.052397 -2.601367 -0.463054
v 1.052397 -2.598930 -0.471087
v 1.052397 -2.598107 -0.479441
v 1.052397 -2.598930 -0.487795
v 1.052397 -2.601367 -0.495827
v 1.052397 -2.605324 -0.503231
v 1.052397 -2.610649 -0.509720
v 1.052397 -2.617138 -0.515045
v 1.052397 -2.624542 -0.519002
v 1.052397 -2.632574 -0.521439
v 1.065077 -2.646874 -0.509334
v 1.065077 -2.640928 -0.509920
v 1.065077 -2.652592 -0.507600
v 1.065077 -2.657862 -0.504783
v 1.065077 -2.662480 -0.500993
v 1.065077 -2.666271 -0.496374
v 1.065077 -2.669088 -0.491105
v 1.065077 -2.670822 -0.485387
v 1.065077 -2.671408 -0.479441
v 1.065077 -2.670822 -0.473494
v 1.065077 -2.669088 -0.467777
v 1.065077 -2.666271 -0.462507
v 1.065077 -2.662480 -0.457888
v 1.065077 -2.657862 -0.454098
v 1.065077 -2.652592 -0.451281
v 1.065077 -2.646874 -0.449547
v 1.065077 -2.640928 -0.448961
v 1.065077 -2.634982 -0.449547
v 1.065077 -2.629264 -0.451281
v 1.065077 -2.623995 -0.454098
v 1.065077 -2.619376 -0.457888
v 1.065077 -2.615585 -0.462507
v 1.065077 -2.612769 -0.467777
v 1.065077 -2.611034 -0.473494
v 1.065077 -2.610449 -0.479441
v 1.065077 -2.611034 -0.485387
v 1.065077 -2.612769 -0.491105
v 1.065077 -2.615586 -0.496374
v 1.065077 -2.619376 -0.500993
v 1.065077 -2.623995 -0.504783
v 1.065077 -2.629264 -0.507600
v 1.065077 -2.634982 -0.509334
v 1.027177 -2.651520 -0.532686
v 1.027177 -2.640928 -0.533729
v 1.027177 -2.661704 -0.529597
v 1.027177 -2.671090 -0.524580
v 1.027177 -2.679316 -0.517829
v 1.027177 -2.686068 -0.509602
v 1.027177 -2.691085 -0.500216
v 1.027177 -2.694174 -0.490032
v 1.027177 -2.695217 -0.479441
v 1.027177 -2.694174 -0.468849
v 1.027177 -2.691085 -0.458665
v 1.027177 -2.686068 -0.449279
v 1.027177 -2.679316 -0.441053
v 1.027177 -2.671090 -0.434301
v 1.027177 -2.661704 -0.429284
v 1.027177 -2.651520 -0.426195
v 1.027177 -2.640928 -0.425152
v 1.027177 -2.630337 -0.426195
v 1.027177 -2.620153 -0.429284
v 1.027177 -2.610767 -0.434301
v 1.027177 -2.602540 -0.441053
v 1.027177 -2.595789 -0.449279
v 1.027177 -2.590772 -0.458665
v 1.027177 -2.587683 -0.468849
v 1.027177 -2.586639 -0.479441
v 1.027177 -2.587683 -0.490032
v 1.027177 -2.590772 -0.500216
v 1.027177 -2.595789 -0.509602
v 1.027177 -2.602540 -0.517829
v 1.027177 -2.610767 -0.524580
v 1.027177 -2.620153 -0.529597
v 1.027177 -2.630337 -0.532686
v 1.027177 -2.649282 -0.521439
v 1.027177 -2.640928 -0.522262
v 1.027177 -2.657315 -0.519002
v 1.027177 -2.664718 -0.515045
v 1.027177 -2.671207 -0.509720
v 1.027177 -2.676533 -0.503231
v 1.027177 -2.680490 -0.495827
v 1.027177 -2.682926 -0.487795
v 1.027177 -2.683749 -0.479441
v 1.027177 -2.682926 -0.471087
v 1.027177 -2.680490 -0.463054
v 1.027177 -2.676533 -0.455651
v 1.027177 -2.671207 -0.449162
v 1.027177 -2.664718 -0.443836
v 1.027177 -2.657315 -0.439879
v 1.027177 -2.649282 -0.437442
v 1.027177 -2.640928 -0.436620
v 1.027177 -2.632574 -0.437442
v 1.027177 -2.624542 -0.439879
v 1.027177 -2.617138 -0.443836
v 1.027177 -2.610649 -0.449162
v 1.027177 -2.605324 -0.455651
v 1.027177 -2.601367 -0.463054
v 1.027177 -2.598930 -0.471087
v 1.027177 -2.598107 -0.479441
v 1.027177 -2.598930 -0.487795
v 1.027177 -2.601367 -0.495827
v 1.027177 -2.605324 -0.503231
v 1.027177 -2.610649 -0.509720
v 1.027177 -2.617138 -0.515045
v 1.027177 -2.624542 -0.519002
v 1.027177 -2.632574 -0.521439
v 0.607715 0.825455 1.110932
v 1.412059 0.575637 1.110932
v 0.607715 0.825455 0.110010
v 1.412059 0.575637 0.110010
v 0.236580 0.933034 -1.615970
v 0.236580 0.933034 1.670793
v 1.779595 0.453796 -1.615970
v 1.779595 0.453796 1.670793
v 0.830676 0.699907 0.785831
v 0.807888 0.706985 0.788181
v 0.785976 0.713791 0.795141
v 0.765781 0.720063 0.806444
v 0.748080 0.725561 0.821656
v 0.733553 0.730072 0.840191
v 0.722759 0.733425 0.861337
v 0.716112 0.735489 0.884282
v 0.713867 0.736187 0.908144
v 0.716112 0.735489 0.932006
v 0.722759 0.733425 0.954951
v 0.733553 0.730072 0.976098
v 0.748080 0.725561 0.994633
v 0.765781 0.720063 1.009844
v 0.785976 0.713791 1.021147
v 0.807888 0.706985 1.028107
v 0.830676 0.699907 1.030457
v 0.853465 0.692830 1.028107
v 0.875377 0.686024 1.021147
v 0.895572 0.679752 1.009844
v 0.913273 0.674254 0.994633
v 0.927800 0.669742 0.976098
v 0.938594 0.666390 0.954951
v 0.945241 0.664325 0.932006
v 0.947486 0.663628 0.908144
v 0.945241 0.664325 0.884282
v 0.938594 0.666390 0.861337
v 0.927800 0.669742 0.840191
v 0.913273 0.674254 0.821656
v 0.895572 0.679752 0.806444
v 0.875377 0.686024 0.795141
v 0.853465 0.692830 0.788181
v 0.838104 0.800106 0.794391
v 0.859712 0.793395 0.792162
v 0.817325 0.806560 0.800991
v 0.798176 0.812507 0.811709
v 0.781391 0.817720 0.826133
v 0.767617 0.821998 0.843708
v 0.757381 0.825177 0.863760
v 0.751078 0.827135 0.885517
v 0.748950 0.827796 0.908144
v 0.751078 0.827135 0.930771
v 0.757381 0.825177 0.952529
v 0.767617 0.821998 0.972580
v 0.781391 0.817720 0.990156
v 0.798176 0.812507 1.004580
v 0.817325 0.806560 1.015298
v 0.838104 0.800106 1.021898
v 0.859712 0.793395 1.024126
v 0.881321 0.786683 1.021898
v 0.902099 0.780230 1.015298
v 0.921249 0.774283 1.004580
v 0.938033 0.769069 0.990156
v 0.951808 0.764791 0.972580
v 0.962044 0.761612 0.952529
v 0.968347 0.759655 0.930771
v 0.970475 0.758994 0.908144
v 0.968347 0.759655 0.885517
v 0.962044 0.761612 0.863760
v 0.951808 0.764791 0.843708
v 0.938033 0.769069 0.826133
v 0.921249 0.774283 0.811709
v 0.902099 0.780230 0.800991
v 0.881321 0.786683 0.794391
v 0.845334 0.813087 0.809750
v 0.864025 0.807282 0.807822
v 0.827362 0.818669 0.815459
v 0.810798 0.823813 0.824730
v 0.796279 0.828323 0.837206
v 0.784365 0.832023 0.852408
v 0.775511 0.834773 0.869753
v 0.770059 0.836466 0.888572
v 0.768218 0.837038 0.908144
v 0.770059 0.836466 0.927716
v 0.775511 0.834773 0.946536
v 0.784365 0.832023 0.963880
v 0.796279 0.828323 0.979082
v 0.810798 0.823813 0.991559
v 0.827362 0.818669 1.000829
v 0.845334 0.813087 1.006538
v 0.864025 0.807282 1.008466
v 0.882716 0.801477 1.006538
v 0.900689 0.795895 1.000829
v 0.917253 0.790750 0.991559
v 0.931771 0.786241 0.979082
v 0.943686 0.782540 0.963880
v 0.952540 0.779790 0.946536
v 0.957992 0.778097 0.927716
v 0.959833 0.777525 0.908144
v 0.957992 0.778097 0.888572
v 0.952540 0.779790 0.869753
v 0.943686 0.782540 0.852408
v 0.931771 0.786241 0.837206
v 0.917253 0.790750 0.824730
v 0.900689 0.795895 0.815459
v 0.882716 0.801477 0.809750
v 0.846262 0.807730 0.822190
v 0.862590 0.802659 0.820506
v 0.830561 0.812606 0.827178
v 0.816092 0.817100 0.835276
v 0.803409 0.821039 0.846175
v 0.793001 0.824272 0.859455
v 0.785267 0.826674 0.874607
v 0.780504 0.828153 0.891047
v 0.778896 0.828653 0.908144
v 0.780504 0.828153 0.925241
v 0.785267 0.826674 0.941682
v 0.793001 0.824272 0.956833
v 0.803409 0.821039 0.970113
v 0.816092 0.817100 0.981012
v 0.830561 0.812606 0.989111
v 0.846262 0.807730 0.994098
v 0.862590 0.802659 0.995782
v 0.878917 0.797588 0.994098
v 0.894618 0.792711 0.989111
v 0.909087 0.788217 0.981012
v 0.921770 0.784278 0.970113
v 0.932179 0.781045 0.956833
v 0.939913 0.778643 0.941682
v 0.944675 0.777164 0.925241
v 0.946284 0.776665 0.908144
v 0.944675 0.777164 0.891047
v 0.939913 0.778643 0.874607
v 0.932179 0.781045 0.859455
v 0.921770 0.784278 0.846175
v 0.909087 0.788217 0.835276
v 0.894618 0.792711 0.827178
v 0.878917 0.797588 0.822190
v 0.843402 0.783531 0.844546
v 0.855483 0.779779 0.843300
v 0.831785 0.787139 0.848236
v 0.821079 0.790465 0.854228
v 0.811695 0.793379 0.862292
v 0.803993 0.795771 0.872118
v 0.798271 0.797548 0.883329
v 0.794747 0.798643 0.895494
v 0.793557 0.799012 0.908144
v 0.794747 0.798643 0.920795
v 0.798271 0.797548 0.932959
v 0.803993 0.795771 0.944170
v 0.811695 0.793379 0.953996
v 0.821079 0.790465 0.962060
v 0.831785 0.787139 0.968053
v 0.843402 0.783531 0.971743
v 0.855483 0.779779 0.972989
v 0.867565 0.776027 0.971743
v 0.879182 0.772419 0.968053
v 0.889888 0.769094 0.962060
v 0.899272 0.766179 0.953996
v 0.906973 0.763787 0.944170
v 0.912696 0.762010 0.932959
v 0.916220 0.760915 0.920795
v 0.917410 0.760546 0.908144
v 0.916220 0.760915 0.895494
v 0.912696 0.762010 0.883329
v 0.906973 0.763787 0.872118
v 0.899272 0.766179 0.862292
v 0.889888 0.769094 0.854228
v 0.879182 0.772419 0.848236
v 0.867565 0.776027 0.844546
v 0.843699 0.773574 0.860820
v 0.852689 0.770782 0.859893
v 0.835055 0.776259 0.863565
v 0.827088 0.778733 0.868024
v 0.820105 0.780902 0.874025
v 0.814375 0.782682 0.881337
v 0.810116 0.784004 0.889679
v 0.807494 0.784819 0.898731
v 0.806609 0.785094 0.908144
v 0.807494 0.784819 0.917558
v 0.810116 0.784004 0.926609
v 0.814375 0.782682 0.934951
v 0.820105 0.780902 0.942263
v 0.827088 0.778733 0.948264
v 0.835055 0.776259 0.952723
v 0.843699 0.773574 0.955469
v 0.852689 0.770782 0.956396
v 0.861679 0.767990 0.955469
v 0.870323 0.765305 0.952723
v 0.878290 0.762831 0.948264
v 0.885273 0.760662 0.942263
v 0.891003 0.758882 0.934951
v 0.895261 0.757559 0.926609
v 0.897884 0.756745 0.917558
v 0.898769 0.756470 0.908144
v 0.897884 0.756745 0.898731
v 0.895261 0.757559 0.889679
v 0.891003 0.758882 0.881337
v 0.885273 0.760662 0.874025
v 0.878290 0.762831 0.868024
v 0.870323 0.765305 0.863565
v 0.861679 0.767990 0.860820
v 1.019602 0.755929 1.231066
v 1.016073 0.744568 1.137245
v 1.044581 0.748170 1.233642
v 1.058533 0.731381 1.141623
v 1.068601 0.740710 1.241271
v 1.099360 0.718701 1.154592
v 1.090737 0.733835 1.253661
v 1.136987 0.707014 1.175652
v 1.110140 0.727809 1.270335
v 1.169968 0.696771 1.203993
v 1.126063 0.722863 1.290652
v 1.197034 0.688365 1.238528
v 1.137895 0.719188 1.313832
v 1.217146 0.682118 1.277928
v 1.145182 0.716925 1.338983
v 1.229531 0.678272 1.320679
v 1.147642 0.716161 1.365139
v 1.233713 0.676973 1.365139
v 1.145182 0.716925 1.391296
v 1.229531 0.678272 1.409600
v 1.137895 0.719188 1.416447
v 1.217146 0.682118 1.452351
v 1.126063 0.722863 1.439627
v 1.197034 0.688365 1.491751
v 1.110140 0.727809 1.459944
v 1.169967 0.696771 1.526285
v 1.090737 0.733835 1.476618
v 1.136987 0.707014 1.554627
v 1.068600 0.740710 1.489007
v 1.099360 0.718701 1.575687
v 1.044581 0.748170 1.496637
v 1.058532 0.731381 1.588655
v 1.019601 0.755929 1.499213
v 1.016073 0.744568 1.593034
v 0.994622 0.763687 1.496637
v 0.973614 0.757756 1.588655
v 0.970603 0.771147 1.489007
v 0.932786 0.770436 1.575687
v 0.948466 0.778022 1.476618
v 0.895159 0.782123 1.554627
v 0.929063 0.784048 1.459944
v 0.862179 0.792366 1.526285
v 0.913140 0.788994 1.439627
v 0.835113 0.800772 1.491751
v 0.901308 0.792669 1.416447
v 0.815001 0.807019 1.452351
v 0.894021 0.794932 1.391296
v 0.802616 0.810865 1.409599
v 0.891561 0.795696 1.365139
v 0.798434 0.812164 1.365139
v 0.894021 0.794932 1.338983
v 0.802616 0.810865 1.320679
v 0.901308 0.792669 1.313831
v 0.815001 0.807019 1.277928
v 0.913140 0.788994 1.290652
v 0.835113 0.800772 1.238528
v 0.929063 0.784048 1.270335
v 0.862179 0.792366 1.203993
v 0.948466 0.778022 1.253661
v 0.895159 0.782123 1.175652
v 0.970603 0.771147 1.241271
v 0.932786 0.770436 1.154592
v 0.994622 0.763687 1.233642
v 0.973614 0.757756 1.141623
v 1.019602 0.755929 1.137245
v 1.062061 0.742741 1.141623
v 1.102889 0.730061 1.154592
v 1.140516 0.718374 1.175652
v 1.173496 0.708131 1.203993
v 1.200562 0.699725 1.238528
v 1.220674 0.693478 1.277928
v 1.233059 0.689632 1.320679
v 1.237241 0.688333 1.365139
v 1.233059 0.689632 1.409600
v 1.220674 0.693478 1.452351
v 1.200562 0.699725 1.491751
v 1.173496 0.708131 1.526285
v 1.140515 0.718374 1.554627
v 1.102888 0.730061 1.575687
v 1.062061 0.742741 1.588655
v 1.019601 0.755929 1.593034
v 0.977142 0.769116 1.588655
v 0.936314 0.781796 1.575687
v 0.898687 0.793483 1.554627
v 0.865707 0.803726 1.526285
v 0.838641 0.812132 1.491751
v 0.818529 0.818379 1.452351
v 0.806144 0.822225 1.409599
v 0.801962 0.823524 1.365139
v 0.806144 0.822225 1.320679
v 0.818529 0.818379 1.277928
v 0.838641 0.812132 1.238528
v 0.865707 0.803726 1.203993
v 0.898688 0.793483 1.175652
v 0.936315 0.781796 1.154592
v 0.977142 0.769116 1.141623
v 1.017248 0.748351 1.263364
v 1.036210 0.742462 1.265320
v 1.054443 0.736799 1.271111
v 1.071247 0.731580 1.280517
v 1.085975 0.727005 1.293174
v 1.098063 0.723251 1.308596
v 1.107045 0.720462 1.326192
v 1.112576 0.718744 1.345284
v 1.114443 0.718164 1.365139
v 1.112576 0.718744 1.384995
v 1.107045 0.720462 1.404087
v 1.098063 0.723251 1.421683
v 1.085975 0.727005 1.437105
v 1.071247 0.731580 1.449762
v 1.054443 0.736799 1.459167
v 1.036210 0.742462 1.464959
v 1.017248 0.748351 1.466914
v 0.998286 0.754240 1.464959
v 0.980053 0.759903 1.459167
v 0.963249 0.765122 1.449762
v 0.948521 0.769697 1.437105
v 0.936433 0.773451 1.421682
v 0.927451 0.776241 1.404087
v 0.921921 0.777959 1.384995
v 0.920053 0.778539 1.365139
v 0.921921 0.777959 1.345284
v 0.927452 0.776241 1.326192
v 0.936433 0.773451 1.308596
v 0.948521 0.769697 1.293174
v 0.963249 0.765122 1.280517
v 0.980053 0.759903 1.271111
v 0.998286 0.754240 1.265320
v 1.017248 0.748351 1.231066
v 1.042228 0.740593 1.233642
v 1.066247 0.733133 1.241271
v 1.088384 0.726258 1.253661
v 1.107786 0.720231 1.270335
v 1.123710 0.715286 1.290652
v 1.135542 0.711611 1.313832
v 1.142828 0.709348 1.338983
v 1.145288 0.708584 1.365139
v 1.142828 0.709348 1.391296
v 1.135542 0.711611 1.416447
v 1.123710 0.715286 1.439627
v 1.107786 0.720231 1.459944
v 1.088383 0.726258 1.476618
v 1.066247 0.733133 1.489007
v 1.042228 0.740593 1.496637
v 1.017248 0.748351 1.499213
v 0.992269 0.756109 1.496637
v 0.968249 0.763570 1.489007
v 0.946113 0.770445 1.476618
v 0.926710 0.776471 1.459944
v 0.910786 0.781417 1.439627
v 0.898954 0.785092 1.416447
v 0.891668 0.787355 1.391296
v 0.889208 0.788119 1.365139
v 0.891668 0.787355 1.338983
v 0.898954 0.785092 1.313831
v 0.910786 0.781417 1.290652
v 0.926710 0.776471 1.270335
v 0.946113 0.770445 1.253661
v 0.968249 0.763570 1.241271
v 0.992269 0.756109 1.233642
v 1.016391 0.745591 1.263364
v 1.035353 0.739702 1.265320
v 1.053586 0.734039 1.271111
v 1.070390 0.728820 1.280517
v 1.085118 0.724245 1.293174
v 1.097206 0.720491 1.308596
v 1.106187 0.717702 1.326192
v 1.111718 0.715984 1.345284
v 1.113586 0.715404 1.365139
v 1.111718 0.715984 1.384995
v 1.106187 0.717702 1.404087
v 1.097206 0.720491 1.421683
v 1.085118 0.724245 1.437105
v 1.070390 0.728820 1.449762
v 1.053586 0.734039 1.459167
v 1.035353 0.739702 1.464959
v 1.016391 0.745591 1.466914
v 0.997429 0.751480 1.464959
v 0.979196 0.757143 1.459167
v 0.962392 0.762362 1.449762
v 0.947663 0.766937 1.437105
v 0.935576 0.770691 1.421682
v 0.926594 0.773481 1.404087
v 0.921063 0.775198 1.384995
v 0.919196 0.775778 1.365139
v 0.921063 0.775198 1.345284
v 0.926594 0.773481 1.326192
v 0.935576 0.770691 1.308596
v 0.947664 0.766937 1.293174
v 0.962392 0.762362 1.280517
v 0.979196 0.757143 1.271111
v 0.997429 0.751480 1.265320
v 1.015401 0.742402 1.325086
v 1.083525 0.961743 1.320431
v 1.022864 0.740085 1.325855
v 1.091855 0.959156 1.321290
v 1.030039 0.737856 1.328135
v 1.099864 0.956668 1.323834
v 1.036653 0.735802 1.331836
v 1.107246 0.954375 1.327965
v 1.042449 0.734002 1.336817
v 1.113716 0.952366 1.333526
v 1.047206 0.732524 1.342887
v 1.119026 0.950717 1.340301
v 1.050741 0.731426 1.349812
v 1.122972 0.949491 1.348030
v 1.052918 0.730750 1.357325
v 1.125402 0.948737 1.356417
v 1.053653 0.730522 1.365139
v 1.126222 0.948482 1.365139
v 1.052918 0.730750 1.372954
v 1.125402 0.948737 1.373862
v 1.050741 0.731426 1.380467
v 1.122972 0.949491 1.382249
v 1.047206 0.732524 1.387392
v 1.119026 0.950717 1.389978
v 1.042449 0.734002 1.393462
v 1.113716 0.952366 1.396753
v 1.036653 0.735802 1.398443
v 1.107246 0.954375 1.402313
v 1.030039 0.737856 1.402144
v 1.099864 0.956668 1.406445
v 1.022864 0.740085 1.404424
v 1.091855 0.959156 1.408989
v 1.015401 0.742402 1.405193
v 1.083525 0.961743 1.409848
v 1.007939 0.744720 1.404424
v 1.075195 0.964330 1.408989
v 1.000763 0.746949 1.402144
v 1.067186 0.966818 1.406445
v 0.994150 0.749003 1.398443
v 1.059804 0.969110 1.402313
v 0.988353 0.750803 1.393462
v 1.053334 0.971120 1.396753
v 0.983596 0.752281 1.387392
v 1.048024 0.972769 1.389978
v 0.980062 0.753379 1.380467
v 1.044078 0.973994 1.382249
v 0.977885 0.754055 1.372954
v 1.041649 0.974749 1.373862
v 0.977150 0.754283 1.365139
v 1.040828 0.975004 1.365139
v 0.977885 0.754055 1.357325
v 1.041649 0.974749 1.356417
v 0.980062 0.753379 1.349812
v 1.044078 0.973994 1.348030
v 0.983596 0.752281 1.342887
v 1.048024 0.972769 1.340301
v 0.988353 0.750803 1.336817
v 1.053334 0.971120 1.333526
v 0.994150 0.749003 1.331836
v 1.059804 0.969110 1.327965
v 1.000763 0.746949 1.328135
v 1.067186 0.966818 1.323834
v 1.007939 0.744720 1.325855
v 1.075195 0.964330 1.321290
v 1.094704 0.958271 1.306290
v 1.083525 0.961743 1.305137
v 1.105454 0.954932 1.309705
v 1.115360 0.951855 1.315249
v 1.124044 0.949158 1.322711
v 1.131170 0.946945 1.331804
v 1.136465 0.945300 1.342178
v 1.139726 0.944288 1.353434
v 1.140827 0.943946 1.365139
v 1.139726 0.944288 1.376845
v 1.136465 0.945300 1.388101
v 1.131170 0.946945 1.398475
v 1.124044 0.949158 1.407568
v 1.115360 0.951855 1.415030
v 1.105454 0.954932 1.420574
v 1.094704 0.958271 1.423989
v 1.083525 0.961743 1.425142
v 1.072346 0.965215 1.423989
v 1.061597 0.968554 1.420574
v 1.051690 0.971630 1.415030
v 1.043006 0.974327 1.407568
v 1.035880 0.976541 1.398475
v 1.030585 0.978185 1.388101
v 1.027324 0.979198 1.376845
v 1.026223 0.979540 1.365139
v 1.027324 0.979198 1.353434
v 1.030585 0.978185 1.342178
v 1.035880 0.976541 1.331804
v 1.043006 0.974327 1.322711
v 1.051690 0.971630 1.315249
v 1.061597 0.968554 1.309705
v 1.072346 0.965215 1.306290
v 1.051520 0.825719 1.315970
v 1.042179 0.828620 1.315006
v 1.060501 0.822930 1.318823
v 1.068778 0.820359 1.323455
v 1.076033 0.818105 1.329690
v 1.081987 0.816256 1.337287
v 1.086412 0.814882 1.345954
v 1.089136 0.814036 1.355359
v 1.090056 0.813750 1.365139
v 1.089136 0.814036 1.374920
v 1.086412 0.814882 1.384324
v 1.081987 0.816256 1.392992
v 1.076033 0.818105 1.400589
v 1.068778 0.820359 1.406823
v 1.060501 0.822930 1.411456
v 1.051520 0.825719 1.414309
v 1.042179 0.828620 1.415272
v 1.032839 0.831521 1.414309
v 1.023857 0.834310 1.411456
v 1.015580 0.836881 1.406823
v 1.008325 0.839135 1.400589
v 1.002371 0.840984 1.392992
v 0.997947 0.842358 1.384324
v 0.995222 0.843204 1.374920
v 0.994302 0.843490 1.365139
v 0.995222 0.843204 1.355359
v 0.997947 0.842358 1.345954
v 1.002371 0.840984 1.337287
v 1.008325 0.839135 1.329690
v 1.015580 0.836881 1.323455
v 1.023857 0.834310 1.318823
v 1.032839 0.831521 1.315970
v 1.115533 1.021946 1.301239
v 1.103394 1.025716 1.299988
v 1.127205 1.018320 1.304947
v 1.137962 1.014979 1.310968
v 1.147390 1.012051 1.319070
v 1.155128 1.009648 1.328943
v 1.160878 1.007862 1.340207
v 1.164419 1.006762 1.352429
v 1.165614 1.006391 1.365139
v 1.164419 1.006762 1.377850
v 1.160878 1.007862 1.390072
v 1.155128 1.009648 1.401336
v 1.147390 1.012051 1.411209
v 1.137962 1.014979 1.419311
v 1.127205 1.018320 1.425332
v 1.115533 1.021946 1.429039
v 1.103394 1.025716 1.430291
v 1.091256 1.029486 1.429039
v 1.079584 1.033111 1.425332
v 1.068827 1.036452 1.419311
v 1.059398 1.039380 1.411209
v 1.051660 1.041784 1.401336
v 1.045910 1.043569 1.390072
v 1.042370 1.044669 1.377850
v 1.041174 1.045040 1.365139
v 1.042370 1.044669 1.352429
v 1.045910 1.043569 1.340207
v 1.051660 1.041784 1.328943
v 1.059398 1.039380 1.319070
v 1.068827 1.036452 1.310968
v 1.079584 1.033111 1.304947
v 1.091256 1.029486 1.301239
v 1.127825 1.058636 1.296933
v 1.114869 1.062660 1.295597
v 1.140284 1.054767 1.300890
v 1.151766 1.051200 1.307317
v 1.161830 1.048075 1.315965
v 1.170089 1.045509 1.326504
v 1.176226 1.043603 1.338526
v 1.180006 1.042429 1.351572
v 1.181282 1.042033 1.365139
v 1.180006 1.042429 1.378707
v 1.176226 1.043603 1.391752
v 1.170089 1.045509 1.403775
v 1.161830 1.048075 1.414314
v 1.151766 1.051200 1.422962
v 1.140284 1.054767 1.429389
v 1.127825 1.058636 1.433346
v 1.114869 1.062660 1.434682
v 1.101912 1.066684 1.433346
v 1.089453 1.070554 1.429389
v 1.077971 1.074120 1.422962
v 1.067907 1.077246 1.414314
v 1.059648 1.079811 1.403775
v 1.053511 1.081717 1.391752
v 1.049731 1.082891 1.378707
v 1.048455 1.083287 1.365139
v 1.049731 1.082891 1.351572
v 1.053511 1.081717 1.338526
v 1.059648 1.079811 1.326504
v 1.067907 1.077246 1.315965
v 1.077971 1.074120 1.307317
v 1.089453 1.070554 1.300890
v 1.101912 1.066684 1.296933
v 1.126262 1.084593 1.302541
v 1.115140 1.088048 1.301394
v 1.136956 1.081272 1.305938
v 1.146812 1.078211 1.311454
v 1.155451 1.075528 1.318878
v 1.162541 1.073326 1.327924
v 1.167809 1.071689 1.338244
v 1.171053 1.070682 1.349442
v 1.172148 1.070342 1.361088
v 1.171053 1.070682 1.372734
v 1.167809 1.071689 1.383933
v 1.162541 1.073326 1.394253
v 1.155451 1.075528 1.403299
v 1.146812 1.078211 1.410723
v 1.136956 1.081272 1.416239
v 1.126262 1.084593 1.419636
v 1.115140 1.088048 1.420783
v 1.104018 1.091502 1.419636
v 1.093324 1.094823 1.416239
v 1.083468 1.097885 1.410723
v 1.074829 1.100568 1.403299
v 1.067739 1.102770 1.394253
v 1.062471 1.104406 1.383933
v 1.059227 1.105413 1.372734
v 1.058131 1.105754 1.361088
v 1.059227 1.105413 1.349442
v 1.062471 1.104406 1.338244
v 1.067739 1.102770 1.327924
v 1.074829 1.100568 1.318878
v 1.083468 1.097885 1.311454
v 1.093324 1.094823 1.305938
v 1.104018 1.091502 1.302541
v 1.128285 1.107666 1.318714
v 1.120397 1.110116 1.317900
v 1.135870 1.105310 1.321123
v 1.142861 1.103139 1.325035
v 1.148988 1.101236 1.330301
v 1.154016 1.099674 1.336717
v 1.157753 1.098514 1.344036
v 1.160054 1.097799 1.351979
v 1.160831 1.097558 1.360239
v 1.160054 1.097799 1.368499
v 1.157753 1.098514 1.376441
v 1.154016 1.099674 1.383761
v 1.148988 1.101236 1.390177
v 1.142861 1.103139 1.395442
v 1.135870 1.105310 1.399354
v 1.128285 1.107666 1.401764
v 1.120397 1.110116 1.402577
v 1.112509 1.112566 1.401764
v 1.104924 1.114922 1.399354
v 1.097934 1.117093 1.395442
v 1.091807 1.118996 1.390177
v 1.086778 1.120558 1.383761
v 1.083042 1.121718 1.376441
v 1.080741 1.122433 1.368499
v 1.079964 1.122674 1.360239
v 1.080741 1.122433 1.351979
v 1.083042 1.121718 1.344036
v 1.086778 1.120558 1.336717
v 1.091807 1.118996 1.330301
v 1.097934 1.117093 1.325035
v 1.104924 1.114922 1.321123
v 1.112509 1.112566 1.318714
v 0.607715 0.825455 -0.421895
v 1.412059 0.575637 -0.421895
v 0.607715 0.825455 -1.422817
v 1.412059 0.575637 -1.422817
v 0.830676 0.699907 -0.746996
v 0.807888 0.706985 -0.744646
v 0.785976 0.713791 -0.737685
v 0.765781 0.720063 -0.726382
v 0.748080 0.725561 -0.711171
v 0.733553 0.730072 -0.692636
v 0.722759 0.733425 -0.671490
v 0.716112 0.735489 -0.648545
v 0.713867 0.736187 -0.624683
v 0.716112 0.735489 -0.600821
v 0.722759 0.733425 -0.577875
v 0.733553 0.730072 -0.556729
v 0.748080 0.725561 -0.538194
v 0.765781 0.720063 -0.522983
v 0.785976 0.713791 -0.511680
v 0.807888 0.706985 -0.504720
v 0.830676 0.699907 -0.502369
v 0.853465 0.692830 -0.504720
v 0.875377 0.686024 -0.511680
v 0.895572 0.679752 -0.522983
v 0.913273 0.674254 -0.538194
v 0.927800 0.669742 -0.556729
v 0.938594 0.666390 -0.577875
v 0.945241 0.664325 -0.600821
v 0.947486 0.663628 -0.624683
v 0.945241 0.664325 -0.648545
v 0.938594 0.666390 -0.671490
v 0.927800 0.669742 -0.692636
v 0.913273 0.674254 -0.711171
v 0.895572 0.679752 -0.726382
v 0.875377 0.686024 -0.737685
v 0.853465 0.692830 -0.744646
v 0.838104 0.800106 -0.738436
v 0.859712 0.793395 -0.740665
v 0.817325 0.806560 -0.731836
v 0.798176 0.812507 -0.721118
v 0.781391 0.817720 -0.706694
v 0.767617 0.821998 -0.689119
v 0.757381 0.825177 -0.669067
v 0.751078 0.827135 -0.647310
v 0.748950 0.827796 -0.624683
v 0.751078 0.827135 -0.602056
v 0.757381 0.825177 -0.580298
v 0.767617 0.821998 -0.560247
v 0.781391 0.817720 -0.542671
v 0.798176 0.812507 -0.528247
v 0.817325 0.806560 -0.517529
v 0.838104 0.800106 -0.510929
v 0.859712 0.793395 -0.508701
v 0.881321 0.786683 -0.510929
v 0.902099 0.780230 -0.517529
v 0.921249 0.774283 -0.528247
v 0.938033 0.769069 -0.542671
v 0.951808 0.764791 -0.560247
v 0.962044 0.761612 -0.580298
v 0.968347 0.759655 -0.602056
v 0.970475 0.758994 -0.624683
v 0.968347 0.759655 -0.647310
v 0.962044 0.761612 -0.669067
v 0.951808 0.764791 -0.689119
v 0.938033 0.769069 -0.706694
v 0.921249 0.774283 -0.721118
v 0.902099 0.780230 -0.731836
v 0.881321 0.786683 -0.738436
v 0.845334 0.813087 -0.723077
v 0.864025 0.807282 -0.725004
v 0.827362 0.818669 -0.717368
v 0.810798 0.823813 -0.708097
v 0.796279 0.828323 -0.695621
v 0.784365 0.832023 -0.680418
v 0.775511 0.834773 -0.663074
v 0.770059 0.836466 -0.644254
v 0.768218 0.837038 -0.624683
v 0.770059 0.836466 -0.605111
v 0.775511 0.834773 -0.586291
v 0.784365 0.832023 -0.568947
v 0.796279 0.828323 -0.553744
v 0.810798 0.823813 -0.541268
v 0.827362 0.818669 -0.531997
v 0.845334 0.813087 -0.526288
v 0.864025 0.807282 -0.524361
v 0.882716 0.801477 -0.526288
v 0.900689 0.795895 -0.531997
v 0.917253 0.790750 -0.541268
v 0.931771 0.786241 -0.553744
v 0.943686 0.782540 -0.568947
v 0.952540 0.779790 -0.586291
v 0.957992 0.778097 -0.605111
v 0.959833 0.777525 -0.624683
v 0.957992 0.778097 -0.644254
v 0.952540 0.779790 -0.663074
v 0.943686 0.782540 -0.680418
v 0.931771 0.786241 -0.695621
v 0.917253 0.790750 -0.708097
v 0.900689 0.795895 -0.717368
v 0.882716 0.801477 -0.723077
v 0.846262 0.807730 -0.710636
v 0.862590 0.802659 -0.712320
v 0.830561 0.812606 -0.705649
v 0.816092 0.817100 -0.697551
v 0.803409 0.821039 -0.686652
v 0.793001 0.824272 -0.673372
v 0.785267 0.826674 -0.658220
v 0.780504 0.828153 -0.641780
v 0.778896 0.828653 -0.624683
v 0.780504 0.828153 -0.607585
v 0.785267 0.826674 -0.591145
v 0.793001 0.824272 -0.575994
v 0.803409 0.821039 -0.562713
v 0.816092 0.817100 -0.551815
v 0.830561 0.812606 -0.543716
v 0.846262 0.807730 -0.538729
v 0.862590 0.802659 -0.537045
v 0.878917 0.797588 -0.538729
v 0.894618 0.792711 -0.543716
v 0.909087 0.788217 -0.551815
v 0.921770 0.784278 -0.562713
v 0.932179 0.781045 -0.575994
v 0.939913 0.778643 -0.591145
v 0.944675 0.777164 -0.607585
v 0.946284 0.776665 -0.624683
v 0.944675 0.777164 -0.641780
v 0.939913 0.778643 -0.658220
v 0.932179 0.781045 -0.673372
v 0.921770 0.784278 -0.686652
v 0.909087 0.788217 -0.697551
v 0.894618 0.792711 -0.705649
v 0.878917 0.797588 -0.710636
v 0.843402 0.783531 -0.688281
v 0.855483 0.779779 -0.689527
v 0.831785 0.787139 -0.684591
v 0.821079 0.790465 -0.678599
v 0.811695 0.793379 -0.670535
v 0.803993 0.795771 -0.660708
v 0.798271 0.797548 -0.649498
v 0.794747 0.798643 -0.637333
v 0.793557 0.799012 -0.624683
v 0.794747 0.798643 -0.612032
v 0.798271 0.797548 -0.599868
v 0.803993 0.795771 -0.588657
v 0.811695 0.793379 -0.578831
v 0.821079 0.790465 -0.570766
v 0.831785 0.787139 -0.564774
v 0.843402 0.783531 -0.561084
v 0.855483 0.779779 -0.559838
v 0.867565 0.776027 -0.561084
v 0.879182 0.772419 -0.564774
v 0.889888 0.769094 -0.570766
v 0.899272 0.766179 -0.578831
v 0.906973 0.763787 -0.588657
v 0.912696 0.762010 -0.599868
v 0.916220 0.760915 -0.612032
v 0.917410 0.760546 -0.624683
v 0.916220 0.760915 -0.637333
v 0.912696 0.762010 -0.649498
v 0.906973 0.763787 -0.660708
v 0.899272 0.766179 -0.670535
v 0.889888 0.769094 -0.678599
v 0.879182 0.772419 -0.684591
v 0.867565 0.776027 -0.688281
v 0.843699 0.773574 -0.672007
v 0.852689 0.770782 -0.672934
v 0.835055 0.776259 -0.669261
v 0.827088 0.778733 -0.664802
v 0.820105 0.780902 -0.658802
v 0.814375 0.782682 -0.651490
v 0.810116 0.784004 -0.643148
v 0.807494 0.784819 -0.634096
v 0.806609 0.785094 -0.624683
v 0.807494 0.784819 -0.615269
v 0.810116 0.784004 -0.606218
v 0.814375 0.782682 -0.597875
v 0.820105 0.780902 -0.590564
v 0.827088 0.778733 -0.584563
v 0.835055 0.776259 -0.580104
v 0.843699 0.773574 -0.577358
v 0.852689 0.770782 -0.576431
v 0.861679 0.767990 -0.577358
v 0.870323 0.765305 -0.580104
v 0.878290 0.762831 -0.584563
v 0.885273 0.760662 -0.590564
v 0.891003 0.758882 -0.597875
v 0.895261 0.757559 -0.606218
v 0.897884 0.756745 -0.615269
v 0.898769 0.756470 -0.624683
v 0.897884 0.756745 -0.634096
v 0.895261 0.757559 -0.643148
v 0.891003 0.758882 -0.651490
v 0.885273 0.760662 -0.658802
v 0.878290 0.762831 -0.664802
v 0.870323 0.765305 -0.669261
v 0.861679 0.767990 -0.672007
v 1.019602 0.755929 -0.301762
v 1.016073 0.744568 -0.395583
v 1.044581 0.748170 -0.299185
v 1.058533 0.731381 -0.391204
v 1.068601 0.740710 -0.291556
v 1.099360 0.718701 -0.378235
v 1.090737 0.733835 -0.279166
v 1.136987 0.707014 -0.357175
v 1.110140 0.727809 -0.262492
v 1.169968 0.696771 -0.328834
v 1.126063 0.722863 -0.242175
v 1.197034 0.688365 -0.294299
v 1.137895 0.719188 -0.218996
v 1.217146 0.682118 -0.254899
v 1.145182 0.716925 -0.193844
v 1.229531 0.678272 -0.212148
v 1.147642 0.716161 -0.167688
v 1.233713 0.676973 -0.167688
v 1.145182 0.716925 -0.141531
v 1.229531 0.678272 -0.123228
v 1.137895 0.719188 -0.116380
v 1.217146 0.682118 -0.080476
v 1.126063 0.722863 -0.093200
v 1.197034 0.688365 -0.041076
v 1.110140 0.727809 -0.072883
v 1.169967 0.696771 -0.006542
v 1.090737 0.733835 -0.056209
v 1.136987 0.707014 0.021800
v 1.068600 0.740710 -0.043820
v 1.099360 0.718701 0.042860
v 1.044581 0.748170 -0.036190
v 1.058532 0.731381 0.055828
v 1.019601 0.755929 -0.033614
v 1.016073 0.744568 0.060207
v 0.994622 0.763687 -0.036190
v 0.973614 0.757756 0.055828
v 0.970603 0.771147 -0.043820
v 0.932786 0.770436 0.042860
v 0.948466 0.778022 -0.056209
v 0.895159 0.782123 0.021800
v 0.929063 0.784048 -0.072883
v 0.862179 0.792366 -0.006542
v 0.913140 0.788994 -0.093200
v 0.835113 0.800772 -0.041076
v 0.901308 0.792669 -0.116380
v 0.815001 0.807019 -0.080476
v 0.894021 0.794932 -0.141531
v 0.802616 0.810865 -0.123228
v 0.891561 0.795696 -0.167688
v 0.798434 0.812164 -0.167688
v 0.894021 0.794932 -0.193844
v 0.802616 0.810865 -0.212148
v 0.901308 0.792669 -0.218996
v 0.815001 0.807019 -0.254899
v 0.913140 0.788994 -0.242175
v 0.835113 0.800772 -0.294299
v 0.929063 0.784048 -0.262492
v 0.862179 0.792366 -0.328834
v 0.948466 0.778022 -0.279166
v 0.895159 0.782123 -0.357175
v 0.970603 0.771147 -0.291556
v 0.932786 0.770436 -0.378235
v 0.994622 0.763687 -0.299185
v 0.973614 0.757756 -0.391204
v 1.019602 0.755929 -0.395583
v 1.062061 0.742741 -0.391204
v 1.102889 0.730061 -0.378235
v 1.140516 0.718374 -0.357175
v 1.173496 0.708131 -0.328834
v 1.200562 0.699725 -0.294299
v 1.220674 0.693478 -0.254899
v 1.233059 0.689632 -0.212148
v 1.237241 0.688333 -0.167688
v 1.233059 0.689632 -0.123228
v 1.220674 0.693478 -0.080476
v 1.200562 0.699725 -0.041076
v 1.173496 0.708131 -0.006542
v 1.140515 0.718374 0.021800
v 1.102888 0.730061 0.042860
v 1.062061 0.742741 0.055828
v 1.019601 0.755929 0.060207
v 0.977142 0.769116 0.055828
v 0.936314 0.781796 0.042860
v 0.898687 0.793483 0.021800
v 0.865707 0.803726 -0.006542
v 0.838641 0.812132 -0.041076
v 0.818529 0.818379 -0.080476
v 0.806144 0.822225 -0.123228
v 0.801962 0.823524 -0.167688
v 0.806144 0.822225 -0.212148
v 0.818529 0.818379 -0.254899
v 0.838641 0.812132 -0.294299
v 0.865707 0.803726 -0.328834
v 0.898688 0.793483 -0.357175
v 0.936315 0.781796 -0.378235
v 0.977142 0.769116 -0.391204
v 1.017248 0.748351 -0.269463
v 1.036210 0.742462 -0.267507
v 1.054443 0.736799 -0.261716
v 1.071247 0.731580 -0.252311
v 1.085975 0.727005 -0.239654
v 1.098063 0.723251 -0.224231
v 1.107045 0.720462 -0.206635
v 1.112576 0.718744 -0.187543
v 1.114443 0.718164 -0.167688
v 1.112576 0.718744 -0.147832
v 1.107045 0.720462 -0.128740
v 1.098063 0.723251 -0.111144
v 1.085975 0.727005 -0.095722
v 1.071247 0.731580 -0.083065
v 1.054443 0.736799 -0.073660
v 1.036210 0.742462 -0.067868
v 1.017248 0.748351 -0.065913
v 0.998286 0.754240 -0.067868
v 0.980053 0.759903 -0.073660
v 0.963249 0.765122 -0.083065
v 0.948521 0.769697 -0.095722
v 0.936433 0.773451 -0.111145
v 0.927451 0.776241 -0.128740
v 0.921921 0.777959 -0.147832
v 0.920053 0.778539 -0.167688
v 0.921921 0.777959 -0.187543
v 0.927452 0.776241 -0.206635
v 0.936433 0.773451 -0.224231
v 0.948521 0.769697 -0.239654
v 0.963249 0.765122 -0.252311
v 0.980053 0.759903 -0.261716
v 0.998286 0.754240 -0.267507
v 1.017248 0.748351 -0.301762
v 1.042228 0.740593 -0.299185
v 1.066247 0.733133 -0.291556
v 1.088384 0.726258 -0.279166
v 1.107786 0.720231 -0.262492
v 1.123710 0.715286 -0.242175
v 1.135542 0.711611 -0.218996
v 1.142828 0.709348 -0.193844
v 1.145288 0.708584 -0.167688
v 1.142828 0.709348 -0.141531
v 1.135542 0.711611 -0.116380
v 1.123710 0.715286 -0.093200
v 1.107786 0.720231 -0.072883
v 1.088383 0.726258 -0.056209
v 1.066247 0.733133 -0.043820
v 1.042228 0.740593 -0.036190
v 1.017248 0.748351 -0.033614
v 0.992269 0.756109 -0.036190
v 0.968249 0.763570 -0.043820
v 0.946113 0.770445 -0.056209
v 0.926710 0.776471 -0.072883
v 0.910786 0.781417 -0.093200
v 0.898954 0.785092 -0.116380
v 0.891668 0.787355 -0.141531
v 0.889208 0.788119 -0.167688
v 0.891668 0.787355 -0.193844
v 0.898954 0.785092 -0.218996
v 0.910786 0.781417 -0.242175
v 0.926710 0.776471 -0.262492
v 0.946113 0.770445 -0.279166
v 0.968249 0.763570 -0.291556
v 0.992269 0.756109 -0.299185
v 1.016391 0.745591 -0.269463
v 1.035353 0.739702 -0.267507
v 1.053586 0.734039 -0.261716
v 1.070390 0.728820 -0.252311
v 1.085118 0.724245 -0.239654
v 1.097206 0.720491 -0.224231
v 1.106187 0.717702 -0.206635
v 1.111718 0.715984 -0.187543
v 1.113586 0.715404 -0.167688
v 1.111718 0.715984 -0.147832
v 1.106187 0.717702 -0.128740
v 1.097206 0.720491 -0.111144
v 1.085118 0.724245 -0.095722
v 1.070390 0.728820 -0.083065
v 1.053586 0.734039 -0.073660
v 1.035353 0.739702 -0.067868
v 1.016391 0.745591 -0.065913
v 0.997429 0.751480 -0.067868
v 0.979196 0.757143 -0.073660
v 0.962392 0.762362 -0.083065
v 0.947663 0.766937 -0.095722
v 0.935576 0.770691 -0.111145
v 0.926594 0.773481 -0.128740
v 0.921063 0.775198 -0.147832
v 0.919196 0.775778 -0.167688
v 0.921063 0.775198 -0.187543
v 0.926594 0.773481 -0.206635
v 0.935576 0.770691 -0.224231
v 0.947664 0.766937 -0.239654
v 0.962392 0.762362 -0.252311
v 0.979196 0.757143 -0.261716
v 0.997429 0.751480 -0.267507
v 1.015401 0.742402 -0.207742
v 1.083525 0.961743 -0.212397
v 1.022864 0.740085 -0.206972
v 1.091855 0.959156 -0.211538
v 1.030039 0.737856 -0.204693
v 1.099864 0.956668 -0.208993
v 1.036653 0.735802 -0.200991
v 1.107246 0.954375 -0.204862
v 1.042449 0.734002 -0.196010
v 1.113716 0.952366 -0.199302
v 1.047206 0.732524 -0.189941
v 1.119026 0.950717 -0.192527
v 1.050741 0.731426 -0.183016
v 1.122972 0.949491 -0.184797
v 1.052918 0.730750 -0.175502
v 1.125402 0.948737 -0.176410
v 1.053653 0.730522 -0.167688
v 1.126222 0.948482 -0.167688
v 1.052918 0.730750 -0.159874
v 1.125402 0.948737 -0.158966
v 1.050741 0.731426 -0.152360
v 1.122972 0.949491 -0.150578
v 1.047206 0.732524 -0.145435
v 1.119026 0.950717 -0.142849
v 1.042449 0.734002 -0.139365
v 1.113716 0.952366 -0.136074
v 1.036653 0.735802 -0.134384
v 1.107246 0.954375 -0.130514
v 1.030039 0.737856 -0.130683
v 1.099864 0.956668 -0.126382
v 1.022864 0.740085 -0.128404
v 1.091855 0.959156 -0.123838
v 1.015401 0.742402 -0.127634
v 1.083525 0.961743 -0.122979
v 1.007939 0.744720 -0.128404
v 1.075195 0.964330 -0.123838
v 1.000763 0.746949 -0.130683
v 1.067186 0.966818 -0.126382
v 0.994150 0.749003 -0.134384
v 1.059804 0.969110 -0.130514
v 0.988353 0.750803 -0.139365
v 1.053334 0.971120 -0.136074
v 0.983596 0.752280 -0.145435
v 1.048024 0.972769 -0.142849
v 0.980062 0.753378 -0.152360
v 1.044078 0.973994 -0.150578
v 0.977885 0.754054 -0.159874
v 1.041649 0.974749 -0.158966
v 0.977150 0.754283 -0.167688
v 1.040828 0.975004 -0.167688
v 0.977885 0.754054 -0.175502
v 1.041649 0.974749 -0.176410
v 0.980062 0.753378 -0.183016
v 1.044078 0.973994 -0.184797
v 0.983596 0.752280 -0.189941
v 1.048024 0.972769 -0.192527
v 0.988353 0.750803 -0.196010
v 1.053334 0.971120 -0.199302
v 0.994150 0.749003 -0.200991
v 1.059804 0.969110 -0.204862
v 1.000763 0.746949 -0.204693
v 1.067186 0.966818 -0.208993
v 1.007939 0.744720 -0.206972
v 1.075195 0.964330 -0.211538
v 1.094704 0.958271 -0.226537
v 1.083525 0.961743 -0.227690
v 1.105454 0.954932 -0.223123
v 1.115360 0.951855 -0.217578
v 1.124044 0.949158 -0.210116
v 1.131170 0.946945 -0.201023
v 1.136465 0.945300 -0.190650
v 1.139726 0.944287 -0.179394
v 1.140827 0.943946 -0.167688
v 1.139726 0.944287 -0.155982
v 1.136465 0.945300 -0.144726
v 1.131170 0.946945 -0.134352
v 1.124044 0.949158 -0.125260
v 1.115360 0.951855 -0.117798
v 1.105454 0.954932 -0.112253
v 1.094704 0.958271 -0.108838
v 1.083525 0.961743 -0.107686
v 1.072346 0.965215 -0.108838
v 1.061597 0.968553 -0.112253
v 1.051690 0.971630 -0.117798
v 1.043006 0.974327 -0.125260
v 1.035880 0.976541 -0.134352
v 1.030585 0.978185 -0.144726
v 1.027324 0.979198 -0.155982
v 1.026223 0.979540 -0.167688
v 1.027324 0.979198 -0.179394
v 1.030585 0.978185 -0.190650
v 1.035880 0.976541 -0.201023
v 1.043006 0.974327 -0.210116
v 1.051690 0.971630 -0.217578
v 1.061597 0.968553 -0.223123
v 1.072346 0.965215 -0.226537
v 1.051520 0.825719 -0.216857
v 1.042179 0.828620 -0.217821
v 1.060501 0.822929 -0.214005
v 1.068778 0.820359 -0.209372
v 1.076033 0.818105 -0.203137
v 1.081987 0.816256 -0.195540
v 1.086412 0.814882 -0.186873
v 1.089136 0.814036 -0.177468
v 1.090056 0.813750 -0.167688
v 1.089136 0.814036 -0.157907
v 1.086412 0.814882 -0.148503
v 1.081987 0.816256 -0.139835
v 1.076033 0.818105 -0.132239
v 1.068778 0.820359 -0.126004
v 1.060501 0.822929 -0.121371
v 1.051520 0.825719 -0.118518
v 1.042179 0.828620 -0.117555
v 1.032839 0.831521 -0.118518
v 1.023857 0.834310 -0.121371
v 1.015580 0.836881 -0.126004
v 1.008325 0.839134 -0.132239
v 1.002371 0.840984 -0.139835
v 0.997947 0.842358 -0.148503
v 0.995222 0.843204 -0.157907
v 0.994302 0.843490 -0.167688
v 0.995222 0.843204 -0.177468
v 0.997947 0.842358 -0.186873
v 1.002371 0.840984 -0.195540
v 1.008325 0.839134 -0.203137
v 1.015580 0.836881 -0.209372
v 1.023857 0.834310 -0.214005
v 1.032839 0.831521 -0.216857
v 1.115533 1.021945 -0.231588
v 1.103394 1.025716 -0.232840
v 1.127205 1.018320 -0.227880
v 1.137962 1.014979 -0.221860
v 1.147390 1.012051 -0.213757
v 1.155128 1.009648 -0.203884
v 1.160878 1.007862 -0.192620
v 1.164419 1.006762 -0.180398
v 1.165614 1.006391 -0.167688
v 1.164419 1.006762 -0.154977
v 1.160878 1.007862 -0.142755
v 1.155128 1.009648 -0.131491
v 1.147390 1.012051 -0.121618
v 1.137962 1.014979 -0.113516
v 1.127205 1.018320 -0.107495
v 1.115533 1.021945 -0.103788
v 1.103394 1.025716 -0.102536
v 1.091256 1.029486 -0.103788
v 1.079584 1.033111 -0.107495
v 1.068827 1.036452 -0.113516
v 1.059398 1.039380 -0.121618
v 1.051660 1.041783 -0.131491
v 1.045910 1.043569 -0.142755
v 1.042370 1.044669 -0.154977
v 1.041174 1.045040 -0.167688
v 1.042370 1.044669 -0.180398
v 1.045910 1.043569 -0.192620
v 1.051660 1.041783 -0.203884
v 1.059398 1.039380 -0.213757
v 1.068827 1.036452 -0.221860
v 1.079584 1.033111 -0.227880
v 1.091256 1.029486 -0.231588
v 1.127825 1.058636 -0.235894
v 1.114869 1.062660 -0.237231
v 1.140284 1.054766 -0.231937
v 1.151766 1.051200 -0.225511
v 1.161830 1.048074 -0.216862
v 1.170089 1.045509 -0.206324
v 1.176226 1.043603 -0.194301
v 1.180006 1.042429 -0.181255
v 1.181282 1.042033 -0.167688
v 1.180006 1.042429 -0.154121
v 1.176226 1.043603 -0.141075
v 1.170089 1.045509 -0.129052
v 1.161830 1.048074 -0.118514
v 1.151766 1.051200 -0.109865
v 1.140284 1.054766 -0.103439
v 1.127825 1.058636 -0.099481
v 1.114869 1.062660 -0.098145
v 1.101912 1.066684 -0.099481
v 1.089453 1.070554 -0.103439
v 1.077971 1.074120 -0.109865
v 1.067907 1.077246 -0.118514
v 1.059648 1.079811 -0.129052
v 1.053511 1.081717 -0.141075
v 1.049731 1.082891 -0.154121
v 1.048455 1.083287 -0.167688
v 1.049731 1.082891 -0.181255
v 1.053511 1.081717 -0.194301
v 1.059648 1.079811 -0.206324
v 1.067907 1.077246 -0.216862
v 1.077971 1.074120 -0.225511
v 1.089453 1.070554 -0.231937
v 1.101912 1.066684 -0.235894
v 1.126262 1.084593 -0.230287
v 1.115140 1.088048 -0.231434
v 1.136956 1.081272 -0.226890
v 1.146812 1.078211 -0.221373
v 1.155451 1.075528 -0.213950
v 1.162541 1.073326 -0.204904
v 1.167809 1.071689 -0.194583
v 1.171053 1.070682 -0.183385
v 1.172148 1.070342 -0.171739
v 1.171053 1.070682 -0.160093
v 1.167809 1.071689 -0.148895
v 1.162541 1.073326 -0.138574
v 1.155451 1.075528 -0.129528
v 1.146812 1.078211 -0.122105
v 1.136956 1.081272 -0.116588
v 1.126262 1.084593 -0.113191
v 1.115140 1.088048 -0.112044
v 1.104018 1.091502 -0.113191
v 1.093324 1.094823 -0.116588
v 1.083468 1.097885 -0.122105
v 1.074829 1.100568 -0.129528
v 1.067739 1.102770 -0.138574
v 1.062471 1.104406 -0.148895
v 1.059227 1.105413 -0.160093
v 1.058131 1.105754 -0.171739
v 1.059227 1.105413 -0.183385
v 1.062471 1.104406 -0.194583
v 1.067739 1.102770 -0.204904
v 1.074829 1.100568 -0.213950
v 1.083468 1.097885 -0.221373
v 1.093324 1.094823 -0.226890
v 1.104018 1.091502 -0.230287
v 1.128285 1.107666 -0.214114
v 1.120397 1.110116 -0.214927
v 1.135870 1.105310 -0.211704
v 1.142861 1.103139 -0.207792
v 1.148988 1.101236 -0.202526
v 1.154016 1.099674 -0.196111
v 1.157753 1.098514 -0.188791
v 1.160054 1.097799 -0.180848
v 1.160831 1.097558 -0.172589
v 1.160054 1.097799 -0.164329
v 1.157753 1.098514 -0.156386
v 1.154016 1.099674 -0.149066
v 1.148988 1.101236 -0.142651
v 1.142861 1.103139 -0.137385
v 1.135870 1.105310 -0.133473
v 1.128285 1.107666 -0.131063
v 1.120397 1.110116 -0.130250
v 1.112509 1.112566 -0.131063
v 1.104924 1.114922 -0.133473
v 1.097934 1.117093 -0.137385
v 1.091807 1.118996 -0.142651
v 1.086778 1.120557 -0.149066
v 1.083042 1.121718 -0.156386
v 1.080741 1.122432 -0.164329
v 1.079964 1.122674 -0.172589
v 1.080741 1.122432 -0.180848
v 1.083042 1.121718 -0.188791
v 1.086778 1.120557 -0.196111
v 1.091807 1.118996 -0.202526
v 1.097934 1.117093 -0.207792
v 1.104924 1.114922 -0.211704
v 1.112509 1.112566 -0.214114
v -1.151215 3.508194 0.692457
v -1.247509 3.699654 0.692457
v -1.151215 3.508193 -0.692457
v -1.247510 3.699654 -0.692457
v 0.355556 0.823398 0.138097
v 0.332768 0.830475 0.140447
v 0.310855 0.837281 0.147408
v 0.290661 0.843553 0.158711
v 0.272960 0.849051 0.173922
v 0.258433 0.853563 0.192457
v 0.247639 0.856915 0.213603
v 0.240992 0.858980 0.236548
v 0.238747 0.859677 0.260410
v 0.240992 0.858980 0.284273
v 0.247639 0.856915 0.307218
v 0.258433 0.853563 0.328364
v 0.272960 0.849051 0.346899
v 0.290661 0.843553 0.362110
v 0.310855 0.837281 0.373413
v 0.332768 0.830475 0.380374
v 0.355556 0.823398 0.382724
v 0.378345 0.816320 0.380374
v 0.400257 0.809514 0.373413
v 0.420452 0.803242 0.362110
v 0.438153 0.797744 0.346899
v 0.452679 0.793233 0.328364
v 0.463474 0.789880 0.307218
v 0.470121 0.787816 0.284273
v 0.472365 0.787118 0.260410
v 0.470121 0.787816 0.236548
v 0.463474 0.789880 0.213603
v 0.452679 0.793233 0.192457
v 0.438153 0.797744 0.173922
v 0.420452 0.803242 0.158711
v 0.400257 0.809514 0.147408
v 0.378345 0.816320 0.140447
v 0.362322 0.921467 0.146657
v 0.383931 0.914756 0.144429
v 0.341544 0.927921 0.153257
v 0.322394 0.933868 0.163975
v 0.305610 0.939081 0.178399
v 0.291835 0.943360 0.195974
v 0.281600 0.946539 0.216026
v 0.275297 0.948496 0.237784
v 0.273168 0.949157 0.260410
v 0.275297 0.948496 0.283037
v 0.281600 0.946539 0.304795
v 0.291835 0.943360 0.324847
v 0.305610 0.939081 0.342422
v 0.322394 0.933868 0.356846
v 0.341544 0.927921 0.367564
v 0.362322 0.921467 0.374164
v 0.383931 0.914756 0.376392
v 0.405540 0.908045 0.374164
v 0.426318 0.901591 0.367564
v 0.445467 0.895644 0.356846
v 0.462252 0.890431 0.342422
v 0.476027 0.886153 0.324847
v 0.486262 0.882973 0.304795
v 0.492565 0.881016 0.283037
v 0.494694 0.880355 0.260410
v 0.492565 0.881016 0.237784
v 0.486262 0.882973 0.216026
v 0.476027 0.886153 0.195974
v 0.462252 0.890431 0.178399
v 0.445467 0.895644 0.163975
v 0.426318 0.901591 0.153257
v 0.405540 0.908045 0.146657
v 0.369455 0.934132 0.162016
v 0.388146 0.928327 0.160089
v 0.351482 0.939714 0.167725
v 0.334918 0.944859 0.176996
v 0.320400 0.949368 0.189472
v 0.308485 0.953068 0.204675
v 0.299631 0.955818 0.222019
v 0.294179 0.957511 0.240839
v 0.292338 0.958083 0.260410
v 0.294179 0.957511 0.279982
v 0.299631 0.955818 0.298802
v 0.308485 0.953068 0.316146
v 0.320400 0.949368 0.331349
v 0.334918 0.944859 0.343825
v 0.351482 0.939714 0.353096
v 0.369455 0.934132 0.358805
v 0.388146 0.928327 0.360732
v 0.406837 0.922522 0.358805
v 0.424810 0.916940 0.353096
v 0.441373 0.911795 0.343825
v 0.455892 0.907286 0.331349
v 0.467807 0.903585 0.316146
v 0.476660 0.900836 0.298802
v 0.482112 0.899142 0.279982
v 0.483953 0.898570 0.260410
v 0.482112 0.899142 0.240839
v 0.476660 0.900836 0.222019
v 0.467807 0.903585 0.204675
v 0.455892 0.907286 0.189472
v 0.441373 0.911795 0.176996
v 0.424810 0.916940 0.167725
v 0.406837 0.922522 0.162016
v 0.370415 0.928880 0.174457
v 0.386743 0.923809 0.172773
v 0.354714 0.933757 0.179444
v 0.340245 0.938251 0.187542
v 0.327562 0.942190 0.198441
v 0.317154 0.945422 0.211722
v 0.309419 0.947825 0.226873
v 0.304657 0.949304 0.243313
v 0.303049 0.949803 0.260410
v 0.304657 0.949304 0.277508
v 0.309419 0.947825 0.293948
v 0.317154 0.945422 0.309099
v 0.327562 0.942190 0.322380
v 0.340245 0.938251 0.333279
v 0.354714 0.933757 0.341377
v 0.370415 0.928880 0.346364
v 0.386743 0.923809 0.348048
v 0.403070 0.918738 0.346364
v 0.418771 0.913862 0.341377
v 0.433240 0.909368 0.333279
v 0.445923 0.905429 0.322380
v 0.456332 0.902196 0.309099
v 0.464066 0.899794 0.293948
v 0.468828 0.898314 0.277508
v 0.470437 0.897815 0.260410
v 0.468828 0.898314 0.243313
v 0.464066 0.899794 0.226873
v 0.456332 0.902196 0.211722
v 0.445923 0.905429 0.198441
v 0.433240 0.909368 0.187542
v 0.418771 0.913862 0.179444
v 0.403070 0.918738 0.174457
v 0.367717 0.905203 0.196812
v 0.379798 0.901450 0.195566
v 0.356100 0.908811 0.200502
v 0.345394 0.912136 0.206494
v 0.336010 0.915051 0.214559
v 0.328308 0.917442 0.224385
v 0.322586 0.919220 0.235596
v 0.319062 0.920314 0.247760
v 0.317872 0.920684 0.260410
v 0.319062 0.920314 0.273061
v 0.322586 0.919220 0.285225
v 0.328308 0.917442 0.296436
v 0.336010 0.915051 0.306262
v 0.345394 0.912136 0.314327
v 0.356100 0.908811 0.320319
v 0.367717 0.905203 0.324009
v 0.379798 0.901450 0.325255
v 0.391879 0.897698 0.324009
v 0.403496 0.894090 0.320319
v 0.414203 0.890765 0.314327
v 0.423587 0.887850 0.306262
v 0.431288 0.885458 0.296436
v 0.437011 0.883681 0.285225
v 0.440535 0.882586 0.273061
v 0.441725 0.882217 0.260410
v 0.440535 0.882586 0.247760
v 0.437011 0.883681 0.235596
v 0.431288 0.885458 0.224385
v 0.423587 0.887850 0.214559
v 0.414203 0.890765 0.206494
v 0.403496 0.894090 0.200502
v 0.391879 0.897698 0.196812
v 0.368077 0.895450 0.213086
v 0.377067 0.892658 0.212159
v 0.359433 0.898135 0.215832
v 0.351466 0.900609 0.220291
v 0.344484 0.902778 0.226291
v 0.338753 0.904558 0.233603
v 0.334495 0.905881 0.241945
v 0.331872 0.906695 0.250997
v 0.330987 0.906970 0.260410
v 0.331872 0.906695 0.269824
v 0.334495 0.905881 0.278876
v 0.338753 0.904558 0.287218
v 0.344484 0.902778 0.294530
v 0.351466 0.900609 0.300530
v 0.359433 0.898135 0.304989
v 0.368077 0.895450 0.307735
v 0.377067 0.892658 0.308662
v 0.386057 0.889866 0.307735
v 0.394701 0.887181 0.304989
v 0.402668 0.884707 0.300530
v 0.409651 0.882538 0.294530
v 0.415382 0.880758 0.287218
v 0.419640 0.879436 0.278876
v 0.422262 0.878621 0.269824
v 0.423148 0.878346 0.260410
v 0.422262 0.878621 0.250997
v 0.419640 0.879436 0.241945
v 0.415382 0.880758 0.233603
v 0.409651 0.882538 0.226291
v 0.402668 0.884707 0.220291
v 0.394701 0.887181 0.215832
v 0.386057 0.889866 0.213086
v 0.355556 0.823398 -0.625629
v 0.332768 0.830475 -0.623278
v 0.310855 0.837281 -0.616318
v 0.290661 0.843553 -0.605015
v 0.272960 0.849051 -0.589804
v 0.258433 0.853563 -0.571269
v 0.247639 0.856915 -0.550123
v 0.240992 0.858980 -0.527177
v 0.238747 0.859677 -0.503315
v 0.240992 0.858980 -0.479453
v 0.247639 0.856915 -0.456508
v 0.258433 0.853563 -0.435362
v 0.272960 0.849051 -0.416827
v 0.290661 0.843553 -0.401615
v 0.310855 0.837281 -0.390313
v 0.332768 0.830475 -0.383352
v 0.355556 0.823398 -0.381002
v 0.378345 0.816320 -0.383352
v 0.400257 0.809514 -0.390313
v 0.420452 0.803242 -0.401615
v 0.438153 0.797744 -0.416827
v 0.452679 0.793233 -0.435362
v 0.463474 0.789880 -0.456508
v 0.470121 0.787816 -0.479453
v 0.472365 0.787118 -0.503315
v 0.470121 0.787816 -0.527177
v 0.463474 0.789880 -0.550123
v 0.452679 0.793233 -0.571269
v 0.438153 0.797744 -0.589804
v 0.420452 0.803242 -0.605015
v 0.400257 0.809514 -0.616318
v 0.378345 0.816320 -0.623278
v 0.362322 0.921467 -0.617069
v 0.383931 0.914756 -0.619297
v 0.341544 0.927921 -0.610469
v 0.322394 0.933868 -0.599751
v 0.305610 0.939081 -0.585327
v 0.291835 0.943360 -0.567751
v 0.281600 0.946539 -0.547700
v 0.275297 0.948496 -0.525942
v 0.273168 0.949157 -0.503315
v 0.275297 0.948496 -0.480688
v 0.281600 0.946539 -0.458931
v 0.291835 0.943360 -0.438879
v 0.305610 0.939081 -0.421304
v 0.322394 0.933868 -0.406880
v 0.341544 0.927921 -0.396162
v 0.362322 0.921467 -0.389562
v 0.383931 0.914756 -0.387333
v 0.405540 0.908045 -0.389562
v 0.426318 0.901591 -0.396162
v 0.445467 0.895644 -0.406880
v 0.462252 0.890431 -0.421304
v 0.476027 0.886153 -0.438879
v 0.486262 0.882973 -0.458931
v 0.492565 0.881016 -0.480688
v 0.494694 0.880355 -0.503315
v 0.492565 0.881016 -0.525942
v 0.486262 0.882973 -0.547700
v 0.476027 0.886153 -0.567751
v 0.462252 0.890431 -0.585327
v 0.445467 0.895644 -0.599751
v 0.426318 0.901591 -0.610469
v 0.405540 0.908045 -0.617069
v 0.369455 0.934132 -0.601709
v 0.388146 0.928327 -0.603637
v 0.351482 0.939714 -0.596001
v 0.334918 0.944859 -0.586730
v 0.320400 0.949368 -0.574254
v 0.308485 0.953068 -0.559051
v 0.299631 0.955818 -0.541707
v 0.294179 0.957511 -0.522887
v 0.292338 0.958083 -0.503315
v 0.294179 0.957511 -0.483743
v 0.299631 0.955818 -0.464924
v 0.308485 0.953068 -0.447579
v 0.320400 0.949368 -0.432377
v 0.334918 0.944859 -0.419901
v 0.351482 0.939714 -0.410630
v 0.369455 0.934132 -0.404921
v 0.388146 0.928327 -0.402993
v 0.406837 0.922522 -0.404921
v 0.424810 0.916940 -0.410630
v 0.441373 0.911795 -0.419901
v 0.455892 0.907286 -0.432377
v 0.467807 0.903585 -0.447579
v 0.476660 0.900836 -0.464924
v 0.482112 0.899142 -0.483743
v 0.483953 0.898570 -0.503315
v 0.482112 0.899142 -0.522887
v 0.476660 0.900836 -0.541707
v 0.467807 0.903585 -0.559051
v 0.455892 0.907286 -0.574254
v 0.441373 0.911795 -0.586730
v 0.424810 0.916940 -0.596001
v 0.406837 0.922522 -0.601709
v 0.370415 0.928880 -0.589269
v 0.386743 0.923809 -0.590953
v 0.354714 0.933757 -0.584282
v 0.340245 0.938251 -0.576183
v 0.327562 0.942190 -0.565284
v 0.317154 0.945422 -0.552004
v 0.309419 0.947825 -0.536853
v 0.304657 0.949304 -0.520413
v 0.303049 0.949803 -0.503315
v 0.304657 0.949304 -0.486218
v 0.309419 0.947825 -0.469778
v 0.317154 0.945422 -0.454626
v 0.327562 0.942190 -0.441346
v 0.340245 0.938251 -0.430447
v 0.354714 0.933757 -0.422349
v 0.370415 0.928880 -0.417361
v 0.386743 0.923809 -0.415678
v 0.403070 0.918738 -0.417361
v 0.418771 0.913862 -0.422349
v 0.433240 0.909368 -0.430447
v 0.445923 0.905429 -0.441346
v 0.456332 0.902196 -0.454626
v 0.464066 0.899794 -0.469778
v 0.468828 0.898314 -0.486218
v 0.470437 0.897815 -0.503315
v 0.468828 0.898314 -0.520413
v 0.464066 0.899794 -0.536853
v 0.456332 0.902196 -0.552004
v 0.445923 0.905429 -0.565284
v 0.433240 0.909368 -0.576183
v 0.418771 0.913862 -0.584282
v 0.403070 0.918738 -0.589269
v 0.367717 0.905203 -0.566914
v 0.379798 0.901450 -0.568160
v 0.356100 0.908811 -0.563224
v 0.345394 0.912136 -0.557231
v 0.336010 0.915051 -0.549167
v 0.328308 0.917442 -0.539341
v 0.322586 0.919220 -0.528130
v 0.319062 0.920314 -0.515966
v 0.317872 0.920684 -0.503315
v 0.319062 0.920314 -0.490665
v 0.322586 0.919220 -0.478500
v 0.328308 0.917442 -0.467290
v 0.336010 0.915051 -0.457463
v 0.345394 0.912136 -0.449399
v 0.356100 0.908811 -0.443407
v 0.367717 0.905203 -0.439717
v 0.379798 0.901450 -0.438471
v 0.391879 0.897698 -0.439717
v 0.403496 0.894090 -0.443407
v 0.414203 0.890765 -0.449399
v 0.423587 0.887850 -0.457463
v 0.431288 0.885458 -0.467290
v 0.437011 0.883681 -0.478500
v 0.440535 0.882586 -0.490665
v 0.441725 0.882217 -0.503315
v 0.440535 0.882586 -0.515966
v 0.437011 0.883681 -0.528130
v 0.431288 0.885458 -0.539341
v 0.423587 0.887850 -0.549167
v 0.414203 0.890765 -0.557231
v 0.403496 0.894090 -0.563224
v 0.391879 0.897698 -0.566914
v 0.368077 0.895450 -0.550640
v 0.377067 0.892658 -0.551567
v 0.359433 0.898135 -0.547894
v 0.351466 0.900609 -0.543435
v 0.344484 0.902778 -0.537434
v 0.338753 0.904558 -0.530122
v 0.334495 0.905881 -0.521780
v 0.331872 0.906695 -0.512729
v 0.330987 0.906970 -0.503315
v 0.331872 0.906695 -0.493902
v 0.334495 0.905881 -0.484850
v 0.338753 0.904558 -0.476508
v 0.344484 0.902778 -0.469196
v 0.351466 0.900609 -0.463195
v 0.359433 0.898135 -0.458737
v 0.368077 0.895450 -0.455991
v 0.377067 0.892658 -0.455064
v 0.386057 0.889866 -0.455991
v 0.394701 0.887181 -0.458737
v 0.402668 0.884707 -0.463195
v 0.409651 0.882538 -0.469196
v 0.415382 0.880758 -0.476508
v 0.419640 0.879436 -0.484850
v 0.422262 0.878621 -0.493902
v 0.423148 0.878346 -0.503315
v 0.422262 0.878621 -0.512729
v 0.419640 0.879436 -0.521780
v 0.415382 0.880758 -0.530122
v 0.409651 0.882538 -0.537434
v 0.402668 0.884707 -0.543435
v 0.394701 0.887181 -0.547894
v 0.386057 0.889866 -0.550640
v -0.135105 5.850713 1.527367
v -0.135105 4.824581 1.527368
v -0.135105 4.824581 -1.527368
v -0.135105 5.850713 -1.527368
v 0.193155 1.000000 -1.669155
v 1.178826 -1.000000 -1.669155
v 1.992782 0.454044 -1.669155
v 1.992782 -0.212623 -1.669155
v 1.178826 -4.252056 -1.669155
v -1.040749 3.701496 -1.669155
v -0.010594 4.565521 -1.669155
v -0.010594 6.109773 -1.669155
v -0.010594 5.921484 -1.669155
v -0.010594 4.753810 -1.669155
v 0.193155 1.000000 -1.828399
v 1.178826 -1.000000 -1.828399
v 1.992782 0.454044 -1.828399
v 1.992782 -0.212623 -1.828399
v 1.178826 -4.252056 -1.828399
v -1.040749 3.701496 -1.828399
v -0.010594 4.565521 -1.828399
v -0.010594 6.109773 -1.828399
v -0.010594 5.921484 -1.828399
v -0.010594 4.753810 -1.828399
v -2.660256 -0.192269 -1.669155
v -2.660256 -0.979646 -1.669155
v -2.660256 1.020354 -1.669155
v -2.660256 0.474397 -1.669155
v -2.660256 -4.231702 -1.669155
v -2.660256 3.721849 -1.669155
v -2.660256 4.585875 -1.669155
v -2.660256 4.774164 -1.669155
v -2.660256 5.055075 -1.669155
v -1.057036 6.117811 -1.669155
v -2.660256 -0.192269 -1.828399
v -2.660256 -0.979646 -1.828399
v -2.660256 1.020354 -1.828399
v -2.660256 0.474397 -1.828399
v -2.660256 -4.231702 -1.828399
v -2.660256 3.721849 -1.828399
v -2.660256 4.585875 -1.828399
v -2.660256 4.774164 -1.828399
v -2.660256 5.055075 -1.828399
v -1.057036 6.117811 -1.828399
v 1.157742 0.598326 -0.746996
v 1.134954 0.605403 -0.744646
v 1.180530 0.591248 -0.744646
v 1.186778 0.691813 -0.740665
v 1.165169 0.698524 -0.738436
v 1.208387 0.685102 -0.738436
v 1.191091 0.705700 -0.725004
v 1.172400 0.711505 -0.723077
v 1.209782 0.699895 -0.723077
v 1.189655 0.701077 -0.712320
v 1.173327 0.706148 -0.710636
v 1.205983 0.696006 -0.710636
v 1.182549 0.678197 -0.689527
v 1.170467 0.681950 -0.688281
v 1.194630 0.674445 -0.688281
v 1.179754 0.669200 -0.672934
v 1.170764 0.671992 -0.672007
v 1.188744 0.666408 -0.672007
v 1.197388 0.663723 -0.669261
v 1.205355 0.661249 -0.664802
v 1.206247 0.670837 -0.684591
v 1.216953 0.667512 -0.678599
v 1.221683 0.691130 -0.705649
v 1.236153 0.686635 -0.697551
v 1.227755 0.694313 -0.717368
v 1.244318 0.689168 -0.708097
v 1.229165 0.678648 -0.731836
v 1.248314 0.672701 -0.721118
v 1.202443 0.584442 -0.737685
v 1.222638 0.578170 -0.726382
v 1.240338 0.572672 -0.711171
v 1.254865 0.568161 -0.692636
v 1.265099 0.667488 -0.706694
v 1.278874 0.663209 -0.689119
v 1.258837 0.684659 -0.695621
v 1.270752 0.680959 -0.680418
v 1.248836 0.682696 -0.686652
v 1.259244 0.679464 -0.673372
v 1.226337 0.664597 -0.670535
v 1.234039 0.662205 -0.660708
v 1.212338 0.659080 -0.658802
v 1.218069 0.657300 -0.651490
v 1.222327 0.655978 -0.643148
v 1.224949 0.655163 -0.634096
v 1.239761 0.660428 -0.649498
v 1.243285 0.659333 -0.637333
v 1.266978 0.677062 -0.658220
v 1.271741 0.675582 -0.641780
v 1.279605 0.678209 -0.663074
v 1.285057 0.676515 -0.644254
v 1.289109 0.660030 -0.669067
v 1.295412 0.658073 -0.647310
v 1.265659 0.564808 -0.671490
v 1.272307 0.562744 -0.648545
v 1.274551 0.562046 -0.624683
v 1.272307 0.562744 -0.600821
v 1.297540 0.657412 -0.624683
v 1.295412 0.658073 -0.602056
v 1.286898 0.675944 -0.624683
v 1.285057 0.676515 -0.605111
v 1.273349 0.675083 -0.624683
v 1.271741 0.675582 -0.607585
v 1.244475 0.658964 -0.624683
v 1.243285 0.659333 -0.612032
v 1.225834 0.654888 -0.624683
v 1.224949 0.655163 -0.615269
v 1.222327 0.655978 -0.606218
v 1.218069 0.657300 -0.597875
v 1.239761 0.660428 -0.599868
v 1.234039 0.662205 -0.588657
v 1.266978 0.677062 -0.591145
v 1.259244 0.679464 -0.575994
v 1.279605 0.678209 -0.586291
v 1.270752 0.680959 -0.568947
v 1.289109 0.660030 -0.580298
v 1.278874 0.663209 -0.560247
v 1.265659 0.564808 -0.577875
v 1.254865 0.568161 -0.556729
v 1.240338 0.572672 -0.538194
v 1.222638 0.578170 -0.522983
v 1.265099 0.667488 -0.542671
v 1.248314 0.672701 -0.528247
v 1.258837 0.684659 -0.553744
v 1.244318 0.689168 -0.541268
v 1.248836 0.682696 -0.562713
v 1.236153 0.686635 -0.551815
v 1.226337 0.664597 -0.578831
v 1.216953 0.667512 -0.570766
v 1.212338 0.659080 -0.590564
v 1.205355 0.661249 -0.584563
v 1.197388 0.663723 -0.580104
v 1.188744 0.666408 -0.577358
v 1.206247 0.670837 -0.564774
v 1.194630 0.674445 -0.561084
v 1.221683 0.691130 -0.543716
v 1.205983 0.696006 -0.538729
v 1.227755 0.694313 -0.531997
v 1.209782 0.699895 -0.526288
v 1.229165 0.678648 -0.517529
v 1.208387 0.685102 -0.510929
v 1.202443 0.584442 -0.511680
v 1.180530 0.591248 -0.504720
v 1.157742 0.598326 -0.502369
v 1.134954 0.605403 -0.504720
v 1.186778 0.691813 -0.508701
v 1.165169 0.698524 -0.510929
v 1.191091 0.705700 -0.524361
v 1.172400 0.711505 -0.526288
v 1.189655 0.701077 -0.537045
v 1.173327 0.706148 -0.538729
v 1.182549 0.678197 -0.559838
v 1.170467 0.681950 -0.561084
v 1.179754 0.669200 -0.576431
v 1.170764 0.671992 -0.577358
v 1.162120 0.674677 -0.580104
v 1.154153 0.677151 -0.584563
v 1.158851 0.685558 -0.564774
v 1.148144 0.688883 -0.570766
v 1.157627 0.711025 -0.543716
v 1.143157 0.715519 -0.551815
v 1.154427 0.717087 -0.531997
v 1.137863 0.722232 -0.541268
v 1.144391 0.704978 -0.517529
v 1.125241 0.710925 -0.528247
v 1.113041 0.612209 -0.511680
v 1.092846 0.618481 -0.522983
v 1.075145 0.623979 -0.538194
v 1.060619 0.628491 -0.556729
v 1.108457 0.716138 -0.542671
v 1.094682 0.720417 -0.560247
v 1.123345 0.726741 -0.553744
v 1.111430 0.730442 -0.568947
v 1.130474 0.719458 -0.562713
v 1.120066 0.722690 -0.575994
v 1.138760 0.691797 -0.578831
v 1.131059 0.694189 -0.588657
v 1.147171 0.679320 -0.590564
v 1.141440 0.681100 -0.597875
v 1.137182 0.682423 -0.606218
v 1.134559 0.683237 -0.615269
v 1.125336 0.695967 -0.599868
v 1.121812 0.697061 -0.612032
v 1.112332 0.725092 -0.591145
v 1.107569 0.726572 -0.607585
v 1.102576 0.733191 -0.586291
v 1.097124 0.734885 -0.605111
v 1.084446 0.723596 -0.580298
v 1.078143 0.725553 -0.602056
v 1.049824 0.631843 -0.577875
v 1.043177 0.633908 -0.600821
v 1.040933 0.634605 -0.624683
v 1.043177 0.633908 -0.648545
v 1.076015 0.726214 -0.624683
v 1.078143 0.725553 -0.647310
v 1.095284 0.735456 -0.624683
v 1.097124 0.734885 -0.644254
v 1.105961 0.727071 -0.624683
v 1.107569 0.726572 -0.641780
v 1.120622 0.697431 -0.624683
v 1.121812 0.697061 -0.637333
v 1.133674 0.683512 -0.624683
v 1.134559 0.683237 -0.634096
v 1.137182 0.682423 -0.643148
v 1.141440 0.681100 -0.651490
v 1.125336 0.695967 -0.649498
v 1.131059 0.694189 -0.660708
v 1.112332 0.725092 -0.658220
v 1.120066 0.722690 -0.673372
v 1.102576 0.733191 -0.663074
v 1.111430 0.730442 -0.680418
v 1.084446 0.723596 -0.669067
v 1.094682 0.720417 -0.689119
v 1.049824 0.631843 -0.671490
v 1.060619 0.628491 -0.692636
v 1.075145 0.623979 -0.711171
v 1.092846 0.618481 -0.726382
v 1.108457 0.716138 -0.706694
v 1.125241 0.710925 -0.721118
v 1.123345 0.726741 -0.695621
v 1.137863 0.722232 -0.708097
v 1.130474 0.719458 -0.686652
v 1.143157 0.715519 -0.697551
v 1.138760 0.691797 -0.670535
v 1.148144 0.688883 -0.678599
v 1.147171 0.679320 -0.658802
v 1.154153 0.677151 -0.664802
v 1.162120 0.674677 -0.669261
v 1.158851 0.685558 -0.684591
v 1.157627 0.711025 -0.705649
v 1.154427 0.717087 -0.717368
v 1.144391 0.704978 -0.731836
v 1.113041 0.612209 -0.737685
v 0.830676 0.699907 -1.040548
v 0.807888 0.706985 -1.038198
v 0.853465 0.692830 -1.038198
v 0.859712 0.793395 -1.034217
v 0.838104 0.800106 -1.031988
v 0.881321 0.786684 -1.031988
v 0.864025 0.807282 -1.018556
v 0.845334 0.813087 -1.016629
v 0.882716 0.801477 -1.016629
v 0.862590 0.802659 -1.005872
v 0.846262 0.807730 -1.004188
v 0.878917 0.797588 -1.004188
v 0.855483 0.779779 -0.983079
v 0.843402 0.783531 -0.981833
v 0.867565 0.776027 -0.981833
v 0.852689 0.770782 -0.966486
v 0.843699 0.773574 -0.965559
v 0.861679 0.767990 -0.965559
v 0.870323 0.765305 -0.962813
v 0.878290 0.762831 -0.958354
v 0.879182 0.772419 -0.978143
v 0.889888 0.769094 -0.972151
v 0.894618 0.792711 -0.999201
v 0.909087 0.788217 -0.991103
v 0.900689 0.795895 -1.010920
v 0.917253 0.790750 -1.001649
v 0.902099 0.780230 -1.025388
v 0.921249 0.774283 -1.014670
v 0.875377 0.686024 -1.031237
v 0.895572 0.679752 -1.019934
v 0.913273 0.674254 -1.004723
v 0.927800 0.669742 -0.986188
v 0.938033 0.769070 -1.000246
v 0.951808 0.764791 -0.982671
v 0.931771 0.786241 -0.989173
v 0.943686 0.782540 -0.973970
v 0.921770 0.784278 -0.980204
v 0.932179 0.781046 -0.966924
v 0.899272 0.766179 -0.964087
v 0.906973 0.763787 -0.954260
v 0.885273 0.760662 -0.952354
v 0.891003 0.758882 -0.945042
v 0.895261 0.757559 -0.936700
v 0.897884 0.756745 -0.927648
v 0.912696 0.762010 -0.943050
v 0.916220 0.760915 -0.930885
v 0.939913 0.778643 -0.951772
v 0.944675 0.777164 -0.935332
v 0.952540 0.779791 -0.956626
v 0.957992 0.778097 -0.937806
v 0.962044 0.761612 -0.962619
v 0.968347 0.759655 -0.940862
v 0.938594 0.666390 -0.965042
v 0.945241 0.664325 -0.942097
v 0.947486 0.663628 -0.918235
v 0.945241 0.664325 -0.894373
v 0.970475 0.758994 -0.918235
v 0.968347 0.759655 -0.895608
v 0.959833 0.777525 -0.918235
v 0.957992 0.778097 -0.898663
v 0.946284 0.776665 -0.918235
v 0.944675 0.777164 -0.901137
v 0.917410 0.760546 -0.918235
v 0.916220 0.760915 -0.905584
v 0.898769 0.756470 -0.918235
v 0.897884 0.756745 -0.908821
v 0.895261 0.757559 -0.899770
v 0.891003 0.758882 -0.891427
v 0.912696 0.762010 -0.893420
v 0.906973 0.763787 -0.882209
v 0.939913 0.778643 -0.884697
v 0.932179 0.781046 -0.869546
v 0.952540 0.779791 -0.879843
v 0.943686 0.782540 -0.862499
v 0.962044 0.761612 -0.873850
v 0.951808 0.764791 -0.853799
v 0.938594 0.666390 -0.871427
v 0.927800 0.669742 -0.850281
v 0.913273 0.674254 -0.831746
v 0.895572 0.679752 -0.816535
v 0.938033 0.769070 -0.836223
v 0.921249 0.774283 -0.821799
v 0.931771 0.786241 -0.847296
v 0.917253 0.790750 -0.834820
v 0.921770 0.784278 -0.856265
v 0.909087 0.788217 -0.845367
v 0.899272 0.766179 -0.872383
v 0.889888 0.769094 -0.864318
v 0.885273 0.760662 -0.884116
v 0.878290 0.762831 -0.878115
v 0.870323 0.765305 -0.873656
v 0.861679 0.767990 -0.870910
v 0.879182 0.772419 -0.858326
v 0.867565 0.776027 -0.854636
v 0.894618 0.792711 -0.837268
v 0.878917 0.797588 -0.832281
v 0.900689 0.795895 -0.825549
v 0.882716 0.801477 -0.819840
v 0.902099 0.780230 -0.811081
v 0.881321 0.786684 -0.804481
v 0.875377 0.686024 -0.805232
v 0.853465 0.692830 -0.798272
v 0.830676 0.699907 -0.795921
v 0.807888 0.706985 -0.798272
v 0.859712 0.793395 -0.802253
v 0.838104 0.800106 -0.804481
v 0.864025 0.807282 -0.817913
v 0.845334 0.813087 -0.819840
v 0.862590 0.802659 -0.830597
v 0.846262 0.807730 -0.832281
v 0.855483 0.779779 -0.853390
v 0.843402 0.783531 -0.854636
v 0.852689 0.770782 -0.869983
v 0.843699 0.773574 -0.870910
v 0.835055 0.776259 -0.873656
v 0.827088 0.778733 -0.878115
v 0.831785 0.787139 -0.858326
v 0.821079 0.790465 -0.864318
v 0.830561 0.812606 -0.837268
v 0.816092 0.817100 -0.845367
v 0.827362 0.818669 -0.825549
v 0.810798 0.823814 -0.834820
v 0.817325 0.806560 -0.811081
v 0.798176 0.812507 -0.821799
v 0.785976 0.713791 -0.805232
v 0.765781 0.720063 -0.816535
v 0.748080 0.725561 -0.831746
v 0.733553 0.730072 -0.850281
v 0.781391 0.817720 -0.836223
v 0.767617 0.821998 -0.853799
v 0.796279 0.828323 -0.847296
v 0.784365 0.832023 -0.862499
v 0.803409 0.821039 -0.856265
v 0.793001 0.824272 -0.869546
v 0.811695 0.793379 -0.872383
v 0.803993 0.795771 -0.882209
v 0.820105 0.780902 -0.884116
v 0.814375 0.782682 -0.891427
v 0.810116 0.784004 -0.899770
v 0.807494 0.784819 -0.908821
v 0.798271 0.797548 -0.893420
v 0.794747 0.798643 -0.905584
v 0.785266 0.826674 -0.884697
v 0.780504 0.828153 -0.901137
v 0.775511 0.834773 -0.879843
v 0.770059 0.836466 -0.898663
v 0.757381 0.825177 -0.873850
v 0.751078 0.827135 -0.895608
v 0.722759 0.733425 -0.871427
v 0.716112 0.735490 -0.894373
v 0.713867 0.736187 -0.918235
v 0.716112 0.735490 -0.942097
v 0.748950 0.827796 -0.918235
v 0.751078 0.827135 -0.940862
v 0.768218 0.837038 -0.918235
v 0.770059 0.836466 -0.937806
v 0.778896 0.828653 -0.918235
v 0.780504 0.828153 -0.935332
v 0.793557 0.799013 -0.918235
v 0.794747 0.798643 -0.930885
v 0.806609 0.785094 -0.918235
v 0.807494 0.784819 -0.927648
v 0.810116 0.784004 -0.936700
v 0.814375 0.782682 -0.945042
v 0.798271 0.797548 -0.943050
v 0.803993 0.795771 -0.954260
v 0.785266 0.826674 -0.951772
v 0.793001 0.824272 -0.966924
v 0.775511 0.834773 -0.956626
v 0.784365 0.832023 -0.973970
v 0.757381 0.825177 -0.962619
v 0.767617 0.821998 -0.982671
v 0.722759 0.733425 -0.965042
v 0.733553 0.730072 -0.986188
v 0.748080 0.725561 -1.004723
v 0.765781 0.720063 -1.019934
v 0.781391 0.817720 -1.000246
v 0.798176 0.812507 -1.014670
v 0.796279 0.828323 -0.989173
v 0.810798 0.823814 -1.001649
v 0.803409 0.821039 -0.980204
v 0.816092 0.817100 -0.991103
v 0.811695 0.793379 -0.964087
v 0.821079 0.790465 -0.972151
v 0.820105 0.780902 -0.952354
v 0.827088 0.778733 -0.958354
v 0.835055 0.776259 -0.962813
v 0.831785 0.787139 -0.978143
v 0.830561 0.812606 -0.999201
v 0.827362 0.818669 -1.010920
v 0.817325 0.806560 -1.025388
v 0.785976 0.713791 -1.031237
v 1.157742 0.598326 -1.040548
v 1.134954 0.605403 -1.038198
v 1.180530 0.591248 -1.038198
v 1.186778 0.691813 -1.034217
v 1.165169 0.698524 -1.031988
v 1.208387 0.685102 -1.031988
v 1.191091 0.705700 -1.018556
v 1.172400 0.711505 -1.016629
v 1.209782 0.699895 -1.016629
v 1.189655 0.701077 -1.005872
v 1.173327 0.706148 -1.004188
v 1.205983 0.696006 -1.004188
v 1.182549 0.678197 -0.983079
v 1.170467 0.681950 -0.981833
v 1.194630 0.674445 -0.981833
v 1.179754 0.669200 -0.966486
v 1.170764 0.671992 -0.965559
v 1.188744 0.666408 -0.965559
v 1.197388 0.663723 -0.962813
v 1.205355 0.661249 -0.958354
v 1.206247 0.670837 -0.978143
v 1.216953 0.667512 -0.972151
v 1.221683 0.691130 -0.999201
v 1.236153 0.686635 -0.991103
v 1.227755 0.694313 -1.010920
v 1.244318 0.689168 -1.001649
v 1.229165 0.678648 -1.025388
v 1.248314 0.672701 -1.014670
v 1.202443 0.584442 -1.031237
v 1.222638 0.578170 -1.019934
v 1.240338 0.572672 -1.004723
v 1.254865 0.568161 -0.986188
v 1.265099 0.667488 -1.000246
v 1.278874 0.663209 -0.982671
v 1.258837 0.684659 -0.989173
v 1.270752 0.680959 -0.973970
v 1.248836 0.682696 -0.980204
v 1.259244 0.679464 -0.966924
v 1.226337 0.664597 -0.964087
v 1.234039 0.662205 -0.954260
v 1.212338 0.659080 -0.952354
v 1.218069 0.657300 -0.945042
v 1.222327 0.655978 -0.936700
v 1.224949 0.655163 -0.927648
v 1.239761 0.660428 -0.943050
v 1.243285 0.659333 -0.930885
v 1.266978 0.677062 -0.951772
v 1.271741 0.675582 -0.935332
v 1.279605 0.678209 -0.956626
v 1.285057 0.676515 -0.937806
v 1.289109 0.660030 -0.962619
v 1.295412 0.658073 -0.940862
v 1.265659 0.564808 -0.965042
v 1.272307 0.562744 -0.942097
v 1.274551 0.562046 -0.918235
v 1.272307 0.562744 -0.894373
v 1.297540 0.657412 -0.918235
v 1.295412 0.658073 -0.895608
v 1.286898 0.675944 -0.918235
v 1.285057 0.676515 -0.898663
v 1.273349 0.675083 -0.918235
v 1.271741 0.675582 -0.901137
v 1.244475 0.658964 -0.918235
v 1.243285 0.659333 -0.905584
v 1.225834 0.654888 -0.918235
v 1.224949 0.655163 -0.908821
v 1.222327 0.655978 -0.899770
v 1.218069 0.657300 -0.891427
v 1.239761 0.660428 -0.893420
v 1.234039 0.662205 -0.882209
v 1.266978 0.677062 -0.884697
v 1.259244 0.679464 -0.869546
v 1.279605 0.678209 -0.879843
v 1.270752 0.680959 -0.862499
v 1.289109 0.660030 -0.873850
v 1.278874 0.663209 -0.853799
v 1.265659 0.564808 -0.871427
v 1.254865 0.568161 -0.850281
v 1.240338 0.572672 -0.831746
v 1.222638 0.578170 -0.816535
v 1.265099 0.667488 -0.836223
v 1.248314 0.672701 -0.821799
v 1.258837 0.684659 -0.847296
v 1.244318 0.689168 -0.834820
v 1.248836 0.682696 -0.856265
v 1.236153 0.686635 -0.845367
v 1.226337 0.664597 -0.872383
v 1.216953 0.667512 -0.864318
v 1.212338 0.659080 -0.884116
v 1.205355 0.661249 -0.878115
v 1.197388 0.663723 -0.873656
v 1.188744 0.666408 -0.870910
v 1.206247 0.670837 -0.858326
v 1.194630 0.674445 -0.854636
v 1.221683 0.691130 -0.837268
v 1.205983 0.696006 -0.832281
v 1.227755 0.694313 -0.825549
v 1.209782 0.699895 -0.819840
v 1.229165 0.678648 -0.811081
v 1.208387 0.685102 -0.804481
v 1.202443 0.584442 -0.805232
v 1.180530 0.591248 -0.798272
v 1.157742 0.598326 -0.795921
v 1.134954 0.605403 -0.798272
v 1.186778 0.691813 -0.802253
v 1.165169 0.698524 -0.804481
v 1.191091 0.705700 -0.817913
v 1.172400 0.711505 -0.819840
v 1.189655 0.701077 -0.830597
v 1.173327 0.706148 -0.832281
v 1.182549 0.678197 -0.853390
v 1.170467 0.681950 -0.854636
v 1.179754 0.669200 -0.869983
v 1.170764 0.671992 -0.870910
v 1.162120 0.674677 -0.873656
v 1.154153 0.677151 -0.878115
v 1.158851 0.685558 -0.858326
v 1.148144 0.688883 -0.864318
v 1.157627 0.711025 -0.837268
v 1.143157 0.715519 -0.845367
v 1.154427 0.717087 -0.825549
v 1.137863 0.722232 -0.834820
v 1.144391 0.704978 -0.811081
v 1.125241 0.710925 -0.821799
v 1.113041 0.612209 -0.805232
v 1.092846 0.618481 -0.816535
v 1.075145 0.623979 -0.831746
v 1.060619 0.628491 -0.850281
v 1.108457 0.716138 -0.836223
v 1.094682 0.720417 -0.853799
v 1.123345 0.726741 -0.847296
v 1.111430 0.730442 -0.862499
v 1.130474 0.719458 -0.856265
v 1.120066 0.722690 -0.869546
v 1.138760 0.691797 -0.872383
v 1.131059 0.694189 -0.882209
v 1.147171 0.679320 -0.884116
v 1.141440 0.681100 -0.891427
v 1.137182 0.682423 -0.899770
v 1.134559 0.683237 -0.908821
v 1.125336 0.695967 -0.893420
v 1.121812 0.697061 -0.905584
v 1.112332 0.725092 -0.884697
v 1.107569 0.726572 -0.901137
v 1.102576 0.733191 -0.879843
v 1.097124 0.734885 -0.898663
v 1.084446 0.723596 -0.873850
v 1.078143 0.725553 -0.895608
v 1.049824 0.631843 -0.871427
v 1.043177 0.633908 -0.894373
v 1.040933 0.634605 -0.918235
v 1.043177 0.633908 -0.942097
v 1.076015 0.726214 -0.918235
v 1.078143 0.725553 -0.940862
v 1.095284 0.735456 -0.918235
v 1.097124 0.734885 -0.937806
v 1.105961 0.727071 -0.918235
v 1.107569 0.726572 -0.935332
v 1.120622 0.697431 -0.918235
v 1.121812 0.697061 -0.930885
v 1.133674 0.683512 -0.918235
v 1.134559 0.683237 -0.927648
v 1.137182 0.682423 -0.936700
v 1.141440 0.681100 -0.945042
v 1.125336 0.695967 -0.943050
v 1.131059 0.694189 -0.954260
v 1.112332 0.725092 -0.951772
v 1.120066 0.722690 -0.966924
v 1.102576 0.733191 -0.956626
v 1.111430 0.730442 -0.973970
v 1.084446 0.723596 -0.962619
v 1.094682 0.720417 -0.982671
v 1.049824 0.631843 -0.965042
v 1.060619 0.628491 -0.986188
v 1.075145 0.623979 -1.004723
v 1.092846 0.618481 -1.019934
v 1.108457 0.716138 -1.000246
v 1.125241 0.710925 -1.014670
v 1.123345 0.726741 -0.989173
v 1.137863 0.722232 -1.001649
v 1.130474 0.719458 -0.980204
v 1.143157 0.715519 -0.991103
v 1.138760 0.691797 -0.964087
v 1.148144 0.688883 -0.972151
v 1.147171 0.679320 -0.952354
v 1.154153 0.677151 -0.958354
v 1.162120 0.674677 -0.962813
v 1.158851 0.685558 -0.978143
v 1.157627 0.711025 -0.999201
v 1.154427 0.717087 -1.010920
v 1.144391 0.704978 -1.025388
v 1.113041 0.612209 -1.031237
v 0.830676 0.699907 -1.334100
v 0.807888 0.706985 -1.331750
v 0.853465 0.692830 -1.331750
v 0.859712 0.793395 -1.327769
v 0.838104 0.800106 -1.325540
v 0.881321 0.786684 -1.325540
v 0.864025 0.807282 -1.312109
v 0.845334 0.813087 -1.310181
v 0.882716 0.801477 -1.310181
v 0.862590 0.802659 -1.299424
v 0.846262 0.807730 -1.297740
v 0.878917 0.797588 -1.297740
v 0.855483 0.779779 -1.276631
v 0.843402 0.783531 -1.275385
v 0.867565 0.776027 -1.275385
v 0.852689 0.770782 -1.260038
v 0.843699 0.773574 -1.259111
v 0.861679 0.767990 -1.259111
v 0.870323 0.765305 -1.256365
v 0.878290 0.762831 -1.251906
v 0.879182 0.772419 -1.271695
v 0.889888 0.769094 -1.265703
v 0.894618 0.792711 -1.292753
v 0.909087 0.788217 -1.284655
v 0.900689 0.795895 -1.304472
v 0.917253 0.790750 -1.295201
v 0.902099 0.780230 -1.318940
v 0.921249 0.774283 -1.308222
v 0.875377 0.686024 -1.324789
v 0.895572 0.679752 -1.313486
v 0.913273 0.674254 -1.298275
v 0.927800 0.669742 -1.279740
v 0.938033 0.769070 -1.293798
v 0.951808 0.764791 -1.276223
v 0.931771 0.786241 -1.282725
v 0.943686 0.782540 -1.267522
v 0.921770 0.784278 -1.273756
v 0.932179 0.781046 -1.260476
v 0.899272 0.766179 -1.257639
v 0.906973 0.763787 -1.247812
v 0.885273 0.760662 -1.245906
v 0.891003 0.758882 -1.238594
v 0.895261 0.757559 -1.230252
v 0.897884 0.756745 -1.221200
v 0.912696 0.762010 -1.236602
v 0.916220 0.760915 -1.224437
v 0.939913 0.778643 -1.245324
v 0.944675 0.777164 -1.228884
v 0.952540 0.779791 -1.250178
v 0.957992 0.778097 -1.231358
v 0.962044 0.761612 -1.256171
v 0.968347 0.759655 -1.234414
v 0.938594 0.666390 -1.258594
v 0.945241 0.664325 -1.235649
v 0.947486 0.663628 -1.211787
v 0.945241 0.664325 -1.187925
v 0.970475 0.758994 -1.211787
v 0.968347 0.759655 -1.189160
v 0.959833 0.777525 -1.211787
v 0.957992 0.778097 -1.192215
v 0.946284 0.776665 -1.211787
v 0.944675 0.777164 -1.194689
v 0.917410 0.760546 -1.211787
v 0.916220 0.760915 -1.199136
v 0.898769 0.756470 -1.211787
v 0.897884 0.756745 -1.202373
v 0.895261 0.757559 -1.193321
v 0.891003 0.758882 -1.184979
v 0.912696 0.762010 -1.186972
v 0.906973 0.763787 -1.175761
v 0.939913 0.778643 -1.178249
v 0.932179 0.781046 -1.163098
v 0.952540 0.779791 -1.173395
v 0.943686 0.782540 -1.156051
v 0.962044 0.761612 -1.167402
v 0.951808 0.764791 -1.147351
v 0.938594 0.666390 -1.164979
v 0.927800 0.669742 -1.143833
v 0.913273 0.674254 -1.125298
v 0.895572 0.679752 -1.110087
v 0.938033 0.769070 -1.129775
v 0.921249 0.774283 -1.115351
v 0.931771 0.786241 -1.140848
v 0.917253 0.790750 -1.128372
v 0.921770 0.784278 -1.149817
v 0.909087 0.788217 -1.138919
v 0.899272 0.766179 -1.165935
v 0.889888 0.769094 -1.157870
v 0.885273 0.760662 -1.177667
v 0.878290 0.762831 -1.171667
v 0.870323 0.765305 -1.167208
v 0.861679 0.767990 -1.164462
v 0.879182 0.772419 -1.151878
v 0.867565 0.776027 -1.148188
v 0.894618 0.792711 -1.130820
v 0.878917 0.797588 -1.125833
v 0.900689 0.795895 -1.119101
v 0.882716 0.801477 -1.113392
v 0.902099 0.780230 -1.104633
v 0.881321 0.786684 -1.098033
v 0.875377 0.686024 -1.098784
v 0.853465 0.692830 -1.091823
v 0.830676 0.699907 -1.089473
v 0.807888 0.706985 -1.091823
v 0.859712 0.793395 -1.095805
v 0.838104 0.800106 -1.098033
v 0.864025 0.807282 -1.111465
v 0.845334 0.813087 -1.113392
v 0.862590 0.802659 -1.124149
v 0.846262 0.807730 -1.125833
v 0.855483 0.779779 -1.146942
v 0.843402 0.783531 -1.148188
v 0.852689 0.770782 -1.163535
v 0.843699 0.773574 -1.164462
v 0.835055 0.776259 -1.167208
v 0.827088 0.778733 -1.171667
v 0.831785 0.787139 -1.151878
v 0.821079 0.790465 -1.157870
v 0.830561 0.812606 -1.130820
v 0.816092 0.817100 -1.138919
v 0.827362 0.818669 -1.119101
v 0.810798 0.823814 -1.128372
v 0.817325 0.806560 -1.104633
v 0.798176 0.812507 -1.115351
v 0.785976 0.713791 -1.098784
v 0.765781 0.720063 -1.110087
v 0.748080 0.725561 -1.125298
v 0.733553 0.730072 -1.143833
v 0.781391 0.817720 -1.129775
v 0.767617 0.821998 -1.147351
v 0.796279 0.828323 -1.140848
v 0.784365 0.832023 -1.156051
v 0.803409 0.821039 -1.149817
v 0.793001 0.824272 -1.163098
v 0.811695 0.793379 -1.165935
v 0.803993 0.795771 -1.175761
v 0.820105 0.780902 -1.177667
v 0.814375 0.782682 -1.184979
v 0.810116 0.784004 -1.193321
v 0.807494 0.784819 -1.202373
v 0.798271 0.797548 -1.186972
v 0.794747 0.798643 -1.199136
v 0.785266 0.826674 -1.178249
v 0.780504 0.828153 -1.194689
v 0.775511 0.834773 -1.173395
v 0.770059 0.836466 -1.192215
v 0.757381 0.825177 -1.167402
v 0.751078 0.827135 -1.189160
v 0.722759 0.733425 -1.164979
v 0.716112 0.735490 -1.187925
v 0.713867 0.736187 -1.211787
v 0.716112 0.735490 -1.235649
v 0.748950 0.827796 -1.211787
v 0.751078 0.827135 -1.234414
v 0.768218 0.837038 -1.211787
v 0.770059 0.836466 -1.231358
v 0.778896 0.828653 -1.211787
v 0.780504 0.828153 -1.228884
v 0.793557 0.799013 -1.211787
v 0.794747 0.798643 -1.224437
v 0.806609 0.785094 -1.211787
v 0.807494 0.784819 -1.221200
v 0.810116 0.784004 -1.230252
v 0.814375 0.782682 -1.238594
v 0.798271 0.797548 -1.236602
v 0.803993 0.795771 -1.247812
v 0.785266 0.826674 -1.245324
v 0.793001 0.824272 -1.260476
v 0.775511 0.834773 -1.250178
v 0.784365 0.832023 -1.267522
v 0.757381 0.825177 -1.256171
v 0.767617 0.821998 -1.276223
v 0.722759 0.733425 -1.258594
v 0.733553 0.730072 -1.279740
v 0.748080 0.725561 -1.298275
v 0.765781 0.720063 -1.313486
v 0.781391 0.817720 -1.293798
v 0.798176 0.812507 -1.308222
v 0.796279 0.828323 -1.282725
v 0.810798 0.823814 -1.295201
v 0.803409 0.821039 -1.273756
v 0.816092 0.817100 -1.284655
v 0.811695 0.793379 -1.257639
v 0.821079 0.790465 -1.265703
v 0.820105 0.780902 -1.245906
v 0.827088 0.778733 -1.251906
v 0.835055 0.776259 -1.256365
v 0.831785 0.787139 -1.271695
v 0.830561 0.812606 -1.292753
v 0.827362 0.818669 -1.304472
v 0.817325 0.806560 -1.318940
v 0.785976 0.713791 -1.324789
v 1.157742 0.598326 -1.334100
v 1.134954 0.605403 -1.331750
v 1.180530 0.591248 -1.331750
v 1.186778 0.691813 -1.327769
v 1.165169 0.698524 -1.325540
v 1.208387 0.685102 -1.325540
v 1.191091 0.705700 -1.312109
v 1.172400 0.711505 -1.310181
v 1.209782 0.699895 -1.310181
v 1.189655 0.701077 -1.299424
v 1.173327 0.706148 -1.297740
v 1.205983 0.696006 -1.297740
v 1.182549 0.678197 -1.276631
v 1.170467 0.681950 -1.275385
v 1.194630 0.674445 -1.275385
v 1.179754 0.669200 -1.260038
v 1.170764 0.671992 -1.259111
v 1.188744 0.666408 -1.259111
v 1.197388 0.663723 -1.256365
v 1.205355 0.661249 -1.251906
v 1.206247 0.670837 -1.271695
v 1.216953 0.667512 -1.265703
v 1.221683 0.691130 -1.292753
v 1.236153 0.686635 -1.284655
v 1.227755 0.694313 -1.304472
v 1.244318 0.689168 -1.295201
v 1.229165 0.678648 -1.318940
v 1.248314 0.672701 -1.308222
v 1.202443 0.584442 -1.324789
v 1.222638 0.578170 -1.313486
v 1.240338 0.572672 -1.298275
v 1.254865 0.568161 -1.279740
v 1.265099 0.667488 -1.293798
v 1.278874 0.663209 -1.276223
v 1.258837 0.684659 -1.282725
v 1.270752 0.680959 -1.267522
v 1.248836 0.682696 -1.273756
v 1.259244 0.679464 -1.260476
v 1.226337 0.664597 -1.257639
v 1.234039 0.662205 -1.247812
v 1.212338 0.659080 -1.245906
v 1.218069 0.657300 -1.238594
v 1.222327 0.655978 -1.230252
v 1.224949 0.655163 -1.221200
v 1.239761 0.660428 -1.236602
v 1.243285 0.659333 -1.224437
v 1.266978 0.677062 -1.245324
v 1.271741 0.675582 -1.228884
v 1.279605 0.678209 -1.250178
v 1.285057 0.676515 -1.231358
v 1.289109 0.660030 -1.256171
v 1.295412 0.658073 -1.234414
v 1.265659 0.564808 -1.258594
v 1.272307 0.562744 -1.235649
v 1.274551 0.562046 -1.211787
v 1.272307 0.562744 -1.187925
v 1.297540 0.657412 -1.211787
v 1.295412 0.658073 -1.189160
v 1.286898 0.675944 -1.211787
v 1.285057 0.676515 -1.192215
v 1.273349 0.675083 -1.211787
v 1.271741 0.675582 -1.194689
v 1.244475 0.658964 -1.211787
v 1.243285 0.659333 -1.199136
v 1.225834 0.654888 -1.211787
v 1.224949 0.655163 -1.202373
v 1.222327 0.655978 -1.193321
v 1.218069 0.657300 -1.184979
v 1.239761 0.660428 -1.186972
v 1.234039 0.662205 -1.175761
v 1.266978 0.677062 -1.178249
v 1.259244 0.679464 -1.163098
v 1.279605 0.678209 -1.173395
v 1.270752 0.680959 -1.156051
v 1.289109 0.660030 -1.167402
v 1.278874 0.663209 -1.147351
v 1.265659 0.564808 -1.164979
v 1.254865 0.568161 -1.143833
v 1.240338 0.572672 -1.125298
v 1.222638 0.578170 -1.110087
v 1.265099 0.667488 -1.129775
v 1.248314 0.672701 -1.115351
v 1.258837 0.684659 -1.140848
v 1.244318 0.689168 -1.128372
v 1.248836 0.682696 -1.149817
v 1.236153 0.686635 -1.138919
v 1.226337 0.664597 -1.165935
v 1.216953 0.667512 -1.157870
v 1.212338 0.659080 -1.177667
v 1.205355 0.661249 -1.171667
v 1.197388 0.663723 -1.167208
v 1.188744 0.666408 -1.164462
v 1.206247 0.670837 -1.151878
v 1.194630 0.674445 -1.148188
v 1.221683 0.691130 -1.130820
v 1.205983 0.696006 -1.125833
v 1.227755 0.694313 -1.119101
v 1.209782 0.699895 -1.113392
v 1.229165 0.678648 -1.104633
v 1.208387 0.685102 -1.098033
v 1.202443 0.584442 -1.098784
v 1.180530 0.591248 -1.091823
v 1.157742 0.598326 -1.089473
v 1.134954 0.605403 -1.091823
v 1.186778 0.691813 -1.095805
v 1.165169 0.698524 -1.098033
v 1.191091 0.705700 -1.111465
v 1.172400 0.711505 -1.113392
v 1.189655 0.701077 -1.124149
v 1.173327 0.706148 -1.125833
v 1.182549 0.678197 -1.146942
v 1.170467 0.681950 -1.148188
v 1.179754 0.669200 -1.163535
v 1.170764 0.671992 -1.164462
v 1.162120 0.674677 -1.167208
v 1.154153 0.677151 -1.171667
v 1.158851 0.685558 -1.151878
v 1.148144 0.688883 -1.157870
v 1.157627 0.711025 -1.130820
v 1.143157 0.715519 -1.138919
v 1.154427 0.717087 -1.119101
v 1.137863 0.722232 -1.128372
v 1.144391 0.704978 -1.104633
v 1.125241 0.710925 -1.115351
v 1.113041 0.612209 -1.098784
v 1.092846 0.618481 -1.110087
v 1.075145 0.623979 -1.125298
v 1.060619 0.628491 -1.143833
v 1.108457 0.716138 -1.129775
v 1.094682 0.720417 -1.147351
v 1.123345 0.726741 -1.140848
v 1.111430 0.730442 -1.156051
v 1.130474 0.719458 -1.149817
v 1.120066 0.722690 -1.163098
v 1.138760 0.691797 -1.165935
v 1.131059 0.694189 -1.175761
v 1.147171 0.679320 -1.177667
v 1.141440 0.681100 -1.184979
v 1.137182 0.682423 -1.193321
v 1.134559 0.683237 -1.202373
v 1.125336 0.695967 -1.186972
v 1.121812 0.697061 -1.199136
v 1.112332 0.725092 -1.178249
v 1.107569 0.726572 -1.194689
v 1.102576 0.733191 -1.173395
v 1.097124 0.734885 -1.192215
v 1.084446 0.723596 -1.167402
v 1.078143 0.725553 -1.189160
v 1.049824 0.631843 -1.164979
v 1.043177 0.633908 -1.187925
v 1.040933 0.634605 -1.211787
v 1.043177 0.633908 -1.235649
v 1.076015 0.726214 -1.211787
v 1.078143 0.725553 -1.234414
v 1.095284 0.735456 -1.211787
v 1.097124 0.734885 -1.231358
v 1.105961 0.727071 -1.211787
v 1.107569 0.726572 -1.228884
v 1.120622 0.697431 -1.211787
v 1.121812 0.697061 -1.224437
v 1.133674 0.683512 -1.211787
v 1.134559 0.683237 -1.221200
v 1.137182 0.682423 -1.230252
v 1.141440 0.681100 -1.238594
v 1.125336 0.695967 -1.236602
v 1.131059 0.694189 -1.247812
v 1.112332 0.725092 -1.245324
v 1.120066 0.722690 -1.260476
v 1.102576 0.733191 -1.250178
v 1.111430 0.730442 -1.267522
v 1.084446 0.723596 -1.256171
v 1.094682 0.720417 -1.276223
v 1.049824 0.631843 -1.258594
v 1.060619 0.628491 -1.279740
v 1.075145 0.623979 -1.298275
v 1.092846 0.618481 -1.313486
v 1.108457 0.716138 -1.293798
v 1.125241 0.710925 -1.308222
v 1.123345 0.726741 -1.282725
v 1.137863 0.722232 -1.295201
v 1.130474 0.719458 -1.273756
v 1.143157 0.715519 -1.284655
v 1.138760 0.691797 -1.257639
v 1.148144 0.688883 -1.265703
v 1.147171 0.679320 -1.245906
v 1.154153 0.677151 -1.251906
v 1.162120 0.674677 -1.256365
v 1.158851 0.685558 -1.271695
v 1.157627 0.711025 -1.292753
v 1.154427 0.717087 -1.304472
v 1.144391 0.704978 -1.318940
v 1.113041 0.612209 -1.324789
v 1.157742 0.598326 0.785831
v 1.134954 0.605403 0.788181
v 1.180530 0.591248 0.788181
v 1.186778 0.691813 0.792162
v 1.165169 0.698524 0.794391
v 1.208387 0.685102 0.794391
v 1.191091 0.705700 0.807822
v 1.172400 0.711505 0.809750
v 1.209782 0.699895 0.809750
v 1.189655 0.701077 0.820506
v 1.173327 0.706148 0.822190
v 1.205983 0.696006 0.822190
v 1.182549 0.678197 0.843300
v 1.170467 0.681950 0.844546
v 1.194630 0.674445 0.844546
v 1.179754 0.669200 0.859893
v 1.170764 0.671992 0.860820
v 1.188744 0.666408 0.860820
v 1.197388 0.663723 0.863565
v 1.205355 0.661249 0.868024
v 1.206247 0.670837 0.848236
v 1.216953 0.667512 0.854228
v 1.221683 0.691130 0.827178
v 1.236153 0.686635 0.835276
v 1.227755 0.694313 0.815459
v 1.244318 0.689168 0.824730
v 1.229165 0.678648 0.800991
v 1.248314 0.672701 0.811709
v 1.202443 0.584442 0.795141
v 1.222638 0.578170 0.806444
v 1.240338 0.572672 0.821656
v 1.254865 0.568161 0.840191
v 1.265099 0.667488 0.826133
v 1.278874 0.663209 0.843708
v 1.258837 0.684659 0.837206
v 1.270752 0.680959 0.852408
v 1.248836 0.682696 0.846175
v 1.259244 0.679464 0.859455
v 1.226337 0.664597 0.862292
v 1.234039 0.662205 0.872118
v 1.212338 0.659080 0.874025
v 1.218069 0.657300 0.881337
v 1.222327 0.655978 0.889679
v 1.224949 0.655163 0.898731
v 1.239761 0.660428 0.883329
v 1.243285 0.659333 0.895494
v 1.266978 0.677062 0.874607
v 1.271741 0.675582 0.891047
v 1.279605 0.678209 0.869753
v 1.285057 0.676515 0.888572
v 1.289109 0.660030 0.863760
v 1.295412 0.658073 0.885517
v 1.265659 0.564808 0.861337
v 1.272307 0.562744 0.884282
v 1.274551 0.562046 0.908144
v 1.272307 0.562744 0.932006
v 1.297540 0.657412 0.908144
v 1.295412 0.658073 0.930771
v 1.286898 0.675944 0.908144
v 1.285057 0.676515 0.927716
v 1.273349 0.675083 0.908144
v 1.271741 0.675582 0.925241
v 1.244475 0.658964 0.908144
v 1.243285 0.659333 0.920795
v 1.225834 0.654888 0.908144
v 1.224949 0.655163 0.917558
v 1.222327 0.655978 0.926609
v 1.218069 0.657300 0.934951
v 1.239761 0.660428 0.932959
v 1.234039 0.662205 0.944170
v 1.266978 0.677062 0.941682
v 1.259244 0.679464 0.956833
v 1.279605 0.678209 0.946536
v 1.270752 0.680959 0.963880
v 1.289109 0.660030 0.952529
v 1.278874 0.663209 0.972580
v 1.265659 0.564808 0.954951
v 1.254865 0.568161 0.976098
v 1.240338 0.572672 0.994633
v 1.222638 0.578170 1.009844
v 1.265099 0.667488 0.990156
v 1.248314 0.672701 1.004580
v 1.258837 0.684659 0.979082
v 1.244318 0.689168 0.991559
v 1.248836 0.682696 0.970113
v 1.236153 0.686635 0.981012
v 1.226337 0.664597 0.953996
v 1.216953 0.667512 0.962060
v 1.212338 0.659080 0.942263
v 1.205355 0.661249 0.948264
v 1.197388 0.663723 0.952723
v 1.188744 0.666408 0.955469
v 1.206247 0.670837 0.968053
v 1.194630 0.674445 0.971743
v 1.221683 0.691130 0.989111
v 1.205983 0.696006 0.994098
v 1.227755 0.694313 1.000829
v 1.209782 0.699895 1.006538
v 1.229165 0.678648 1.015298
v 1.208387 0.685102 1.021898
v 1.202443 0.584442 1.021147
v 1.180530 0.591248 1.028107
v 1.157742 0.598326 1.030457
v 1.134954 0.605403 1.028107
v 1.186778 0.691813 1.024126
v 1.165169 0.698524 1.021898
v 1.191091 0.705700 1.008466
v 1.172400 0.711505 1.006538
v 1.189655 0.701077 0.995782
v 1.173327 0.706148 0.994098
v 1.182549 0.678197 0.972989
v 1.170467 0.681950 0.971743
v 1.179754 0.669200 0.956396
v 1.170764 0.671992 0.955469
v 1.162120 0.674677 0.952723
v 1.154153 0.677151 0.948264
v 1.158851 0.685558 0.968053
v 1.148144 0.688883 0.962060
v 1.157627 0.711025 0.989111
v 1.143157 0.715519 0.981012
v 1.154427 0.717087 1.000829
v 1.137863 0.722232 0.991559
v 1.144391 0.704978 1.015298
v 1.125241 0.710925 1.004580
v 1.113041 0.612209 1.021147
v 1.092846 0.618481 1.009844
v 1.075145 0.623979 0.994633
v 1.060619 0.628491 0.976098
v 1.108457 0.716138 0.990156
v 1.094682 0.720417 0.972580
v 1.123345 0.726741 0.979082
v 1.111430 0.730442 0.963880
v 1.130474 0.719458 0.970113
v 1.120066 0.722690 0.956833
v 1.138760 0.691797 0.953996
v 1.131059 0.694189 0.944170
v 1.147171 0.679320 0.942263
v 1.141440 0.681100 0.934951
v 1.137182 0.682423 0.926609
v 1.134559 0.683237 0.917558
v 1.125336 0.695967 0.932959
v 1.121812 0.697061 0.920795
v 1.112332 0.725092 0.941682
v 1.107569 0.726572 0.925241
v 1.102576 0.733191 0.946536
v 1.097124 0.734885 0.927716
v 1.084446 0.723596 0.952529
v 1.078143 0.725553 0.930771
v 1.049824 0.631843 0.954951
v 1.043177 0.633908 0.932006
v 1.040933 0.634605 0.908144
v 1.043177 0.633908 0.884282
v 1.076015 0.726214 0.908144
v 1.078143 0.725553 0.885517
v 1.095284 0.735456 0.908144
v 1.097124 0.734885 0.888572
v 1.105961 0.727071 0.908144
v 1.107569 0.726572 0.891047
v 1.120622 0.697431 0.908144
v 1.121812 0.697061 0.895494
v 1.133674 0.683512 0.908144
v 1.134559 0.683237 0.898731
v 1.137182 0.682423 0.889679
v 1.141440 0.681100 0.881337
v 1.125336 0.695967 0.883329
v 1.131059 0.694189 0.872118
v 1.112332 0.725092 0.874607
v 1.120066 0.722690 0.859455
v 1.102576 0.733191 0.869753
v 1.111430 0.730442 0.852408
v 1.084446 0.723596 0.863760
v 1.094682 0.720417 0.843708
v 1.049824 0.631843 0.861337
v 1.060619 0.628491 0.840191
v 1.075145 0.623979 0.821656
v 1.092846 0.618481 0.806444
v 1.108457 0.716138 0.826133
v 1.125241 0.710925 0.811709
v 1.123345 0.726741 0.837206
v 1.137863 0.722232 0.824730
v 1.130474 0.719458 0.846175
v 1.143157 0.715519 0.835276
v 1.138760 0.691797 0.862292
v 1.148144 0.688883 0.854228
v 1.147171 0.679320 0.874025
v 1.154153 0.677151 0.868024
v 1.162120 0.674677 0.863565
v 1.158851 0.685558 0.848236
v 1.157627 0.711025 0.827178
v 1.154427 0.717087 0.815459
v 1.144391 0.704978 0.800991
v 1.113041 0.612209 0.795141
v 0.830676 0.699907 0.492279
v 0.807888 0.706985 0.494629
v 0.853465 0.692830 0.494629
v 0.859712 0.793395 0.498610
v 0.838104 0.800106 0.500839
v 0.881321 0.786684 0.500839
v 0.864025 0.807282 0.514270
v 0.845334 0.813087 0.516198
v 0.882716 0.801477 0.516198
v 0.862590 0.802659 0.526954
v 0.846262 0.807730 0.528638
v 0.878917 0.797588 0.528638
v 0.855483 0.779779 0.549748
v 0.843402 0.783531 0.550994
v 0.867565 0.776027 0.550994
v 0.852689 0.770782 0.566341
v 0.843699 0.773574 0.567268
v 0.861679 0.767990 0.567268
v 0.870323 0.765305 0.570013
v 0.878290 0.762831 0.574472
v 0.879182 0.772419 0.554684
v 0.889888 0.769094 0.560676
v 0.894618 0.792711 0.533626
v 0.909087 0.788217 0.541724
v 0.900689 0.795895 0.521907
v 0.917253 0.790750 0.531178
v 0.902099 0.780230 0.507439
v 0.921249 0.774283 0.518157
v 0.875377 0.686024 0.501589
v 0.895572 0.679752 0.512892
v 0.913273 0.674254 0.528104
v 0.927800 0.669742 0.546639
v 0.938033 0.769070 0.532581
v 0.951808 0.764791 0.550156
v 0.931771 0.786241 0.543654
v 0.943686 0.782540 0.558856
v 0.921770 0.784278 0.552623
v 0.932179 0.781046 0.565903
v 0.899272 0.766179 0.568740
v 0.906973 0.763787 0.578566
v 0.885273 0.760662 0.580473
v 0.891003 0.758882 0.587785
v 0.895261 0.757559 0.596127
v 0.897884 0.756745 0.605179
v 0.912696 0.762010 0.589777
v 0.916220 0.760915 0.601942
v 0.939913 0.778643 0.581055
v 0.944675 0.777164 0.597495
v 0.952540 0.779791 0.576201
v 0.957992 0.778097 0.595020
v 0.962044 0.761612 0.570208
v 0.968347 0.759655 0.591965
v 0.938594 0.666390 0.567785
v 0.945241 0.664325 0.590730
v 0.947486 0.663628 0.614592
v 0.945241 0.664325 0.638454
v 0.970475 0.758994 0.614592
v 0.968347 0.759655 0.637219
v 0.959833 0.777525 0.614592
v 0.957992 0.778097 0.634164
v 0.946284 0.776665 0.614592
v 0.944675 0.777164 0.631689
v 0.917410 0.760546 0.614592
v 0.916220 0.760915 0.627243
v 0.898769 0.756470 0.614592
v 0.897884 0.756745 0.624006
v 0.895261 0.757559 0.633057
v 0.891003 0.758882 0.641399
v 0.912696 0.762010 0.639407
v 0.906973 0.763787 0.650618
v 0.939913 0.778643 0.648130
v 0.932179 0.781046 0.663281
v 0.952540 0.779791 0.652984
v 0.943686 0.782540 0.670328
v 0.962044 0.761612 0.658977
v 0.951808 0.764791 0.679028
v 0.938594 0.666390 0.661399
v 0.927800 0.669742 0.682546
v 0.913273 0.674254 0.701081
v 0.895572 0.679752 0.716292
v 0.938033 0.769070 0.696604
v 0.921249 0.774283 0.711028
v 0.931771 0.786241 0.685530
v 0.917253 0.790750 0.698007
v 0.921770 0.784278 0.676561
v 0.909087 0.788217 0.687460
v 0.899272 0.766179 0.660444
v 0.889888 0.769094 0.668508
v 0.885273 0.760662 0.648711
v 0.878290 0.762831 0.654712
v 0.870323 0.765305 0.659171
v 0.861679 0.767990 0.661917
v 0.879182 0.772419 0.674501
v 0.867565 0.776027 0.678191
v 0.894618 0.792711 0.695559
v 0.878917 0.797588 0.700546
v 0.900689 0.795895 0.707278
v 0.882716 0.801477 0.712986
v 0.902099 0.780230 0.721746
v 0.881321 0.786684 0.728346
v 0.875377 0.686024 0.727595
v 0.853465 0.692830 0.734555
v 0.830676 0.699907 0.736906
v 0.807888 0.706985 0.734555
v 0.859712 0.793395 0.730574
v 0.838104 0.800106 0.728346
v 0.864025 0.807282 0.714914
v 0.845334 0.813087 0.712986
v 0.862590 0.802659 0.702230
v 0.846262 0.807730 0.700546
v 0.855483 0.779779 0.679437
v 0.843402 0.783531 0.678191
v 0.852689 0.770782 0.662844
v 0.843699 0.773574 0.661917
v 0.835055 0.776259 0.659171
v 0.827088 0.778733 0.654712
v 0.831785 0.787139 0.674501
v 0.821079 0.790465 0.668508
v 0.830561 0.812606 0.695559
v 0.816092 0.817100 0.687460
v 0.827362 0.818669 0.707278
v 0.810798 0.823814 0.698007
v 0.817325 0.806560 0.721746
v 0.798176 0.812507 0.711028
v 0.785976 0.713791 0.727595
v 0.765781 0.720063 0.716292
v 0.748080 0.725561 0.701081
v 0.733553 0.730072 0.682546
v 0.781391 0.817720 0.696604
v 0.767617 0.821998 0.679028
v 0.796279 0.828323 0.685530
v 0.784365 0.832023 0.670328
v 0.803409 0.821039 0.676561
v 0.793001 0.824272 0.663281
v 0.811695 0.793379 0.660444
v 0.803993 0.795771 0.650618
v 0.820105 0.780902 0.648711
v 0.814375 0.782682 0.641399
v 0.810116 0.784004 0.633057
v 0.807494 0.784819 0.624006
v 0.798271 0.797548 0.639407
v 0.794747 0.798643 0.627243
v 0.785266 0.826674 0.648130
v 0.780504 0.828153 0.631689
v 0.775511 0.834773 0.652984
v 0.770059 0.836466 0.634164
v 0.757381 0.825177 0.658977
v 0.751078 0.827135 0.637219
v 0.722759 0.733425 0.661399
v 0.716112 0.735490 0.638454
v 0.713867 0.736187 0.614592
v 0.716112 0.735490 0.590730
v 0.748950 0.827796 0.614592
v 0.751078 0.827135 0.591965
v 0.768218 0.837038 0.614592
v 0.770059 0.836466 0.595020
v 0.778896 0.828653 0.614592
v 0.780504 0.828153 0.597495
v 0.793557 0.799013 0.614592
v 0.794747 0.798643 0.601942
v 0.806609 0.785094 0.614592
v 0.807494 0.784819 0.605179
v 0.810116 0.784004 0.596127
v 0.814375 0.782682 0.587785
v 0.798271 0.797548 0.589777
v 0.803993 0.795771 0.578566
v 0.785266 0.826674 0.581055
v 0.793001 0.824272 0.565903
v 0.775511 0.834773 0.576201
v 0.784365 0.832023 0.558856
v 0.757381 0.825177 0.570208
v 0.767617 0.821998 0.550156
v 0.722759 0.733425 0.567785
v 0.733553 0.730072 0.546639
v 0.748080 0.725561 0.528104
v 0.765781 0.720063 0.512892
v 0.781391 0.817720 0.532581
v 0.798176 0.812507 0.518157
v 0.796279 0.828323 0.543654
v 0.810798 0.823814 0.531178
v 0.803409 0.821039 0.552623
v 0.816092 0.817100 0.541724
v 0.811695 0.793379 0.568740
v 0.821079 0.790465 0.560676
v 0.820105 0.780902 0.580473
v 0.827088 0.778733 0.574472
v 0.835055 0.776259 0.570013
v 0.831785 0.787139 0.554684
v 0.830561 0.812606 0.533626
v 0.827362 0.818669 0.521907
v 0.817325 0.806560 0.507439
v 0.785976 0.713791 0.501589
v 1.157742 0.598326 0.492279
v 1.134953 0.605403 0.494629
v 1.180530 0.591248 0.494629
v 1.186777 0.691813 0.498610
v 1.165169 0.698524 0.500839
v 1.208386 0.685102 0.500839
v 1.191090 0.705700 0.514270
v 1.172399 0.711505 0.516198
v 1.209782 0.699895 0.516198
v 1.189655 0.701077 0.526955
v 1.173327 0.706148 0.528638
v 1.205983 0.696006 0.528638
v 1.182548 0.678197 0.549748
v 1.170467 0.681950 0.550994
v 1.194630 0.674445 0.550994
v 1.179754 0.669200 0.566341
v 1.170764 0.671992 0.567268
v 1.188744 0.666408 0.567268
v 1.197388 0.663723 0.570014
v 1.205355 0.661249 0.574472
v 1.206247 0.670837 0.554684
v 1.216953 0.667512 0.560676
v 1.221683 0.691130 0.533626
v 1.236153 0.686635 0.541724
v 1.227754 0.694313 0.521907
v 1.244318 0.689168 0.531178
v 1.229164 0.678648 0.507439
v 1.248314 0.672701 0.518157
v 1.202442 0.584442 0.501589
v 1.222637 0.578170 0.512892
v 1.240338 0.572672 0.528104
v 1.254865 0.568161 0.546639
v 1.265098 0.667488 0.532581
v 1.278873 0.663209 0.550156
v 1.258836 0.684659 0.543654
v 1.270751 0.680959 0.558856
v 1.248835 0.682696 0.552623
v 1.259244 0.679464 0.565903
v 1.226337 0.664597 0.568740
v 1.234038 0.662205 0.578567
v 1.212337 0.659080 0.580473
v 1.218068 0.657300 0.587785
v 1.222327 0.655978 0.596127
v 1.224949 0.655163 0.605179
v 1.239761 0.660428 0.589777
v 1.243285 0.659333 0.601942
v 1.266978 0.677062 0.581055
v 1.271740 0.675582 0.597495
v 1.279605 0.678209 0.576201
v 1.285057 0.676515 0.595020
v 1.289109 0.660030 0.570208
v 1.295412 0.658073 0.591965
v 1.265659 0.564808 0.567785
v 1.272306 0.562744 0.590730
v 1.274551 0.562046 0.614592
v 1.272306 0.562744 0.638454
v 1.297540 0.657412 0.614592
v 1.295412 0.658073 0.637219
v 1.286898 0.675944 0.614592
v 1.285057 0.676515 0.634164
v 1.273349 0.675083 0.614592
v 1.271740 0.675582 0.631689
v 1.244475 0.658964 0.614592
v 1.243285 0.659333 0.627243
v 1.225834 0.654888 0.614592
v 1.224949 0.655163 0.624006
v 1.222327 0.655978 0.633057
v 1.218068 0.657300 0.641399
v 1.239761 0.660428 0.639407
v 1.234038 0.662205 0.650618
v 1.266978 0.677062 0.648130
v 1.259244 0.679464 0.663281
v 1.279605 0.678209 0.652984
v 1.270751 0.680959 0.670328
v 1.289109 0.660030 0.658977
v 1.278873 0.663209 0.679028
v 1.265659 0.564808 0.661400
v 1.254865 0.568161 0.682546
v 1.240338 0.572672 0.701081
v 1.222637 0.578170 0.716292
v 1.265098 0.667488 0.696604
v 1.248314 0.672701 0.711028
v 1.258836 0.684659 0.685531
v 1.244318 0.689168 0.698007
v 1.248835 0.682696 0.676561
v 1.236153 0.686635 0.687460
v 1.226337 0.664597 0.660444
v 1.216953 0.667512 0.668509
v 1.212337 0.659080 0.648711
v 1.205355 0.661249 0.654712
v 1.197388 0.663723 0.659171
v 1.188744 0.666408 0.661917
v 1.206247 0.670837 0.674501
v 1.194630 0.674445 0.678191
v 1.221683 0.691130 0.695559
v 1.205983 0.696006 0.700546
v 1.227754 0.694313 0.707278
v 1.209782 0.699895 0.712986
v 1.229164 0.678648 0.721746
v 1.208386 0.685102 0.728346
v 1.202442 0.584442 0.727595
v 1.180530 0.591248 0.734555
v 1.157742 0.598326 0.736906
v 1.134953 0.605403 0.734555
v 1.186777 0.691813 0.730574
v 1.165169 0.698524 0.728346
v 1.191090 0.705700 0.714914
v 1.172399 0.711505 0.712986
v 1.189655 0.701077 0.702230
v 1.173327 0.706148 0.700546
v 1.182548 0.678197 0.679437
v 1.170467 0.681950 0.678191
v 1.179754 0.669200 0.662844
v 1.170764 0.671992 0.661917
v 1.162120 0.674677 0.659171
v 1.154153 0.677151 0.654712
v 1.158850 0.685558 0.674501
v 1.148144 0.688883 0.668509
v 1.157626 0.711025 0.695559
v 1.143157 0.715519 0.687460
v 1.154427 0.717087 0.707278
v 1.137863 0.722232 0.698007
v 1.144390 0.704978 0.721746
v 1.125241 0.710925 0.711028
v 1.113041 0.612209 0.727595
v 1.092846 0.618481 0.716292
v 1.075145 0.623979 0.701081
v 1.060618 0.628491 0.682546
v 1.108456 0.716138 0.696604
v 1.094682 0.720417 0.679028
v 1.123345 0.726741 0.685531
v 1.111430 0.730442 0.670328
v 1.130474 0.719458 0.676561
v 1.120066 0.722690 0.663281
v 1.138760 0.691797 0.660444
v 1.131058 0.694189 0.650618
v 1.147170 0.679320 0.648711
v 1.141440 0.681100 0.641399
v 1.137181 0.682423 0.633057
v 1.134559 0.683237 0.624006
v 1.125336 0.695967 0.639407
v 1.121812 0.697061 0.627243
v 1.112332 0.725092 0.648130
v 1.107569 0.726572 0.631689
v 1.102576 0.733191 0.652984
v 1.097124 0.734885 0.634164
v 1.084446 0.723596 0.658977
v 1.078143 0.725553 0.637219
v 1.049824 0.631843 0.661400
v 1.043177 0.633908 0.638454
v 1.040932 0.634605 0.614592
v 1.043177 0.633908 0.590730
v 1.076015 0.726214 0.614592
v 1.078143 0.725553 0.591965
v 1.095283 0.735456 0.614592
v 1.097124 0.734885 0.595020
v 1.105961 0.727071 0.614592
v 1.107569 0.726572 0.597495
v 1.120622 0.697431 0.614592
v 1.121812 0.697061 0.601942
v 1.133674 0.683512 0.614592
v 1.134559 0.683237 0.605179
v 1.137181 0.682423 0.596127
v 1.141440 0.681100 0.587785
v 1.125336 0.695967 0.589777
v 1.131058 0.694189 0.578567
v 1.112332 0.725092 0.581055
v 1.120066 0.722690 0.565903
v 1.102576 0.733191 0.576201
v 1.111430 0.730442 0.558856
v 1.084446 0.723596 0.570208
v 1.094682 0.720417 0.550156
v 1.049824 0.631843 0.567785
v 1.060618 0.628491 0.546639
v 1.075145 0.623979 0.528104
v 1.092846 0.618481 0.512892
v 1.108456 0.716138 0.532581
v 1.125241 0.710925 0.518157
v 1.123345 0.726741 0.543654
v 1.137863 0.722232 0.531178
v 1.130474 0.719458 0.552623
v 1.143157 0.715519 0.541724
v 1.138760 0.691797 0.568740
v 1.148144 0.688883 0.560676
v 1.147170 0.679320 0.580473
v 1.154153 0.677151 0.574472
v 1.162120 0.674677 0.570014
v 1.158850 0.685558 0.554684
v 1.157626 0.711025 0.533626
v 1.154427 0.717087 0.521907
v 1.144390 0.704978 0.507439
v 1.113041 0.612209 0.501589
v 0.830676 0.699907 0.198727
v 0.807888 0.706985 0.201077
v 0.853465 0.692830 0.201077
v 0.859712 0.793395 0.205058
v 0.838104 0.800106 0.207287
v 0.881321 0.786684 0.207287
v 0.864025 0.807282 0.220718
v 0.845334 0.813087 0.222646
v 0.882716 0.801477 0.222646
v 0.862590 0.802659 0.233402
v 0.846262 0.807730 0.235086
v 0.878917 0.797588 0.235086
v 0.855483 0.779779 0.256196
v 0.843402 0.783531 0.257442
v 0.867565 0.776027 0.257442
v 0.852689 0.770782 0.272789
v 0.843699 0.773574 0.273716
v 0.861679 0.767990 0.273716
v 0.870323 0.765305 0.276461
v 0.878290 0.762831 0.280920
v 0.879182 0.772419 0.261132
v 0.889888 0.769094 0.267124
v 0.894618 0.792711 0.240074
v 0.909087 0.788217 0.248172
v 0.900689 0.795895 0.228355
v 0.917253 0.790750 0.237626
v 0.902099 0.780230 0.213887
v 0.921249 0.774283 0.224605
v 0.875377 0.686024 0.208037
v 0.895572 0.679752 0.219340
v 0.913273 0.674254 0.234552
v 0.927800 0.669742 0.253087
v 0.938033 0.769070 0.239029
v 0.951808 0.764791 0.256604
v 0.931771 0.786241 0.250102
v 0.943686 0.782540 0.265304
v 0.921770 0.784278 0.259071
v 0.932179 0.781046 0.272351
v 0.899272 0.766179 0.275188
v 0.906973 0.763787 0.285014
v 0.885273 0.760662 0.286921
v 0.891003 0.758882 0.294233
v 0.895261 0.757559 0.302575
v 0.897884 0.756745 0.311627
v 0.912696 0.762010 0.296225
v 0.916220 0.760915 0.308390
v 0.939913 0.778643 0.287503
v 0.944675 0.777164 0.303943
v 0.952540 0.779791 0.282649
v 0.957992 0.778097 0.301468
v 0.962044 0.761612 0.276656
v 0.968347 0.759655 0.298413
v 0.938594 0.666390 0.274233
v 0.945241 0.664325 0.297178
v 0.947486 0.663628 0.321040
v 0.945241 0.664325 0.344902
v 0.970475 0.758994 0.321040
v 0.968347 0.759655 0.343667
v 0.959833 0.777525 0.321040
v 0.957992 0.778097 0.340612
v 0.946284 0.776665 0.321040
v 0.944675 0.777164 0.338137
v 0.917410 0.760546 0.321040
v 0.916220 0.760915 0.333691
v 0.898769 0.756470 0.321040
v 0.897884 0.756745 0.330454
v 0.895261 0.757559 0.339505
v 0.891003 0.758882 0.347847
v 0.912696 0.762010 0.345855
v 0.906973 0.763787 0.357066
v 0.939913 0.778643 0.354578
v 0.932179 0.781046 0.369729
v 0.952540 0.779791 0.359432
v 0.943686 0.782540 0.376776
v 0.962044 0.761612 0.365425
v 0.951808 0.764791 0.385476
v 0.938594 0.666390 0.367847
v 0.927800 0.669742 0.388994
v 0.913273 0.674254 0.407529
v 0.895572 0.679752 0.422740
v 0.938033 0.769070 0.403052
v 0.921249 0.774283 0.417476
v 0.931771 0.786241 0.391978
v 0.917253 0.790750 0.404455
v 0.921770 0.784278 0.383009
v 0.909087 0.788217 0.393908
v 0.899272 0.766179 0.366892
v 0.889888 0.769094 0.374956
v 0.885273 0.760662 0.355159
v 0.878290 0.762831 0.361160
v 0.870323 0.765305 0.365619
v 0.861679 0.767990 0.368365
v 0.879182 0.772419 0.380949
v 0.867565 0.776027 0.384639
v 0.894618 0.792711 0.402007
v 0.878917 0.797588 0.406994
v 0.900689 0.795895 0.413725
v 0.882716 0.801477 0.419434
v 0.902099 0.780230 0.428194
v 0.881321 0.786684 0.434794
v 0.875377 0.686024 0.434043
v 0.853465 0.692830 0.441003
v 0.830676 0.699907 0.443354
v 0.807888 0.706985 0.441003
v 0.859712 0.793395 0.437022
v 0.838104 0.800106 0.434794
v 0.864025 0.807282 0.421362
v 0.845334 0.813087 0.419434
v 0.862590 0.802659 0.408678
v 0.846262 0.807730 0.406994
v 0.855483 0.779779 0.385885
v 0.843402 0.783531 0.384639
v 0.852689 0.770782 0.369292
v 0.843699 0.773574 0.368365
v 0.835055 0.776259 0.365619
v 0.827088 0.778733 0.361160
v 0.831785 0.787139 0.380949
v 0.821079 0.790465 0.374956
v 0.830561 0.812606 0.402007
v 0.816092 0.817100 0.393908
v 0.827362 0.818669 0.413725
v 0.810798 0.823814 0.404455
v 0.817325 0.806560 0.428194
v 0.798176 0.812507 0.417476
v 0.785976 0.713791 0.434043
v 0.765781 0.720063 0.422740
v 0.748080 0.725561 0.407529
v 0.733553 0.730072 0.388994
v 0.781391 0.817720 0.403052
v 0.767617 0.821998 0.385476
v 0.796279 0.828323 0.391978
v 0.784365 0.832023 0.376776
v 0.803409 0.821039 0.383009
v 0.793001 0.824272 0.369729
v 0.811695 0.793379 0.366892
v 0.803993 0.795771 0.357066
v 0.820105 0.780902 0.355159
v 0.814375 0.782682 0.347847
v 0.810116 0.784004 0.339505
v 0.807494 0.784819 0.330454
v 0.798271 0.797548 0.345855
v 0.794747 0.798643 0.333691
v 0.785266 0.826674 0.354578
v 0.780504 0.828153 0.338137
v 0.775511 0.834773 0.359432
v 0.770059 0.836466 0.340612
v 0.757381 0.825177 0.365425
v 0.751078 0.827135 0.343667
v 0.722759 0.733425 0.367847
v 0.716112 0.735490 0.344902
v 0.713867 0.736187 0.321040
v 0.716112 0.735490 0.297178
v 0.748950 0.827796 0.321040
v 0.751078 0.827135 0.298413
v 0.768218 0.837038 0.321040
v 0.770059 0.836466 0.301468
v 0.778896 0.828653 0.321040
v 0.780504 0.828153 0.303943
v 0.793557 0.799013 0.321040
v 0.794747 0.798643 0.308390
v 0.806609 0.785094 0.321040
v 0.807494 0.784819 0.311627
v 0.810116 0.784004 0.302575
v 0.814375 0.782682 0.294233
v 0.798271 0.797548 0.296225
v 0.803993 0.795771 0.285014
v 0.785266 0.826674 0.287503
v 0.793001 0.824272 0.272351
v 0.775511 0.834773 0.282649
v 0.784365 0.832023 0.265304
v 0.757381 0.825177 0.276656
v 0.767617 0.821998 0.256604
v 0.722759 0.733425 0.274233
v 0.733553 0.730072 0.253087
v 0.748080 0.725561 0.234552
v 0.765781 0.720063 0.219340
v 0.781391 0.817720 0.239029
v 0.798176 0.812507 0.224605
v 0.796279 0.828323 0.250102
v 0.810798 0.823814 0.237626
v 0.803409 0.821039 0.259071
v 0.816092 0.817100 0.248172
v 0.811695 0.793379 0.275188
v 0.821079 0.790465 0.267124
v 0.820105 0.780902 0.286921
v 0.827088 0.778733 0.280920
v 0.835055 0.776259 0.276461
v 0.831785 0.787139 0.261132
v 0.830561 0.812606 0.240074
v 0.827362 0.818669 0.228355
v 0.817325 0.806560 0.213887
v 0.785976 0.713791 0.208037
v 1.157742 0.598326 0.198727
v 1.134954 0.605403 0.201077
v 1.180530 0.591248 0.201077
v 1.186778 0.691813 0.205058
v 1.165169 0.698524 0.207287
v 1.208387 0.685102 0.207287
v 1.191091 0.705700 0.220718
v 1.172400 0.711505 0.222646
v 1.209782 0.699895 0.222646
v 1.189655 0.701077 0.233402
v 1.173327 0.706148 0.235086
v 1.205983 0.696006 0.235086
v 1.182549 0.678197 0.256196
v 1.170467 0.681950 0.257442
v 1.194630 0.674445 0.257442
v 1.179754 0.669200 0.272789
v 1.170764 0.671992 0.273716
v 1.188744 0.666408 0.273716
v 1.197388 0.663723 0.276461
v 1.205355 0.661249 0.280920
v 1.206247 0.670837 0.261132
v 1.216953 0.667512 0.267124
v 1.221683 0.691130 0.240074
v 1.236153 0.686635 0.248172
v 1.227755 0.694313 0.228355
v 1.244318 0.689168 0.237626
v 1.229165 0.678648 0.213887
v 1.248314 0.672701 0.224605
v 1.202443 0.584442 0.208037
v 1.222638 0.578170 0.219340
v 1.240338 0.572672 0.234552
v 1.254865 0.568161 0.253087
v 1.265099 0.667488 0.239029
v 1.278874 0.663209 0.256604
v 1.258837 0.684659 0.250102
v 1.270752 0.680959 0.265304
v 1.248836 0.682696 0.259071
v 1.259244 0.679464 0.272351
v 1.226337 0.664597 0.275188
v 1.234039 0.662205 0.285014
v 1.212338 0.659080 0.286921
v 1.218069 0.657300 0.294233
v 1.222327 0.655978 0.302575
v 1.224949 0.655163 0.311627
v 1.239761 0.660428 0.296225
v 1.243285 0.659333 0.308390
v 1.266978 0.677062 0.287503
v 1.271741 0.675582 0.303943
v 1.279605 0.678209 0.282649
v 1.285057 0.676515 0.301468
v 1.289109 0.660030 0.276656
v 1.295412 0.658073 0.298413
v 1.265659 0.564808 0.274233
v 1.272307 0.562744 0.297178
v 1.274551 0.562046 0.321040
v 1.272307 0.562744 0.344902
v 1.297540 0.657412 0.321040
v 1.295412 0.658073 0.343667
v 1.286898 0.675944 0.321040
v 1.285057 0.676515 0.340612
v 1.273349 0.675083 0.321040
v 1.271741 0.675582 0.338137
v 1.244475 0.658964 0.321040
v 1.243285 0.659333 0.333691
v 1.225834 0.654888 0.321040
v 1.224949 0.655163 0.330454
v 1.222327 0.655978 0.339505
v 1.218069 0.657300 0.347847
v 1.239761 0.660428 0.345855
v 1.234039 0.662205 0.357066
v 1.266978 0.677062 0.354578
v 1.259244 0.679464 0.369729
v 1.279605 0.678209 0.359432
v 1.270752 0.680959 0.376776
v 1.289109 0.660030 0.365425
v 1.278874 0.663209 0.385476
v 1.265659 0.564808 0.367847
v 1.254865 0.568161 0.388994
v 1.240338 0.572672 0.407529
v 1.222638 0.578170 0.422740
v 1.265099 0.667488 0.403052
v 1.248314 0.672701 0.417476
v 1.258837 0.684659 0.391978
v 1.244318 0.689168 0.404455
v 1.248836 0.682696 0.383009
v 1.236153 0.686635 0.393908
v 1.226337 0.664597 0.366892
v 1.216953 0.667512 0.374956
v 1.212338 0.659080 0.355159
v 1.205355 0.661249 0.361160
v 1.197388 0.663723 0.365619
v 1.188744 0.666408 0.368365
v 1.206247 0.670837 0.380949
v 1.194630 0.674445 0.384639
v 1.221683 0.691130 0.402007
v 1.205983 0.696006 0.406994
v 1.227755 0.694313 0.413725
v 1.209782 0.699895 0.419434
v 1.229165 0.678648 0.428194
v 1.208387 0.685102 0.434794
v 1.202443 0.584442 0.434043
v 1.180530 0.591248 0.441003
v 1.157742 0.598326 0.443354
v 1.134954 0.605403 0.441003
v 1.186778 0.691813 0.437022
v 1.165169 0.698524 0.434794
v 1.191091 0.705700 0.421362
v 1.172400 0.711505 0.419434
v 1.189655 0.701077 0.408678
v 1.173327 0.706148 0.406994
v 1.182549 0.678197 0.385885
v 1.170467 0.681950 0.384639
v 1.179754 0.669200 0.369292
v 1.170764 0.671992 0.368365
v 1.162120 0.674677 0.365619
v 1.154153 0.677151 0.361160
v 1.158851 0.685558 0.380949
v 1.148144 0.688883 0.374956
v 1.157627 0.711025 0.402007
v 1.143157 0.715519 0.393908
v 1.154427 0.717087 0.413725
v 1.137863 0.722232 0.404455
v 1.144391 0.704978 0.428194
v 1.125241 0.710925 0.417476
v 1.113041 0.612209 0.434043
v 1.092846 0.618481 0.422740
v 1.075145 0.623979 0.407529
v 1.060619 0.628491 0.388994
v 1.108457 0.716138 0.403052
v 1.094682 0.720417 0.385476
v 1.123345 0.726741 0.391978
v 1.111430 0.730442 0.376776
v 1.130474 0.719458 0.383009
v 1.120066 0.722690 0.369729
v 1.138760 0.691797 0.366892
v 1.131059 0.694189 0.357066
v 1.147171 0.679320 0.355159
v 1.141440 0.681100 0.347847
v 1.137182 0.682423 0.339505
v 1.134559 0.683237 0.330454
v 1.125336 0.695967 0.345855
v 1.121812 0.697061 0.333691
v 1.112332 0.725092 0.354578
v 1.107569 0.726572 0.338137
v 1.102576 0.733191 0.359432
v 1.097124 0.734885 0.340612
v 1.084446 0.723596 0.365425
v 1.078143 0.725553 0.343667
v 1.049824 0.631843 0.367847
v 1.043177 0.633908 0.344902
v 1.040933 0.634605 0.321040
v 1.043177 0.633908 0.297178
v 1.076015 0.726214 0.321040
v 1.078143 0.725553 0.298413
v 1.095284 0.735456 0.321040
v 1.097124 0.734885 0.301468
v 1.105961 0.727071 0.321040
v 1.107569 0.726572 0.303943
v 1.120622 0.697431 0.321040
v 1.121812 0.697061 0.308390
v 1.133674 0.683512 0.321040
v 1.134559 0.683237 0.311627
v 1.137182 0.682423 0.302575
v 1.141440 0.681100 0.294233
v 1.125336 0.695967 0.296225
v 1.131059 0.694189 0.285014
v 1.112332 0.725092 0.287503
v 1.120066 0.722690 0.272351
v 1.102576 0.733191 0.282649
v 1.111430 0.730442 0.265304
v 1.084446 0.723596 0.276656
v 1.094682 0.720417 0.256604
v 1.049824 0.631843 0.274233
v 1.060619 0.628491 0.253087
v 1.075145 0.623979 0.234552
v 1.092846 0.618481 0.219340
v 1.108457 0.716138 0.239029
v 1.125241 0.710925 0.224605
v 1.123345 0.726741 0.250102
v 1.137863 0.722232 0.237626
v 1.130474 0.719458 0.259071
v 1.143157 0.715519 0.248172
v 1.138760 0.691797 0.275188
v 1.148144 0.688883 0.267124
v 1.147171 0.679320 0.286921
v 1.154153 0.677151 0.280920
v 1.162120 0.674677 0.276461
v 1.158851 0.685558 0.261132
v 1.157627 0.711025 0.240074
v 1.154427 0.717087 0.228355
v 1.144391 0.704978 0.213887
v 1.113041 0.612209 0.208037
v 0.952093 -2.402734 -0.100007
v 0.952093 -2.346627 -0.064631
v 0.932367 -2.346627 -0.100007
v 0.952093 -1.934633 -0.064631
v 0.952093 -1.878526 -0.100007
v 0.932367 -1.934633 -0.100007
v 0.952093 -2.402734 -0.359771
v 0.932367 -2.346627 -0.359771
v 0.952093 -2.346627 -0.395147
v 0.952093 -1.878526 -0.359771
v 0.952093 -1.934633 -0.395147
v 0.932367 -1.934633 -0.359771
v 1.096942 -2.402734 -0.100007
v 1.116668 -2.337624 -0.107204
v 1.096942 -2.346627 -0.064631
v 1.096942 -1.878526 -0.100007
v 1.096942 -1.934633 -0.064631
v 1.116668 -1.943636 -0.107204
v 1.096942 -2.402734 -0.359771
v 1.096942 -2.346627 -0.395147
v 1.116668 -2.337624 -0.352575
v 1.096942 -1.878526 -0.359771
v 1.116668 -1.943636 -0.352575
v 1.096942 -1.934633 -0.395147
v 1.116668 -1.934633 -0.359771
v 1.116668 -2.346627 -0.359771
v 1.116668 -2.346627 -0.100007
v 1.116668 -1.934633 -0.100007
v 0.985916 -1.943636 -0.352575
v 0.985916 -2.337624 -0.352575
v 0.985916 -2.337624 -0.107204
v 0.985916 -1.943636 -0.107204
v 1.130498 -1.943637 -0.352575
v 1.130498 -2.337624 -0.352575
v 1.130498 -2.337624 -0.107204
v 1.130498 -1.943637 -0.107204
v 1.130498 -1.984482 -0.137770
v 1.130498 -1.984482 -0.154194
v 1.130498 -2.296780 -0.154194
v 1.130498 -2.296780 -0.137770
v 1.092751 -1.943637 -0.352575
v 1.092751 -2.337624 -0.352575
v 1.092751 -2.337624 -0.107204
v 1.092751 -1.943637 -0.107204
v 1.092751 -1.984482 -0.137770
v 1.092751 -2.296780 -0.137770
v 1.092751 -1.984482 -0.154194
v 1.092751 -2.296780 -0.154194
v 0.955364 -3.101321 -0.208492
v 0.955364 -3.041051 -0.165786
v 0.932876 -3.041051 -0.208492
v 0.955364 -2.834402 -0.165786
v 0.955364 -2.774132 -0.208492
v 0.932876 -2.834402 -0.208492
v 0.955364 -3.101321 -0.354922
v 0.932876 -3.041051 -0.354922
v 0.955364 -3.041051 -0.397628
v 0.955364 -2.774132 -0.354922
v 0.955364 -2.834402 -0.397628
v 0.932876 -2.834402 -0.354922
v 1.032469 -3.101321 -0.208492
v 1.054957 -3.041051 -0.208492
v 1.032469 -3.041051 -0.165786
v 1.032469 -2.774132 -0.208492
v 1.032469 -2.834402 -0.165786
v 1.054957 -2.834402 -0.208492
v 1.032469 -3.101321 -0.354922
v 1.032469 -3.041051 -0.397628
v 1.054957 -3.041051 -0.354922
v 1.032469 -2.774132 -0.354922
v 1.054957 -2.834402 -0.354922
v 1.032469 -2.834402 -0.397628
vn -0.0000 1.0000 -0.0000
vn -0.0000 -0.0000 1.0000
vn -1.0000 -0.0000 -0.0000
vn -0.0000 -0.0000 -1.0000
vn 0.2903 0.9569 -0.0000
vn 0.6953 -0.7187 -0.0000
vn 1.0000 -0.0000 -0.0000
vn -0.0000 -1.0000 -0.0000
vn 0.1123 0.0563 -0.9921
vn 0.5293 -0.6311 -0.5670
vn 0.9096 0.4155 -0.0000
vn -0.1798 0.9837 -0.0000
vn 0.1123 0.0563 0.9921
vn 0.5461 -0.8377 -0.0000
vn -0.5928 0.8053 -0.0000
vn -0.2842 -0.9588 -0.0000
vn 0.6426 -0.7662 -0.0000
vn -0.4118 -0.9113 -0.0000
vn 0.5293 -0.6311 0.5670
vn 0.9690 0.2469 -0.0000
vn -0.8349 -0.2935 0.4656
vn -0.8349 0.2935 0.4656
vn -0.8349 -0.2935 -0.4656
vn -0.8349 0.2935 -0.4656
vn 0.8349 -0.2935 0.4656
vn 0.8349 0.2935 0.4656
vn 0.8349 -0.2935 -0.4656
vn 0.8349 0.2935 -0.4656
vn -0.9434 -0.3317 -0.0000
vn -0.8734 -0.0000 0.4870
vn -0.9434 0.3317 -0.0000
vn -0.8734 -0.0000 -0.4870
vn -0.0000 -0.5333 -0.8459
vn -0.0000 0.5333 -0.8459
vn 0.8734 -0.0000 -0.4870
vn 0.9434 -0.3317 -0.0000
vn 0.9434 0.3317 -0.0000
vn 0.8734 -0.0000 0.4870
vn -0.0000 -0.5333 0.8459
vn -0.0000 0.5333 0.8459
vn 0.9488 -0.0000 0.3159
vn 0.6129 0.7901 -0.0000
vn 0.9488 -0.0000 -0.3159
vn -0.9905 -0.0869 0.1064
vn -0.9905 0.0869 0.1064
vn -0.9905 -0.0869 -0.1064
vn -0.9905 0.0869 -0.1064
vn 0.5507 -0.5278 0.6466
vn 0.8651 -0.3172 0.3886
vn 0.5624 -0.5230 0.6404
vn 0.5507 0.5279 0.6465
vn 0.5624 0.5229 0.6405
vn 0.8651 0.3172 0.3886
vn 0.5507 -0.5277 -0.6468
vn 0.5624 -0.5229 -0.6405
vn 0.8651 -0.3172 -0.3886
vn 0.5507 0.5278 -0.6466
vn 0.8651 0.3172 -0.3886
vn 0.5624 0.5230 -0.6404
vn -0.9962 -0.0874 -0.0000
vn -0.9943 -0.0000 0.1068
vn -0.9962 0.0874 -0.0000
vn -0.9943 -0.0000 -0.1068
vn -0.0000 -0.6324 -0.7747
vn -0.0000 0.6324 -0.7747
vn 0.9853 -0.0000 -0.1709
vn 0.9901 -0.1402 -0.0000
vn 0.9901 0.1402 -0.0000
vn 0.9853 -0.0000 0.1709
vn -0.0000 -0.6324 0.7747
vn -0.0000 0.6324 0.7747
vn 0.6129 -0.7901 -0.0000
vn 0.5303 -0.0000 0.8478
vn 0.5303 -0.0000 -0.8478
vn -0.6426 0.7662 -0.0000
vn -0.9096 -0.4155 -0.0000
vn 0.5525 -0.8335 -0.0000
vn 0.0053 1.0000 -0.0000
vn -0.0077 -1.0000 -0.0000
vn -0.8402 -0.3135 0.4424
vn -0.8402 0.3135 0.4424
vn -0.8402 -0.3135 -0.4424
vn -0.8402 0.3135 -0.4424
vn 0.8402 -0.3135 0.4424
vn 0.8402 0.3135 0.4424
vn 0.8402 -0.3135 -0.4424
vn 0.8402 0.3135 -0.4424
vn -0.9369 -0.3496 -0.0000
vn -0.8848 -0.0000 0.4659
vn -0.9369 0.3496 -0.0000
vn -0.8848 -0.0000 -0.4659
vn -0.0000 -0.5782 -0.8159
vn -0.0000 0.5782 -0.8159
vn 0.8848 -0.0000 -0.4659
vn 0.9369 -0.3496 -0.0000
vn 0.9369 0.3496 -0.0000
vn 0.8848 -0.0000 0.4659
vn -0.0000 -0.5781 0.8159
vn -0.0000 0.5781 0.8159
vn -0.0000 -0.1951 -0.9808
vn -0.0000 -0.3827 -0.9239
vn -0.0000 -0.5556 -0.8315
vn -0.0000 -0.7071 -0.7071
vn -0.0000 -0.8315 -0.5556
vn -0.0000 -0.9239 -0.3827
vn -0.0000 -0.9808 -0.1951
vn -0.0000 -0.9808 0.1951
vn -0.0000 -0.9239 0.3827
vn -0.0000 -0.8315 0.5556
vn -0.0000 -0.7071 0.7071
vn -0.0000 -0.5556 0.8315
vn -0.0000 -0.3827 0.9239
vn -0.0000 -0.1951 0.9808
vn -0.0000 0.1951 0.9808
vn -0.0000 0.3827 0.9239
vn -0.0000 0.5556 0.8315
vn -0.0000 0.7071 0.7071
vn -0.0000 0.8315 0.5556
vn -0.0000 0.9239 0.3827
vn -0.0000 0.9808 0.1951
vn -0.0000 0.9808 -0.1951
vn -0.0000 0.9239 -0.3827
vn -0.0000 0.8315 -0.5556
vn -0.0000 0.7071 -0.7071
vn -0.0000 0.5556 -0.8315
vn -0.0000 0.3827 -0.9239
vn 0.4251 0.5029 0.7526
vn 0.4251 0.6400 0.6400
vn -0.0000 0.1951 -0.9808
vn -0.0000 -0.9239 -0.3826
vn -0.0000 0.5555 -0.8315
vn -0.0000 0.5556 -0.8314
vn -0.0000 0.8315 -0.5555
vn -0.0000 0.8314 -0.5556
vn 0.4251 0.8877 0.1766
vn 0.4251 0.8363 0.3464
vn 0.6975 0.6621 0.2742
vn 0.6975 0.7028 0.1398
vn 0.4251 -0.8362 -0.3464
vn 0.4251 -0.8877 -0.1766
vn 0.4251 0.7526 0.5029
vn 0.4251 -0.9051 -0.0000
vn 0.4251 -0.8877 0.1766
vn -0.0000 -0.9239 0.3826
vn 0.4251 -0.8362 0.3464
vn 0.4251 0.9052 -0.0000
vn 0.4251 -0.7526 0.5029
vn 0.4251 0.8877 -0.1766
vn 0.4251 -0.6400 0.6401
vn 0.4251 0.8362 -0.3464
vn 0.4251 -0.5029 0.7526
vn 0.4251 0.7526 -0.5029
vn 0.4251 -0.3464 0.8362
vn 0.4251 -0.0000 -0.9051
vn 0.4251 -0.1766 -0.8877
vn 0.4251 0.6400 -0.6400
vn 0.4251 -0.1766 0.8878
vn 0.4251 -0.3464 -0.8362
vn 0.4251 0.5029 -0.7526
vn 0.4251 -0.0000 0.9052
vn 0.4251 -0.5029 -0.7526
vn 0.4251 0.3464 -0.8362
vn 0.4251 0.1766 0.8878
vn 0.4251 -0.6401 -0.6400
vn 0.4251 0.1766 -0.8878
vn 0.4251 0.3464 0.8362
vn 0.4251 -0.7526 -0.5029
vn 0.6975 -0.7028 0.1398
vn 0.6975 -0.6621 0.2742
vn 0.6975 0.7166 -0.0000
vn 0.6975 -0.5958 0.3982
vn 0.6975 0.7028 -0.1398
vn 0.6975 -0.5067 0.5067
vn 0.6975 0.6620 -0.2743
vn 0.6975 -0.3981 0.5958
vn 0.6975 0.5958 -0.3981
vn 0.6975 -0.2742 0.6621
vn 0.6975 -0.0000 -0.7166
vn 0.6975 -0.1398 -0.7028
vn 0.6975 0.5067 -0.5067
vn 0.6975 -0.1398 0.7028
vn 0.6975 -0.2742 -0.6621
vn 0.6975 0.3981 -0.5958
vn 0.6975 -0.0000 0.7166
vn 0.6975 -0.3981 -0.5958
vn 0.6975 0.2742 -0.6621
vn 0.6975 0.1398 0.7028
vn 0.6975 -0.5067 -0.5067
vn 0.6975 0.1398 -0.7028
vn 0.6975 0.2742 0.6621
vn 0.6975 -0.5958 -0.3981
vn 0.6975 0.3981 0.5958
vn 0.6975 -0.6621 -0.2742
vn 0.6975 0.5067 0.5067
vn 0.6975 -0.7028 -0.1398
vn 0.6975 0.5959 0.3981
vn 0.6975 -0.7166 -0.0000
vn -0.0000 -0.8314 0.5556
vn 0.2966 0.9550 -0.0000
vn -0.2966 -0.9550 -0.0000
vn -0.4325 0.9016 -0.0000
vn -0.4200 0.8978 0.1327
vn -0.5103 0.2261 0.8297
vn -0.3456 0.1749 0.9220
vn 0.0191 0.0616 -0.9979
vn -0.1668 0.1194 -0.9787
vn 0.8115 -0.1845 -0.5544
vn 0.6930 -0.1477 -0.7056
vn -0.1668 0.1194 0.9787
vn -0.3456 0.1749 -0.9220
vn 0.5486 -0.1028 -0.8297
vn 0.0191 0.0616 0.9979
vn -0.5103 0.2261 -0.8297
vn 0.3838 -0.0516 -0.9220
vn 0.2051 0.0039 0.9787
vn -0.6547 0.2709 -0.7056
vn 0.2051 0.0039 -0.9787
vn 0.3838 -0.0516 0.9220
vn -0.7733 0.3077 -0.5544
vn 0.5486 -0.1028 0.8297
vn -0.8613 0.3351 -0.3819
vn 0.6930 -0.1477 0.7056
vn -0.9156 0.3519 -0.1947
vn 0.8115 -0.1845 0.5544
vn -0.9339 0.3576 -0.0000
vn 0.8996 -0.2118 0.3819
vn -0.9156 0.3519 0.1947
vn 0.9538 -0.2287 0.1947
vn -0.8613 0.3351 0.3819
vn 0.9722 -0.2344 -0.0000
vn -0.7733 0.3077 0.5544
vn 0.9538 -0.2287 -0.1947
vn -0.6547 0.2709 0.7056
vn 0.8996 -0.2118 -0.3819
vn 0.5602 0.8043 -0.1981
vn 0.5179 0.8174 -0.2521
vn 0.6165 0.6868 -0.3850
vn 0.6812 0.6667 -0.3025
vn 0.8177 0.5134 0.2604
vn 0.8547 0.5019 0.1327
vn -0.3830 0.8863 0.2604
vn 0.8672 0.4980 -0.0000
vn -0.3230 0.8676 0.3780
vn 0.8547 0.5019 -0.1328
vn -0.2421 0.8425 0.4811
vn 0.8177 0.5134 -0.2604
vn -0.1437 0.8120 0.5658
vn 0.7577 0.5320 -0.3780
vn -0.0313 0.7771 0.6286
vn 0.2174 0.6998 -0.6805
vn 0.0906 0.7392 -0.6674
vn 0.6769 0.5571 -0.4811
vn 0.6769 0.5571 -0.4812
vn 0.0906 0.7392 0.6674
vn -0.0313 0.7771 -0.6286
vn 0.5784 0.5877 -0.5658
vn 0.2174 0.6998 0.6804
vn -0.1437 0.8120 -0.5658
vn 0.4660 0.6226 -0.6287
vn 0.3441 0.6605 0.6674
vn -0.2421 0.8425 -0.4812
vn 0.3441 0.6604 -0.6674
vn 0.4660 0.6226 0.6286
vn -0.3230 0.8676 -0.3780
vn 0.5784 0.5877 0.5658
vn -0.3830 0.8863 -0.2604
vn 0.6769 0.5571 0.4811
vn -0.4200 0.8978 -0.1328
vn 0.7577 0.5320 0.3780
vn 0.4478 0.7392 -0.5031
vn 0.3502 0.7695 -0.5341
vn 0.3482 0.7123 -0.6094
vn 0.4595 0.6777 -0.5741
vn -0.0568 0.9960 0.0696
vn -0.0375 0.9899 0.1364
vn -0.2317 0.9502 0.2084
vn -0.2612 0.9594 0.1062
vn 0.4663 0.8335 -0.2965
vn 0.5377 0.7113 -0.4528
vn -0.0060 0.9802 0.1981
vn -0.1836 0.9353 0.3025
vn 0.4074 0.8517 -0.3294
vn 0.2771 0.8922 0.3566
vn 0.3435 0.8716 0.3497
vn 0.3502 0.7695 0.5341
vn 0.2488 0.8010 0.5445
vn 0.0363 0.9670 0.2521
vn -0.1189 0.9152 0.3851
vn 0.3435 0.8716 -0.3497
vn 0.4074 0.8518 0.3294
vn 0.4478 0.7392 0.5031
vn 0.0879 0.9510 0.2965
vn -0.0401 0.8907 0.4528
vn 0.2771 0.8922 -0.3566
vn 0.2488 0.8010 -0.5445
vn 0.4663 0.8335 0.2965
vn 0.5377 0.7113 0.4528
vn 0.1468 0.9327 0.3294
vn 0.0498 0.8628 0.5031
vn 0.2107 0.9129 -0.3497
vn 0.1473 0.8325 -0.5341
vn 0.5179 0.8174 0.2521
vn 0.6165 0.6868 0.3850
vn 0.2107 0.9129 0.3497
vn 0.1473 0.8325 0.5341
vn 0.1468 0.9327 -0.3295
vn 0.0498 0.8628 -0.5031
vn 0.5602 0.8043 0.1981
vn 0.6812 0.6667 0.3025
vn 0.0879 0.9510 -0.2965
vn -0.0401 0.8907 -0.4528
vn 0.5917 0.7945 0.1365
vn 0.7292 0.6518 0.2084
vn 0.0363 0.9670 -0.2521
vn -0.1189 0.9152 -0.3851
vn 0.6111 0.7885 0.0696
vn 0.7588 0.6426 0.1062
vn -0.0060 0.9802 -0.1981
vn -0.1836 0.9353 -0.3025
vn 0.6176 0.7865 -0.0000
vn 0.7688 0.6395 -0.0000
vn -0.0375 0.9899 -0.1364
vn -0.2317 0.9502 -0.2084
vn 0.6111 0.7885 -0.0696
vn 0.7588 0.6426 -0.1062
vn -0.0568 0.9960 -0.0696
vn -0.2613 0.9594 -0.1062
vn 0.5917 0.7945 -0.1365
vn 0.7292 0.6518 -0.2084
vn -0.0634 0.9980 -0.0000
vn -0.2712 0.9625 -0.0000
vn 0.1166 0.7842 -0.6094
vn 0.0053 0.8188 -0.5741
vn 0.1869 0.9502 -0.2496
vn 0.2353 0.9351 -0.2649
vn 0.4595 0.6777 0.5741
vn 0.3482 0.7123 0.6094
vn -0.0973 0.8506 0.5167
vn -0.1872 0.8786 0.4394
vn 0.2324 0.7483 -0.6214
vn 0.5621 0.6459 0.5167
vn 0.0053 0.8188 0.5741
vn 0.6520 0.6179 0.4394
vn 0.1166 0.7842 0.6094
vn 0.7258 0.5950 0.3452
vn 0.2324 0.7483 0.6214
vn -0.0973 0.8507 -0.5166
vn 0.7806 0.5780 0.2378
vn -0.1872 0.8786 -0.4394
vn 0.8144 0.5675 0.1212
vn -0.2610 0.9015 -0.3452
vn 0.8258 0.5640 -0.0000
vn -0.3158 0.9185 -0.2378
vn 0.8144 0.5675 -0.1212
vn -0.3496 0.9290 -0.1212
vn 0.7806 0.5780 -0.2378
vn -0.3610 0.9326 -0.0000
vn 0.7258 0.5950 -0.3452
vn -0.3496 0.9290 0.1212
vn 0.6520 0.6179 -0.4394
vn -0.3158 0.9185 0.2378
vn 0.5621 0.6459 -0.5166
vn -0.2610 0.9015 0.3452
vn 0.3359 0.9039 0.2649
vn 0.3843 0.8888 0.2496
vn 0.4289 0.8750 0.2246
vn 0.4680 0.8628 0.1910
vn 0.5001 0.8529 0.1501
vn 0.5239 0.8455 0.1034
vn 0.5386 0.8409 0.0527
vn 0.5435 0.8394 -0.0000
vn 0.5386 0.8409 -0.0527
vn 0.5239 0.8455 -0.1034
vn 0.5001 0.8529 -0.1501
vn 0.4680 0.8628 -0.1910
vn 0.4289 0.8750 -0.2246
vn 0.3843 0.8888 -0.2496
vn 0.3359 0.9039 -0.2649
vn 0.2856 0.9195 -0.2701
vn 0.1423 0.9640 -0.2246
vn 0.1032 0.9761 -0.1910
vn 0.0711 0.9861 -0.1501
vn 0.0473 0.9935 -0.1034
vn 0.0326 0.9981 -0.0527
vn 0.0276 0.9996 -0.0000
vn 0.0326 0.9981 0.0527
vn 0.0473 0.9935 0.1034
vn 0.0711 0.9861 0.1501
vn 0.1032 0.9761 0.1910
vn 0.1423 0.9640 0.2246
vn 0.1869 0.9502 0.2496
vn 0.2353 0.9351 0.2649
vn 0.2856 0.9195 0.2701
vn 0.1863 -0.0579 -0.9808
vn 0.3655 -0.1135 -0.9239
vn 0.5306 -0.1648 -0.8315
vn 0.6753 -0.2097 -0.7071
vn 0.7941 -0.2466 -0.5556
vn 0.8823 -0.2740 -0.3827
vn 0.9367 -0.2909 -0.1951
vn 0.9550 -0.2966 -0.0000
vn 0.9367 -0.2909 0.1951
vn 0.8823 -0.2740 0.3827
vn 0.7941 -0.2466 0.5556
vn 0.6753 -0.2097 0.7071
vn 0.5306 -0.1648 0.8315
vn 0.3655 -0.1135 0.9239
vn 0.1863 -0.0579 0.9808
vn -0.1863 0.0579 0.9808
vn -0.3655 0.1135 0.9239
vn -0.5306 0.1648 0.8315
vn -0.6753 0.2097 0.7071
vn -0.7941 0.2466 0.5556
vn -0.8823 0.2740 0.3827
vn -0.9367 0.2909 0.1951
vn -0.9550 0.2966 -0.0000
vn -0.9367 0.2909 -0.1951
vn -0.8823 0.2740 -0.3827
vn -0.7941 0.2466 -0.5556
vn -0.6753 0.2097 -0.7071
vn -0.5306 0.1648 -0.8315
vn -0.3655 0.1135 -0.9239
vn -0.1863 0.0579 -0.9808
vn 0.5306 -0.1648 0.8314
vn -0.6753 0.2098 -0.7071
vn 0.8823 -0.2741 0.3827
vn -0.5305 0.1648 -0.8315
vn 0.7940 -0.2467 0.5556
vn 0.3654 -0.1135 0.9239
vn -0.9366 0.2910 0.1951
vn 0.7940 -0.2467 -0.5556
vn -0.9550 0.2967 -0.0000
vn 0.8823 -0.2741 -0.3827
vn -0.9366 0.2910 -0.1951
vn 0.1863 -0.0578 0.9808
vn -0.7940 0.2467 0.5556
vn -0.8823 0.2742 0.3827
vn 0.6753 -0.2098 -0.7071
vn -0.9366 0.2911 0.1951
vn 0.7940 -0.2466 -0.5556
vn 0.9366 -0.2909 -0.1951
vn -0.8823 0.2742 -0.3827
vn -0.7940 0.2467 -0.5556
vn 0.9366 -0.2910 0.1951
vn 0.8823 -0.2742 0.3827
vn 0.7940 -0.2466 0.5556
vn 0.9736 -0.2284 -0.0000
vn 0.9553 -0.2227 -0.1946
vn -0.7711 0.3135 -0.5542
vn -0.8592 0.3408 -0.3817
vn 0.9553 -0.2227 0.1946
vn -0.6526 0.2767 -0.7053
vn 0.9010 -0.2059 0.3817
vn -0.5083 0.2318 -0.8294
vn 0.8130 -0.1786 0.5542
vn -0.3436 0.1807 -0.9216
vn -0.1649 0.1252 0.9783
vn 0.0210 0.0674 0.9975
vn 0.6946 -0.1418 0.7053
vn -0.1649 0.1252 -0.9783
vn -0.3436 0.1807 0.9216
vn 0.5502 -0.0969 0.8294
vn 0.0209 0.0674 -0.9975
vn -0.5083 0.2318 0.8294
vn 0.3855 -0.0458 0.9216
vn 0.2068 0.0097 -0.9783
vn -0.6527 0.2767 0.7053
vn 0.2068 0.0097 0.9783
vn 0.3855 -0.0458 -0.9216
vn -0.7711 0.3135 0.5542
vn 0.5502 -0.0969 -0.8294
vn -0.8592 0.3408 0.3817
vn 0.6945 -0.1418 -0.7054
vn -0.9134 0.3576 0.1946
vn 0.8130 -0.1786 -0.5541
vn -0.9317 0.3633 -0.0000
vn 0.9011 -0.2059 -0.3817
vn -0.9134 0.3576 -0.1946
vn 0.9566 -0.2169 -0.1945
vn 0.9749 -0.2225 -0.0000
vn 0.9788 -0.2047 -0.0000
vn 0.9606 -0.1990 -0.1942
vn -0.8570 0.3464 -0.3816
vn -0.7690 0.3191 -0.5539
vn -0.7624 0.3361 -0.5531
vn -0.8502 0.3634 -0.3810
vn 0.9566 -0.2169 0.1945
vn 0.9606 -0.1990 0.1942
vn -0.6506 0.2823 -0.7050
vn -0.6441 0.2994 -0.7039
vn 0.9025 -0.2000 0.3815
vn 0.9065 -0.1822 0.3810
vn -0.5063 0.2375 -0.8290
vn -0.5001 0.2546 -0.8277
vn 0.8145 -0.1727 0.5539
vn 0.8186 -0.1549 0.5531
vn -0.3417 0.1864 -0.9212
vn -0.3357 0.2036 -0.9197
vn 0.0227 0.0732 0.9971
vn -0.1630 0.1309 0.9779
vn -0.1573 0.1482 0.9764
vn 0.0281 0.0906 0.9955
vn 0.6960 -0.1359 0.7050
vn 0.7004 -0.1182 0.7039
vn -0.1630 0.1309 -0.9779
vn -0.1573 0.1482 -0.9764
vn -0.3417 0.1864 0.9212
vn -0.3357 0.2036 0.9197
vn 0.5517 -0.0911 0.8290
vn 0.5563 -0.0735 0.8277
vn 0.0227 0.0732 -0.9971
vn 0.0281 0.0906 -0.9955
vn -0.5063 0.2375 0.8290
vn -0.5000 0.2546 0.8277
vn 0.3871 -0.0400 0.9212
vn 0.3920 -0.0224 0.9197
vn 0.2085 0.0155 -0.9779
vn 0.2136 0.0330 -0.9764
vn -0.6506 0.2823 0.7050
vn -0.6441 0.2994 0.7039
vn 0.2085 0.0155 0.9779
vn 0.2136 0.0330 0.9764
vn 0.3871 -0.0400 -0.9212
vn 0.3919 -0.0224 -0.9197
vn -0.7690 0.3191 0.5539
vn -0.7623 0.3361 0.5531
vn 0.5517 -0.0911 -0.8290
vn 0.5563 -0.0735 -0.8277
vn -0.8570 0.3464 0.3816
vn -0.8502 0.3634 0.3810
vn 0.6960 -0.1359 -0.7050
vn 0.7004 -0.1182 -0.7039
vn -0.9112 0.3633 0.1945
vn -0.9043 0.3802 0.1942
vn 0.8145 -0.1727 -0.5539
vn 0.8186 -0.1549 -0.5531
vn -0.9295 0.3689 -0.0000
vn -0.9226 0.3858 -0.0000
vn 0.9025 -0.2000 -0.3815
vn 0.9065 -0.1822 -0.3810
vn -0.9112 0.3633 -0.1945
vn -0.9043 0.3802 -0.1942
vn 0.3514 -0.1227 0.9281
vn 0.5249 -0.1579 0.8364
vn 0.2186 0.0502 -0.9745
vn 0.0335 0.1077 -0.9936
vn -0.6375 0.3161 0.7026
vn -0.4937 0.2714 0.8262
vn 0.1636 -0.0871 0.9827
vn 0.3966 -0.0051 -0.9180
vn -0.7555 0.3528 0.5520
vn 0.0334 0.1077 0.9936
vn 0.5606 -0.0560 -0.8262
vn -0.8432 0.3800 0.3803
vn 0.7044 -0.1007 -0.7026
vn -0.8972 0.3968 0.1939
vn 0.8224 -0.1374 -0.5520
vn -0.9155 0.4024 -0.0000
vn 0.9101 -0.1646 -0.3802
vn -0.8972 0.3968 -0.1939
vn 0.9293 -0.3060 -0.2067
vn -0.8432 0.3800 -0.3803
vn 0.9556 -0.2946 -0.0094
vn -0.7555 0.3528 -0.5520
vn 0.9423 -0.2762 0.1891
vn -0.6375 0.3161 -0.7026
vn 0.8898 -0.2521 0.3804
vn -0.4937 0.2714 -0.8262
vn 0.8000 -0.2235 0.5568
vn -0.3297 0.2205 -0.9180
vn -0.1517 0.1652 0.9745
vn 0.6766 -0.1918 0.7109
vn -0.1517 0.1652 -0.9745
vn -0.3297 0.2205 0.9180
vn 0.3660 -0.4916 -0.7902
vn 0.5329 -0.4855 -0.6930
vn 0.4969 -0.5986 -0.6283
vn 0.3470 -0.5899 -0.7291
vn -0.9115 -0.2701 0.3102
vn -0.9457 -0.2884 0.1499
vn -0.9294 -0.3306 0.1640
vn -0.8899 -0.3233 0.3219
vn 0.6795 -0.4723 -0.5614
vn 0.6254 -0.6009 -0.4978
vn -0.9513 -0.3082 -0.0090
vn -0.9396 -0.3421 0.0048
vn 0.7970 -0.4526 -0.4000
vn 0.8240 -0.4459 -0.3496
vn -0.9301 -0.3292 -0.1628
vn -0.9216 -0.3574 -0.1510
vn 0.8914 -0.4206 -0.1688
vn -0.8840 -0.3509 -0.3088
vn -0.8767 -0.3765 -0.2994
vn 0.9195 -0.3925 0.0194
vn -0.8144 -0.3731 -0.4444
vn -0.8065 -0.3987 -0.4366
vn 0.9084 -0.3634 0.2068
vn -0.7232 -0.3953 -0.5664
vn -0.7129 -0.4235 -0.5589
vn 0.8596 -0.3346 0.3862
vn -0.6109 -0.4170 -0.6730
vn -0.5981 -0.4502 -0.6630
vn 0.7753 -0.3074 0.5517
vn -0.4792 -0.4376 -0.7608
vn -0.4645 -0.4780 -0.7455
vn -0.0981 -0.2205 0.9704
vn -0.2923 -0.2187 0.9310
vn -0.2773 -0.3513 0.8942
vn -0.0973 -0.3700 0.9239
vn 0.6589 -0.2826 0.6972
vn -0.3302 -0.4563 -0.8263
vn -0.3153 -0.5056 -0.8031
vn -0.4704 -0.2217 0.8541
vn -0.4460 -0.3370 0.8292
vn 0.5137 -0.2611 0.8173
vn -0.1663 -0.4722 -0.8657
vn -0.1542 -0.5320 -0.8326
vn -0.6251 -0.2289 0.7462
vn -0.5961 -0.3270 0.7333
vn 0.3448 -0.2435 0.9065
vn 0.0084 -0.4841 -0.8750
vn 0.0140 -0.5556 -0.8313
vn -0.7515 -0.2398 0.6146
vn -0.7221 -0.3215 0.6125
vn 0.1585 -0.2304 0.9601
vn 0.1883 -0.4909 -0.8506
vn 0.1834 -0.5754 -0.7971
vn -0.8471 -0.2537 0.4670
vn -0.8206 -0.3202 0.4733
vn 0.5419 -0.7797 -0.3137
vn 0.5925 -0.7892 -0.1616
vn 0.5936 -0.7894 -0.1565
vn 0.5446 -0.7803 -0.3074
vn -0.8658 -0.4062 -0.2922
vn -0.9081 -0.3915 -0.1485
vn 0.6125 -0.7905 -0.0018
vn 0.6126 -0.7904 0.0024
vn -0.7980 -0.4274 -0.4248
vn 0.6009 -0.7833 0.1591
vn 0.6005 -0.7831 0.1617
vn -0.7072 -0.4543 -0.5418
vn 0.5578 -0.7680 0.3146
vn 0.5575 -0.7680 0.3153
vn -0.5960 -0.4862 -0.6391
vn 0.4850 -0.7453 0.4575
vn 0.4853 -0.7454 0.4571
vn -0.4684 -0.5219 -0.7129
vn -0.3224 -0.5242 0.7882
vn -0.1707 -0.5638 0.8081
vn 0.3857 -0.7160 0.5819
vn 0.3869 -0.7164 0.5806
vn -0.3291 -0.5601 -0.7603
vn -0.4665 -0.4874 0.7381
vn 0.2641 -0.6815 0.6825
vn 0.2671 -0.6823 0.6805
vn -0.1824 -0.5995 -0.7793
vn -0.5977 -0.4546 0.6604
vn 0.1251 -0.6430 0.7555
vn 0.1300 -0.6444 0.7536
vn -0.0340 -0.6386 -0.7688
vn -0.7112 -0.4269 0.5585
vn -0.0245 -0.6026 0.7977
vn -0.0180 -0.6044 0.7965
vn 0.1110 -0.6760 -0.7285
vn -0.8031 -0.4055 0.4366
vn 0.2465 -0.7102 -0.6594
vn -0.8702 -0.3910 0.2999
vn 0.3673 -0.7398 -0.5637
vn -0.9107 -0.3837 0.1530
vn 0.4681 -0.7635 -0.4450
vn -0.9234 -0.3839 0.0021
vn -0.0060 -0.0193 -0.9998
vn -0.0060 -0.0194 -0.9998
vn 0.1803 -0.0772 -0.9806
vn 0.3594 -0.1328 -0.9237
vn 0.5244 -0.1841 -0.8313
vn 0.6692 -0.2291 -0.7069
vn 0.7879 -0.2659 -0.5555
vn 0.8761 -0.2933 -0.3826
vn 0.9304 -0.3102 -0.1951
vn 0.9488 -0.3159 -0.0000
vn 0.9304 -0.3102 0.1951
vn 0.8761 -0.2933 0.3826
vn 0.7879 -0.2659 0.5555
vn 0.6692 -0.2290 0.7069
vn 0.5244 -0.1841 0.8313
vn 0.3594 -0.1328 0.9237
vn 0.1803 -0.0772 0.9806
vn -0.0060 -0.0194 0.9998
vn -0.0060 -0.0193 0.9998
vn -0.1923 0.0385 0.9806
vn -0.3714 0.0941 0.9237
vn -0.5365 0.1454 0.8313
vn -0.6811 0.1903 0.7070
vn -0.7999 0.2272 0.5554
vn -0.8881 0.2546 0.3826
vn -0.9425 0.2715 0.1951
vn -0.9608 0.2772 -0.0000
vn -0.9425 0.2715 -0.1951
vn -0.8881 0.2546 -0.3826
vn -0.7999 0.2272 -0.5554
vn -0.6812 0.1903 -0.7069
vn -0.5365 0.1454 -0.8313
vn -0.3714 0.0941 -0.9237
vn -0.1923 0.0385 -0.9806
vn 0.3839 -0.0516 -0.9220
vn 0.3839 -0.0516 -0.9219
vn 0.8547 0.5019 -0.1327
vn -0.2422 0.8425 0.4811
vn 0.2174 0.6998 -0.6804
vn 0.2174 0.6998 0.6805
vn 0.3441 0.6604 0.6674
vn -0.2421 0.8425 -0.4811
vn 0.4660 0.6226 0.6287
vn -0.2613 0.9594 0.1062
vn 0.4074 0.8518 -0.3294
vn 0.2771 0.8922 0.3565
vn 0.2771 0.8922 -0.3565
vn 0.1468 0.9327 -0.3294
vn -0.1189 0.9152 -0.3850
vn -0.0973 0.8507 0.5167
vn -0.0973 0.8507 -0.5167
vn 0.5621 0.6459 -0.5167
vn 0.6753 -0.2098 0.7071
vn -0.7941 0.2467 0.5556
vn -0.8822 0.2742 0.3827
vn -0.9367 0.2907 0.1951
vn -0.8822 0.2742 -0.3827
vn -0.5306 0.1647 -0.8315
vn -0.1863 0.0578 0.9808
vn -0.7711 0.3134 -0.5542
vn -0.6526 0.2767 -0.7054
vn -0.7711 0.3134 0.5542
vn -0.8591 0.3408 0.3817
vn 0.8130 -0.1786 -0.5542
vn -0.7623 0.3361 -0.5531
vn 0.9024 -0.2000 0.3816
vn -0.1574 0.1482 0.9764
vn -0.3416 0.1864 0.9212
vn -0.5001 0.2546 0.8277
vn 0.3919 -0.0224 0.9197
vn 0.9024 -0.2000 -0.3815
vn 0.0335 0.1077 0.9936
vn -0.8972 0.3968 -0.1938
vn -0.7555 0.3527 -0.5520
vn 0.8898 -0.2522 0.3803
vn 0.5329 -0.4855 -0.6931
vn -0.9115 -0.2701 0.3101
vn -0.9513 -0.3082 -0.0089
vn -0.9397 -0.3421 0.0048
vn 0.7969 -0.4526 -0.4000
vn -0.9301 -0.3292 -0.1629
vn -0.8841 -0.3509 -0.3086
vn -0.8768 -0.3764 -0.2994
vn -0.8144 -0.3731 -0.4445
vn -0.8065 -0.3988 -0.4365
vn -0.7231 -0.3953 -0.5664
vn -0.7129 -0.4236 -0.5589
vn -0.6108 -0.4170 -0.6730
vn -0.4793 -0.4376 -0.7608
vn 0.5420 -0.7797 -0.3136
vn 0.5924 -0.7892 -0.1619
vn 0.5936 -0.7894 -0.1564
vn 0.5447 -0.7803 -0.3073
vn -0.9082 -0.3915 -0.1481
vn 0.6125 -0.7905 -0.0015
vn 0.6009 -0.7833 0.1594
vn 0.5578 -0.7681 0.3146
vn -0.5962 -0.4861 -0.6389
vn -0.4686 -0.5219 -0.7128
vn -0.1708 -0.5638 0.8081
vn 0.3852 -0.7159 0.5824
vn 0.3873 -0.7165 0.5802
vn -0.3290 -0.5601 -0.7603
vn -0.4664 -0.4874 0.7382
vn -0.1825 -0.5995 -0.7793
vn 0.1250 -0.6430 0.7556
vn 0.1301 -0.6444 0.7535
vn -0.0339 -0.6386 -0.7688
vn -0.0243 -0.6026 0.7977
vn -0.8032 -0.4055 0.4365
vn -0.8702 -0.3910 0.2998
vn 0.3671 -0.7398 -0.5639
vn 0.4680 -0.7635 -0.4450
vn -0.9234 -0.3839 0.0015
vn 0.6691 -0.2290 -0.7070
vn 0.9304 -0.3102 -0.1950
vn 0.9304 -0.3102 0.1950
vn 0.6691 -0.2290 0.7070
vn -0.6812 0.1903 0.7070
vn -0.6811 0.1903 -0.7070
vn 0.8934 0.4493 -0.0000
vn -0.4221 0.9065 -0.0000
vn -0.4098 0.9027 0.1311
vn -0.5098 0.2275 0.8297
vn -0.3451 0.1763 0.9219
vn 0.0196 0.0631 -0.9978
vn -0.1663 0.1208 -0.9786
vn 0.8119 -0.1830 -0.5544
vn 0.6934 -0.1462 -0.7056
vn -0.1663 0.1208 0.9786
vn -0.3451 0.1763 -0.9219
vn 0.5490 -0.1014 -0.8297
vn 0.0196 0.0631 0.9978
vn -0.5098 0.2275 -0.8297
vn 0.3843 -0.0502 -0.9219
vn 0.2055 0.0053 0.9786
vn -0.6542 0.2723 -0.7056
vn 0.2055 0.0053 -0.9786
vn 0.3843 -0.0502 0.9219
vn -0.7727 0.3091 -0.5544
vn 0.5490 -0.1014 0.8297
vn -0.8608 0.3365 -0.3818
vn 0.6934 -0.1462 0.7056
vn -0.9150 0.3533 -0.1947
vn 0.8119 -0.1830 0.5544
vn -0.9333 0.3590 -0.0000
vn 0.9000 -0.2104 0.3818
vn -0.9150 0.3533 0.1947
vn 0.9542 -0.2272 0.1947
vn -0.8608 0.3365 0.3818
vn 0.9725 -0.2329 -0.0000
vn -0.7727 0.3091 0.5544
vn 0.9542 -0.2272 -0.1947
vn -0.6542 0.2723 0.7056
vn 0.9000 -0.2104 -0.3818
vn 0.5554 0.8086 -0.1941
vn 0.5139 0.8215 -0.2471
vn 0.6126 0.6934 -0.3794
vn 0.6763 0.6736 -0.2981
vn 0.8126 0.5231 0.2572
vn 0.8491 0.5117 0.1311
vn -0.3732 0.8914 0.2571
vn 0.8614 0.5079 -0.0000
vn -0.3139 0.8730 0.3733
vn 0.8491 0.5117 -0.1311
vn -0.2341 0.8482 0.4752
vn 0.8126 0.5231 -0.2572
vn 0.8126 0.5231 -0.2571
vn -0.1369 0.8180 0.5588
vn 0.7533 0.5415 -0.3733
vn -0.0259 0.7835 0.6208
vn 0.2196 0.7072 -0.6720
vn 0.0945 0.7461 -0.6591
vn 0.6734 0.5663 -0.4752
vn 0.0945 0.7461 0.6591
vn -0.0259 0.7835 -0.6208
vn 0.5762 0.5965 -0.5587
vn 0.2196 0.7072 0.6720
vn -0.1369 0.8180 -0.5588
vn 0.4653 0.6309 -0.6208
vn 0.3448 0.6683 0.6591
vn -0.2341 0.8482 -0.4752
vn 0.3448 0.6683 -0.6591
vn 0.4653 0.6309 0.6208
vn -0.3139 0.8730 -0.3733
vn 0.5762 0.5965 0.5587
vn -0.3732 0.8914 -0.2571
vn 0.6734 0.5663 0.4752
vn -0.4098 0.9027 -0.1311
vn 0.7533 0.5415 0.3733
vn 0.4464 0.7450 -0.4957
vn 0.3503 0.7749 -0.5262
vn 0.3486 0.7191 -0.6012
vn 0.4584 0.6849 -0.5663
vn -0.0494 0.9964 0.0682
vn -0.0304 0.9906 0.1337
vn -0.2231 0.9529 0.2053
vn -0.2522 0.9620 0.1047
vn 0.4633 0.8372 -0.2905
vn 0.5350 0.7175 -0.4461
vn 0.0005 0.9810 0.1941
vn -0.1757 0.9382 0.2981
vn 0.4056 0.8551 -0.3228
vn 0.2779 0.8948 0.3495
vn 0.3430 0.8746 0.3427
vn 0.3503 0.7749 0.5262
vn 0.2503 0.8059 0.5365
vn 0.0420 0.9681 0.2471
vn -0.1120 0.9184 0.3794
vn 0.3430 0.8746 -0.3427
vn 0.4056 0.8551 0.3228
vn 0.4464 0.7450 0.4957
vn 0.0925 0.9524 0.2905
vn -0.0343 0.8943 0.4461
vn 0.2779 0.8948 -0.3495
vn 0.2503 0.8059 -0.5365
vn 0.4633 0.8372 0.2905
vn 0.5350 0.7175 0.4461
vn 0.1502 0.9345 0.3228
vn 0.0542 0.8668 0.4957
vn 0.2128 0.9150 -0.3427
vn 0.1503 0.8370 -0.5262
vn 0.5139 0.8215 0.2471
vn 0.6126 0.6934 0.3794
vn 0.2128 0.9150 0.3427
vn 0.1503 0.8370 0.5262
vn 0.1502 0.9345 -0.3228
vn 0.0542 0.8668 -0.4957
vn 0.5554 0.8086 0.1941
vn 0.6763 0.6736 0.2981
vn 0.0925 0.9524 -0.2905
vn -0.0343 0.8943 -0.4461
vn 0.5862 0.7991 0.1337
vn 0.7237 0.6589 0.2053
vn 0.0420 0.9681 -0.2471
vn -0.1120 0.9184 -0.3794
vn 0.6052 0.7932 0.0682
vn 0.7528 0.6499 0.1047
vn 0.0005 0.9810 -0.1941
vn -0.1757 0.9382 -0.2981
vn 0.6116 0.7912 -0.0000
vn 0.7627 0.6468 -0.0000
vn -0.0304 0.9906 -0.1337
vn -0.2231 0.9529 -0.2053
vn 0.6052 0.7932 -0.0682
vn 0.7528 0.6499 -0.1047
vn -0.0494 0.9964 -0.0682
vn -0.2522 0.9620 -0.1047
vn 0.5862 0.7991 -0.1337
vn 0.7237 0.6589 -0.2053
vn -0.0558 0.9984 -0.0000
vn -0.2621 0.9651 -0.0000
vn 0.1201 0.7900 -0.6012
vn 0.0103 0.8241 -0.5663
vn 0.1891 0.9509 -0.2449
vn 0.2366 0.9362 -0.2600
vn 0.4584 0.6849 0.5663
vn 0.3486 0.7191 0.6012
vn -0.0909 0.8555 0.5097
vn -0.1796 0.8831 0.4335
vn 0.2344 0.7545 -0.6130
vn 0.5596 0.6535 0.5097
vn 0.0103 0.8241 0.5663
vn 0.6483 0.6260 0.4335
vn 0.1201 0.7900 0.6012
vn 0.7211 0.6034 0.3406
vn 0.2344 0.7545 0.6130
vn -0.0909 0.8555 -0.5097
vn 0.7752 0.5866 0.2346
vn -0.1796 0.8831 -0.4335
vn 0.8085 0.5762 0.1196
vn -0.2524 0.9057 -0.3406
vn 0.8198 0.5727 -0.0000
vn -0.3065 0.9225 -0.2346
vn 0.8085 0.5762 -0.1196
vn -0.3398 0.9329 -0.1196
vn 0.7752 0.5866 -0.2346
vn -0.3511 0.9364 -0.0000
vn 0.7211 0.6034 -0.3406
vn -0.3398 0.9329 0.1196
vn 0.6483 0.6260 -0.4335
vn -0.3065 0.9225 0.2346
vn 0.5596 0.6535 -0.5097
vn -0.2524 0.9057 0.3406
vn 0.3354 0.9055 0.2601
vn 0.3829 0.8907 0.2450
vn 0.4267 0.8771 0.2205
vn 0.4650 0.8652 0.1875
vn 0.4965 0.8554 0.1473
vn 0.5199 0.8482 0.1015
vn 0.5343 0.8437 0.0517
vn 0.5392 0.8422 -0.0000
vn 0.5343 0.8437 -0.0517
vn 0.5199 0.8482 -0.1015
vn 0.4965 0.8554 -0.1473
vn 0.4650 0.8652 -0.1875
vn 0.4267 0.8771 -0.2205
vn 0.3829 0.8907 -0.2450
vn 0.3354 0.9055 -0.2601
vn 0.2860 0.9208 -0.2651
vn 0.1453 0.9645 -0.2205
vn 0.1070 0.9764 -0.1875
vn 0.0755 0.9862 -0.1473
vn 0.0521 0.9935 -0.1015
vn 0.0377 0.9980 -0.0517
vn 0.0328 0.9995 -0.0000
vn 0.0377 0.9980 0.0517
vn 0.0521 0.9935 0.1015
vn 0.0755 0.9862 0.1473
vn 0.1070 0.9764 0.1875
vn 0.1453 0.9645 0.2205
vn 0.1891 0.9509 0.2449
vn 0.2366 0.9362 0.2600
vn 0.2860 0.9208 0.2651
vn -0.7727 0.3092 -0.5544
vn 0.9000 -0.2104 0.3819
vn -0.3732 0.8914 0.2572
vn 0.0944 0.7461 0.6591
vn 0.4653 0.6310 -0.6208
vn 0.3449 0.6683 0.6591
vn 0.3448 0.6684 -0.6591
vn -0.3732 0.8914 -0.2572
vn 0.2128 0.9150 0.3428
vn -0.2524 0.9057 -0.3405
vn 0.2173 0.6998 -0.6804
vn 0.3441 0.6605 -0.6674
vn 0.0472 0.9935 0.1034
vn 0.4660 0.6226 -0.6286
vn 0.6768 0.5571 -0.4812
vn -0.1189 0.9152 0.3850
vn -0.0569 0.9960 0.0696
vn -0.0375 0.9899 0.1365
vn 0.9722 -0.2343 -0.0000
vn -0.0569 0.9960 -0.0696
vn -0.2713 0.9625 -0.0000
vn -0.2612 0.9594 -0.1062
vn -0.0375 0.9899 -0.1365
vn 0.6768 0.5571 0.4811
vn 0.0880 0.9510 -0.2965
vn -0.0973 0.8506 -0.5167
vn 0.2173 0.6998 0.6805
vn -0.1437 0.8119 0.5658
vn -0.7732 0.3077 0.5544
vn -0.2422 0.8425 0.4812
vn 0.5603 0.8043 -0.1981
vn -0.4200 0.8978 -0.1327
vn 0.8258 0.5639 -0.0000
vn 0.5603 0.8043 0.1981
vn -0.3229 0.8676 -0.3780
vn -0.7732 0.3077 -0.5544
vn -0.1437 0.8119 -0.5658
vn 0.5436 0.8394 -0.0000
vn 0.2173 0.6998 0.6804
vn 0.5377 0.7112 -0.4528
vn -0.0313 0.7771 0.6287
vn -0.2422 0.8425 -0.4811
vn 0.6165 0.6868 0.3851
vn 0.4074 0.8517 0.3294
vn -0.0313 0.7771 -0.6287
vn -0.3456 0.1749 -0.9219
vn 0.6768 0.5571 -0.4811
vn 0.4663 0.8335 -0.2964
vn 0.2352 0.9351 0.2649
vn 0.0472 0.9935 -0.1034
vn 0.3839 -0.0516 0.9219
vn -0.3456 0.1749 0.9219
vn 0.4663 0.8334 0.2965
vn -0.1190 0.9152 0.3850
vn 0.3436 0.8716 0.3497
vn 0.3503 0.7695 0.5341
vn 0.8177 0.5133 -0.2604
vn 0.3436 0.8716 -0.3497
vn -0.3229 0.8676 0.3780
vn -0.2421 0.8425 0.4812
vn 0.5917 0.7945 -0.1364
vn 0.5917 0.7945 0.1364
vn 0.6165 0.6868 -0.3851
vn -0.2422 0.8425 -0.4812
vn 0.2173 0.6998 -0.6805
vn 0.3502 0.7695 0.5340
vn 0.1032 0.9762 -0.1910
vn 0.1032 0.9762 0.1910
vn -0.1190 0.9152 -0.3850
vn 0.2352 0.9351 -0.2649
vn -0.3455 0.1749 -0.9220
vn -0.0000 -0.5781 -0.8159
vn -0.0000 0.5781 -0.8159
vt 0.656412 0.453469
vt 0.875000 0.500000
vt 0.875000 0.750000
vt 0.656412 0.796531
vt 0.541667 0.750000
vt 0.625000 1.000000
vt 0.541667 1.000000
vt 0.541667 0.000000
vt 0.625000 0.000000
vt 0.625000 0.250000
vt 0.541667 0.250000
vt 0.375000 0.250000
vt 0.375000 0.500000
vt 0.541667 0.500000
vt 0.458333 0.250000
vt 0.458333 0.500000
vt 0.458333 0.750000
vt 0.375000 0.750000
vt 0.375000 0.000000
vt 0.458333 0.000000
vt 0.458333 1.000000
vt 0.375000 1.000000
vt 0.125000 0.500000
vt 0.125000 0.750000
vt 0.656412 0.777457
vt 0.656412 0.775154
vt 0.656412 0.784635
vt 0.000000 0.000000
vt 0.656412 0.474846
vt 0.656412 0.472543
vt 0.656412 0.788644
vt 0.656412 0.461356
vt 0.656412 0.465365
vt 0.401758 0.776758
vt 0.598242 0.776758
vt 0.598242 0.973242
vt 0.401758 0.973242
vt 0.406052 0.717799
vt 0.406052 0.532201
vt 0.651758 0.526758
vt 0.848242 0.526758
vt 0.848242 0.723242
vt 0.651758 0.723242
vt 0.401758 0.026758
vt 0.598242 0.026758
vt 0.598242 0.223242
vt 0.401758 0.223242
vt 0.401758 0.276758
vt 0.598242 0.276758
vt 0.598242 0.473242
vt 0.401758 0.473242
vt 0.151758 0.723242
vt 0.151758 0.750000
vt 0.125000 0.723242
vt 0.598242 0.000000
vt 0.625000 0.026758
vt 0.151758 0.526758
vt 0.125000 0.526758
vt 0.151758 0.500000
vt 0.625000 0.223242
vt 0.598242 0.250000
vt 0.348242 0.723242
vt 0.375000 0.723242
vt 0.348242 0.750000
vt 0.625000 0.776758
vt 0.598242 0.750000
vt 0.348242 0.526758
vt 0.348242 0.500000
vt 0.375000 0.526758
vt 0.625000 0.473242
vt 0.598242 0.500000
vt 0.401758 0.000000
vt 0.625000 0.276758
vt 0.598242 0.526758
vt 0.401758 0.526758
vt 0.401758 0.723242
vt 0.598242 0.723242
vt 0.625000 0.973242
vt 0.593948 0.532201
vt 0.593948 0.717799
vt 0.574469 0.694678
vt 0.425531 0.694678
vt 0.425531 0.682256
vt 0.574469 0.682256
vt 0.421051 0.796051
vt 0.578949 0.796051
vt 0.578949 0.953949
vt 0.421051 0.953949
vt 0.421051 0.546051
vt 0.578949 0.546051
vt 0.578949 0.703949
vt 0.421051 0.703949
vt 0.671051 0.546051
vt 0.828949 0.546051
vt 0.828949 0.703949
vt 0.671051 0.703949
vt 0.421051 0.046051
vt 0.578949 0.046051
vt 0.578949 0.203949
vt 0.421051 0.203949
vt 0.421051 0.296051
vt 0.578949 0.296051
vt 0.578949 0.453949
vt 0.421051 0.453949
vt 0.171051 0.703949
vt 0.171051 0.750000
vt 0.125000 0.703949
vt 0.578949 0.000000
vt 0.625000 0.046051
vt 0.171051 0.546051
vt 0.125000 0.546051
vt 0.171051 0.500000
vt 0.625000 0.203949
vt 0.578949 0.250000
vt 0.328949 0.703949
vt 0.375000 0.703949
vt 0.328949 0.750000
vt 0.625000 0.796051
vt 0.578949 0.750000
vt 0.328949 0.546051
vt 0.328949 0.500000
vt 0.375000 0.546051
vt 0.625000 0.453949
vt 0.578949 0.500000
vt 0.421051 0.000000
vt 0.625000 0.296051
vt 0.625000 0.953949
vt 1.000000 0.500000
vt 1.000000 1.000000
vt 0.968750 1.000000
vt 0.968750 0.500000
vt 0.937500 1.000000
vt 0.937500 0.500000
vt 0.906250 1.000000
vt 0.906250 0.500000
vt 0.875000 1.000000
vt 0.843750 1.000000
vt 0.843750 0.500000
vt 0.812500 1.000000
vt 0.812500 0.500000
vt 0.781250 1.000000
vt 0.781250 0.500000
vt 0.750000 1.000000
vt 0.750000 0.500000
vt 0.718750 1.000000
vt 0.718750 0.500000
vt 0.687500 1.000000
vt 0.687500 0.500000
vt 0.656250 1.000000
vt 0.656250 0.500000
vt 0.625000 0.500000
vt 0.593750 1.000000
vt 0.593750 0.500000
vt 0.562500 1.000000
vt 0.562500 0.500000
vt 0.531250 1.000000
vt 0.531250 0.500000
vt 0.500000 1.000000
vt 0.500000 0.500000
vt 0.468750 1.000000
vt 0.468750 0.500000
vt 0.437500 1.000000
vt 0.437500 0.500000
vt 0.406250 1.000000
vt 0.406250 0.500000
vt 0.343750 1.000000
vt 0.343750 0.500000
vt 0.312500 1.000000
vt 0.312500 0.500000
vt 0.281250 1.000000
vt 0.281250 0.500000
vt 0.250000 1.000000
vt 0.250000 0.500000
vt 0.218750 1.000000
vt 0.218750 0.500000
vt 0.187500 1.000000
vt 0.187500 0.500000
vt 0.156250 1.000000
vt 0.156250 0.500000
vt 0.125000 1.000000
vt 0.093750 1.000000
vt 0.093750 0.500000
vt 0.062500 1.000000
vt 0.062500 0.500000
vt 0.151933 0.151933
vt 0.172949 0.134685
vt 0.031250 1.000000
vt 0.031250 0.500000
vt 0.000000 1.000000
vt 0.000000 0.500000
vt 0.750000 0.490000
vt 0.796822 0.485388
vt 0.841844 0.471731
vt 0.883337 0.449553
vt 0.919706 0.419706
vt 0.949553 0.383337
vt 0.971731 0.341844
vt 0.985388 0.296822
vt 0.990000 0.250000
vt 0.985388 0.203178
vt 0.971731 0.158156
vt 0.949553 0.116663
vt 0.919706 0.080294
vt 0.883337 0.050447
vt 0.841844 0.028269
vt 0.796822 0.014612
vt 0.750000 0.010000
vt 0.703178 0.014612
vt 0.658156 0.028269
vt 0.616663 0.050447
vt 0.580294 0.080294
vt 0.550447 0.116663
vt 0.528269 0.158156
vt 0.514612 0.203178
vt 0.510000 0.250000
vt 0.514612 0.296822
vt 0.528269 0.341844
vt 0.550447 0.383337
vt 0.580294 0.419706
vt 0.616663 0.449553
vt 0.658156 0.471731
vt 0.703178 0.485388
vt 0.250000 0.425830
vt 0.284303 0.422452
vt 0.296822 0.485388
vt 0.250000 0.490000
vt 0.317287 0.412446
vt 0.341844 0.471731
vt 0.347686 0.396197
vt 0.383337 0.449553
vt 0.374331 0.374331
vt 0.419706 0.419706
vt 0.396197 0.347686
vt 0.449553 0.383337
vt 0.412446 0.317287
vt 0.471731 0.341844
vt 0.422452 0.284303
vt 0.485388 0.296822
vt 0.425830 0.250000
vt 0.490000 0.250000
vt 0.422452 0.215697
vt 0.485388 0.203178
vt 0.412446 0.182713
vt 0.471731 0.158156
vt 0.396197 0.152314
vt 0.449553 0.116663
vt 0.374331 0.125669
vt 0.419706 0.080294
vt 0.347686 0.103803
vt 0.383337 0.050447
vt 0.317287 0.087554
vt 0.341844 0.028269
vt 0.284303 0.077548
vt 0.296822 0.014612
vt 0.250000 0.074170
vt 0.250000 0.010000
vt 0.215697 0.077548
vt 0.203178 0.014612
vt 0.182713 0.087554
vt 0.158156 0.028269
vt 0.152314 0.103803
vt 0.116663 0.050447
vt 0.125669 0.125669
vt 0.080294 0.080294
vt 0.103803 0.152314
vt 0.050447 0.116663
vt 0.087554 0.182713
vt 0.028269 0.158156
vt 0.077548 0.215697
vt 0.014612 0.203178
vt 0.074170 0.250000
vt 0.010000 0.250000
vt 0.077548 0.284303
vt 0.014612 0.296822
vt 0.087554 0.317287
vt 0.028269 0.341844
vt 0.103803 0.347686
vt 0.050447 0.383337
vt 0.125669 0.374331
vt 0.080294 0.419706
vt 0.152314 0.396197
vt 0.116663 0.449553
vt 0.182713 0.412446
vt 0.158156 0.471731
vt 0.215697 0.422452
vt 0.203178 0.485388
vt 0.365315 0.327051
vt 0.378131 0.303074
vt 0.222943 0.386023
vt 0.250000 0.388688
vt 0.348067 0.348067
vt 0.196926 0.378131
vt 0.327051 0.365315
vt 0.172949 0.365315
vt 0.303074 0.378131
vt 0.151933 0.348067
vt 0.277057 0.386023
vt 0.134685 0.327051
vt 0.121869 0.303074
vt 0.113977 0.277057
vt 0.111312 0.250000
vt 0.113977 0.222943
vt 0.121869 0.196926
vt 0.134685 0.172949
vt 0.386023 0.277057
vt 0.388688 0.250000
vt 0.386023 0.222943
vt 0.378131 0.196926
vt 0.365315 0.172949
vt 0.348067 0.151933
vt 0.327051 0.134685
vt 0.303074 0.121869
vt 0.277057 0.113977
vt 0.250000 0.111312
vt 0.222943 0.113977
vt 0.196926 0.121869
vt 1.000000 0.000000
vt 0.557790 0.493462
vt 0.557790 0.756538
vt 0.611518 0.222454
vt 0.608805 0.250000
vt 0.777546 0.388482
vt 0.750000 0.391195
vt 0.804033 0.380448
vt 0.828444 0.367400
vt 0.849840 0.349840
vt 0.867400 0.328444
vt 0.880448 0.304033
vt 0.888483 0.277546
vt 0.891196 0.250000
vt 0.888483 0.222454
vt 0.880448 0.195967
vt 0.867400 0.171556
vt 0.849840 0.150160
vt 0.828444 0.132600
vt 0.804033 0.119552
vt 0.777546 0.111518
vt 0.750000 0.108805
vt 0.722454 0.111518
vt 0.695967 0.119552
vt 0.671556 0.132600
vt 0.650160 0.150160
vt 0.632600 0.171556
vt 0.619552 0.195967
vt 0.611517 0.277546
vt 0.619552 0.304033
vt 0.632600 0.328444
vt 0.650160 0.349840
vt 0.671556 0.367400
vt 0.695967 0.380448
vt 0.722454 0.388483
vt 0.690453 0.339118
vt 0.708984 0.349022
vt 0.770910 0.355122
vt 0.750000 0.357181
vt 0.791017 0.349022
vt 0.809547 0.339118
vt 0.825789 0.325788
vt 0.839118 0.309547
vt 0.849023 0.291016
vt 0.855122 0.270910
vt 0.857181 0.250000
vt 0.855122 0.229090
vt 0.849023 0.208984
vt 0.839118 0.190453
vt 0.825789 0.174212
vt 0.809547 0.160882
vt 0.791017 0.150978
vt 0.770910 0.144878
vt 0.750000 0.142819
vt 0.729090 0.144878
vt 0.708984 0.150978
vt 0.690454 0.160882
vt 0.674212 0.174212
vt 0.660882 0.190453
vt 0.650978 0.208984
vt 0.644878 0.229090
vt 0.642819 0.250000
vt 0.644878 0.270910
vt 0.650978 0.291016
vt 0.660882 0.309547
vt 0.674212 0.325788
vt 0.729090 0.355122
s 1
usemtl Material.001
f 1/1/1 5/2/1 7/3/1 3/4/1
f 13/5/2 3/4/2 7/6/2 12/7/2
f 12/8/3 7/9/3 5/10/3 15/11/3
f 6/12/4 2/13/4 19/13/4 17/12/4
f 9/14/5 1/1/5 3/4/5 13/5/5
f 15/11/4 5/10/4 1/1/4 9/14/4
f 6/12/4 16/15/4 10/16/4 2/13/4
f 16/15/4 15/11/4 9/14/4 10/16/4
f 2/13/6 10/16/6 14/17/6 4/18/6
f 10/16/7 9/14/7 13/5/7 14/17/7
f 8/19/3 11/20/3 16/15/3 6/12/3
f 11/20/3 12/8/3 15/11/3 16/15/3
f 4/18/2 14/17/2 11/21/2 8/22/2
f 14/17/2 13/5/2 12/7/2 11/21/2
f 17/23/8 19/13/8 20/18/8 18/24/8
f 4/18/2 8/22/2 18/22/2 20/18/2
f 8/19/3 6/12/3 17/12/3 18/19/3
f 2/13/7 4/18/7 20/18/7 19/13/7
f 39/25/9 37/26/9 40/26/9 35/26/9
f 69/27/10 67/27/10 70/27/10 65/27/10
f 27/4/7 30/1/7 25/1/7 26/4/7
f 24/4/7 23/1/7 29/1/7 28/4/7
f 28/4/1 29/1/1 33/1/1 32/4/1
f 32/4/7 33/1/7 34/1/7 31/4/7
f 30/1/8 27/4/8 31/4/8 34/1/8
f 29/28/2 30/28/2 34/28/2 33/28/2
f 27/28/4 28/28/4 32/28/4 31/28/4
f 36/29/11 37/26/11 3/4/11 1/1/11
f 39/25/11 38/30/11 21/1/11 22/4/11
f 37/26/11 39/25/11 22/4/11 3/4/11
f 38/30/11 36/29/11 1/1/11 21/1/11
f 37/26/12 36/29/12 41/29/12 40/26/12
f 36/29/13 38/30/13 42/29/13 41/29/13
f 38/30/14 39/25/14 35/26/14 42/29/14
f 26/4/1 25/1/1 43/1/1 44/4/1
f 44/4/15 43/1/15 45/1/15 46/4/15
f 49/4/8 52/1/8 55/1/8 56/4/8
f 47/1/16 17/23/16 18/24/16 48/4/16
f 57/31/2 59/31/2 62/31/2 61/31/2
f 50/4/3 51/1/3 52/1/3 49/4/3
f 56/4/3 55/1/3 53/1/3 54/4/3
f 52/28/2 47/28/2 53/28/2 55/28/2
f 47/1/1 48/4/1 54/4/1 53/1/1
f 48/28/4 49/28/4 56/28/4 54/28/4
f 58/32/3 59/31/3 46/4/3 45/1/3
f 59/31/3 57/31/3 50/4/3 46/4/3
f 60/32/3 58/32/3 45/1/3 51/1/3
f 57/31/3 60/32/3 51/1/3 50/4/3
f 62/31/3 63/32/3 64/32/3 61/31/3
f 59/31/1 58/32/1 63/32/1 62/31/1
f 60/32/8 57/31/8 61/31/8 64/32/8
f 58/32/4 60/32/4 64/32/4 63/32/4
f 66/33/17 67/27/17 22/4/17 21/1/17
f 69/27/17 68/33/17 23/1/17 24/4/17
f 67/27/17 69/27/17 24/4/17 22/4/17
f 68/33/17 66/33/17 21/1/17 23/1/17
f 70/27/17 71/33/17 72/33/17 65/27/17
f 68/33/18 69/27/18 65/27/18 72/33/18
f 66/33/19 68/33/19 72/33/19 71/33/19
f 67/27/20 66/33/20 71/33/20 70/27/20
f 154/28/2 156/28/2 173/28/2 174/28/2
f 171/28/2 170/28/2 192/28/2 191/28/2
f 158/28/4 153/28/4 175/28/4 178/28/4
f 155/28/2 153/28/2 175/28/2 176/28/2
f 172/28/2 171/28/2 191/28/2 190/28/2
f 166/28/4 164/28/4 184/28/4 183/28/4
f 156/28/2 155/28/2 176/28/2 173/28/2
f 163/28/2 168/28/2 188/28/2 185/28/2
f 163/28/4 165/28/4 186/28/4 185/28/4
f 154/28/4 157/28/4 177/28/4 174/28/4
f 165/28/4 166/28/4 183/28/4 186/28/4
f 159/28/4 158/28/4 178/28/4 179/28/4
f 167/28/2 164/28/2 184/28/2 187/28/2
f 162/28/4 159/28/4 179/28/4 180/28/4
f 168/28/2 169/28/2 189/28/2 188/28/2
f 160/28/4 161/28/4 181/28/4 182/28/4
f 169/28/2 172/28/2 190/28/2 189/28/2
f 161/28/4 162/28/4 180/28/4 181/28/4
f 737/128/4 738/131/394 676/130/394 674/129/4
f 738/131/394 739/133/395 678/132/395 676/130/394
f 739/133/395 740/135/396 680/134/396 678/132/395
f 740/135/396 741/2/397 682/136/397 680/134/396
f 741/2/397 742/138/398 684/137/398 682/136/397
f 742/138/398 743/140/399 686/139/399 684/137/398
f 743/140/399 744/142/400 688/141/400 686/139/399
f 744/142/400 745/144/401 690/143/401 688/141/400
f 745/144/401 746/146/402 692/145/402 690/143/401
f 746/146/402 747/148/403 694/147/403 692/145/402
f 747/148/403 748/150/404 696/149/404 694/147/403
f 748/150/404 749/151/405 698/6/405 696/149/404
f 749/151/405 750/153/406 700/152/406 698/6/405
f 750/153/406 751/155/407 702/154/407 700/152/406
f 751/155/407 752/157/408 704/156/408 702/154/407
f 752/157/408 753/159/2 706/158/2 704/156/408
f 753/159/2 754/161/409 708/160/409 706/158/2
f 754/161/409 755/163/410 710/162/410 708/160/409
f 755/163/410 756/165/411 712/164/411 710/162/410
f 756/165/411 757/13/412 714/22/412 712/164/411
f 757/13/412 758/167/413 716/166/413 714/22/412
f 758/167/413 759/169/414 718/168/414 716/166/413
f 759/169/414 760/171/415 720/170/415 718/168/414
f 760/171/415 761/173/416 722/172/416 720/170/415
f 761/173/416 762/175/417 724/174/417 722/172/416
f 762/175/417 763/177/418 726/176/418 724/174/417
f 763/177/418 764/179/419 728/178/419 726/176/418
f 764/179/419 765/23/420 730/180/420 728/178/419
f 765/23/420 766/182/421 732/181/421 730/180/420
f 766/182/421 767/184/422 734/183/422 732/181/421
f 676/225/200 678/228/200 680/230/200 682/232/200 684/234/200 686/236/200 688/238/200 690/240/200 692/242/200 694/244/200 696/246/200 698/248/200 700/250/200 702/252/200 704/254/200 706/256/200 708/258/200 710/260/200 712/262/200 714/264/200 716/266/200 718/268/200 720/270/200 722/272/200 724/274/200 726/276/200 728/278/200 730/280/200 732/282/200 734/284/200 736/286/200 674/226/200
f 767/184/422 768/188/423 736/187/423 734/183/422
f 768/188/423 737/190/4 674/189/4 736/187/423
f 719/320/400 824/320/400 825/321/401 721/321/401
f 675/322/199 738/192/199 737/191/199 673/323/199
f 677/324/199 739/193/199 738/192/199 675/322/199
f 679/325/199 740/194/199 739/193/199 677/324/199
f 681/326/199 741/195/199 740/194/199 679/325/199
f 683/327/199 742/196/199 741/195/199 681/326/199
f 685/328/199 743/197/199 742/196/199 683/327/199
f 687/329/199 744/198/199 743/197/199 685/328/199
f 689/330/199 745/199/199 744/198/199 687/329/199
f 691/331/199 746/200/199 745/199/199 689/330/199
f 693/332/199 747/201/199 746/200/199 691/331/199
f 695/333/199 748/202/199 747/201/199 693/332/199
f 697/334/199 749/203/199 748/202/199 695/333/199
f 699/335/199 750/204/199 749/203/199 697/334/199
f 701/336/199 751/205/199 750/204/199 699/335/199
f 703/337/199 752/206/199 751/205/199 701/336/199
f 705/338/199 753/207/199 752/206/199 703/337/199
f 707/339/199 754/208/199 753/207/199 705/338/199
f 709/340/199 755/209/199 754/208/199 707/339/199
f 711/341/199 756/210/199 755/209/199 709/340/199
f 713/342/199 757/211/199 756/210/199 711/341/199
f 715/343/199 758/212/199 757/211/199 713/342/199
f 717/344/199 759/213/199 758/212/199 715/343/199
f 719/320/199 760/214/199 759/213/199 717/344/199
f 721/321/199 761/215/199 760/214/199 719/320/199
f 723/345/199 762/216/199 761/215/199 721/321/199
f 725/346/199 763/217/199 762/216/199 723/345/199
f 727/347/199 764/218/199 763/217/199 725/346/199
f 729/348/199 765/219/199 764/218/199 727/347/199
f 731/349/199 766/220/199 765/219/199 729/348/199
f 733/350/199 767/221/199 766/220/199 731/349/199
f 735/351/199 768/222/199 767/221/199 733/350/199
f 673/323/199 737/191/199 768/222/199 735/351/199
f 798/352/424 862/352/406 863/353/407 799/353/407
f 693/332/418 811/332/418 812/333/419 695/333/419
f 721/321/401 825/321/401 826/345/402 723/345/402
f 695/333/419 812/333/419 813/334/425 697/334/425
f 723/345/402 826/345/402 827/346/426 725/346/426
f 697/334/425 813/334/425 814/335/427 699/335/421
f 725/346/426 827/346/426 828/347/428 727/347/428
f 699/335/421 814/335/427 815/336/422 701/336/422
f 673/323/2 801/323/2 802/322/409 675/322/409
f 727/347/428 828/347/428 829/348/405 729/348/405
f 701/336/422 815/336/422 816/337/423 703/337/423
f 675/322/409 802/322/409 803/324/410 677/324/410
f 729/348/405 829/348/405 830/349/406 731/349/406
f 703/337/423 816/337/423 817/338/4 705/338/4
f 677/324/410 803/324/410 804/325/411 679/325/411
f 731/349/406 830/349/406 831/350/407 733/350/429
f 705/338/4 817/338/4 818/339/394 707/339/394
f 679/325/411 804/325/411 805/326/412 681/326/412
f 733/350/429 831/350/407 832/351/408 735/351/408
f 707/339/394 818/339/394 819/340/395 709/340/395
f 681/326/412 805/326/412 806/327/413 683/327/413
f 735/351/408 832/351/408 801/323/2 673/323/2
f 709/340/395 819/340/395 820/341/396 711/341/396
f 683/327/413 806/327/413 807/328/414 685/328/414
f 711/341/396 820/341/396 821/342/397 713/342/397
f 685/328/414 807/328/414 808/329/430 687/329/430
f 713/342/397 821/342/397 822/343/431 715/343/431
f 687/329/430 808/329/430 809/330/432 689/330/432
f 715/343/431 822/343/431 823/344/433 717/344/433
f 689/330/432 809/330/432 810/331/434 691/331/434
f 717/344/433 823/344/433 824/320/400 719/320/400
f 691/331/434 810/331/434 811/332/418 693/332/418
f 770/354/199 802/322/199 801/323/199 769/355/199
f 771/356/199 803/324/199 802/322/199 770/354/199
f 772/357/199 804/325/199 803/324/199 771/356/199
f 773/358/199 805/326/199 804/325/199 772/357/199
f 774/359/199 806/327/199 805/326/199 773/358/199
f 775/360/199 807/328/199 806/327/199 774/359/199
f 776/361/199 808/329/199 807/328/199 775/360/199
f 777/362/199 809/330/199 808/329/199 776/361/199
f 778/363/199 810/331/199 809/330/199 777/362/199
f 779/364/199 811/332/199 810/331/199 778/363/199
f 780/365/199 812/333/199 811/332/199 779/364/199
f 781/366/199 813/334/199 812/333/199 780/365/199
f 782/367/199 814/335/199 813/334/199 781/366/199
f 783/368/199 815/336/199 814/335/199 782/367/199
f 784/369/199 816/337/199 815/336/199 783/368/199
f 785/370/199 817/338/199 816/337/199 784/369/199
f 786/371/199 818/339/199 817/338/199 785/370/199
f 787/372/199 819/340/199 818/339/199 786/371/199
f 788/373/199 820/341/199 819/340/199 787/372/199
f 789/374/199 821/342/199 820/341/199 788/373/199
f 790/375/199 822/343/199 821/342/199 789/374/199
f 791/376/199 823/344/199 822/343/199 790/375/199
f 792/377/199 824/320/199 823/344/199 791/376/199
f 793/378/199 825/321/199 824/320/199 792/377/199
f 794/379/199 826/345/199 825/321/199 793/378/199
f 795/380/199 827/346/199 826/345/199 794/379/199
f 796/381/199 828/347/199 827/346/199 795/380/199
f 797/382/199 829/348/199 828/347/199 796/381/199
f 798/352/199 830/349/199 829/348/199 797/382/199
f 799/353/199 831/350/199 830/349/199 798/352/199
f 800/383/199 832/351/199 831/350/199 799/353/199
f 769/355/199 801/323/199 832/351/199 800/383/199
f 833/355/199 864/383/199 863/353/199 862/352/199 861/382/199 860/381/199 859/380/199 858/379/199 857/378/199 856/377/199 855/376/199 854/375/199 853/374/199 852/373/199 851/372/199 850/371/199 849/370/199 848/369/199 847/368/199 846/367/199 845/366/199 844/365/199 843/364/199 842/363/199 841/362/199 840/361/199 839/360/199 838/359/199 837/358/199 836/357/199 835/356/199 834/354/199
f 785/370/4 849/370/4 850/371/394 786/371/394
f 772/357/411 836/357/411 837/358/412 773/358/412
f 799/353/407 863/353/407 864/383/435 800/383/408
f 786/371/394 850/371/394 851/372/395 787/372/395
f 773/358/412 837/358/412 838/359/436 774/359/436
f 800/383/408 864/383/435 833/355/2 769/355/2
f 787/372/395 851/372/395 852/373/396 788/373/396
f 774/359/436 838/359/436 839/360/437 775/360/437
f 788/373/396 852/373/396 853/374/438 789/374/438
f 775/360/437 839/360/437 840/361/439 776/361/439
f 789/374/438 853/374/438 854/375/440 790/375/440
f 776/361/439 840/361/439 841/362/416 777/362/416
f 790/375/440 854/375/440 855/376/399 791/376/399
f 777/362/416 841/362/416 842/363/434 778/363/434
f 791/376/399 855/376/399 856/377/441 792/377/441
f 778/363/434 842/363/434 843/364/442 779/364/442
f 792/377/441 856/377/441 857/378/401 793/378/401
f 779/364/442 843/364/442 844/365/443 780/365/443
f 793/378/401 857/378/401 858/379/444 794/379/444
f 780/365/443 844/365/443 845/366/420 781/366/420
f 794/379/444 858/379/444 859/380/445 795/380/445
f 781/366/420 845/366/420 846/367/421 782/367/421
f 795/380/445 859/380/445 860/381/446 796/381/446
f 782/367/421 846/367/421 847/368/422 783/368/422
f 769/355/2 833/355/2 834/354/409 770/354/409
f 796/381/446 860/381/446 861/382/405 797/382/405
f 783/368/422 847/368/422 848/369/423 784/369/423
f 770/354/409 834/354/409 835/356/410 771/356/410
f 797/382/405 861/382/405 862/352/406 798/352/424
f 784/369/423 848/369/423 849/370/4 785/370/4
f 771/356/410 835/356/410 836/357/411 772/357/411
f 884/145/200 882/143/200 937/143/200 938/145/200
f 865/191/200 867/192/200 869/193/200 871/194/200 873/195/200 875/196/200 877/197/200 879/198/200 881/199/200 883/200/200 885/201/200 887/202/200 889/203/200 891/204/200 893/205/200 895/206/200 897/207/200 899/208/200 901/209/200 903/210/200 905/211/200 907/212/200 909/213/200 911/214/200 913/215/200 915/216/200 917/217/200 919/218/200 921/219/200 923/220/200 925/221/200 927/222/200
f 953/172/447 952/170/448 984/170/448 985/172/447
f 902/162/200 900/160/200 946/160/200 947/162/200
f 920/178/200 918/176/200 955/176/200 956/178/200
f 876/137/200 874/136/200 933/136/200 934/137/200
f 894/154/200 892/152/200 942/152/200 943/154/200
f 912/170/200 910/168/200 951/168/200 952/170/200
f 868/130/200 866/129/200 930/129/200 929/130/200
f 866/189/200 928/187/200 960/187/200 930/189/200
f 886/147/200 884/145/200 938/145/200 939/147/200
f 904/164/200 902/162/200 947/162/200 948/164/200
f 922/180/200 920/178/200 956/178/200 957/180/200
f 878/139/200 876/137/200 934/137/200 935/139/200
f 896/156/200 894/154/200 943/154/200 944/156/200
f 914/172/200 912/170/200 952/170/200 953/172/200
f 870/132/200 868/130/200 929/130/200 931/132/200
f 888/149/200 886/147/200 939/147/200 940/149/200
f 906/22/200 904/164/200 948/164/200 949/22/200
f 924/181/200 922/180/200 957/180/200 958/181/200
f 880/141/200 878/139/200 935/139/200 936/141/200
f 898/158/200 896/156/200 944/156/200 945/158/200
f 916/174/200 914/172/200 953/172/200 954/174/200
f 872/134/200 870/132/200 931/132/200 932/134/200
f 890/6/200 888/149/200 940/149/200 941/6/200
f 908/166/200 906/22/200 949/22/200 950/166/200
f 926/183/200 924/181/200 958/181/200 959/183/200
f 882/143/200 880/141/200 936/141/200 937/143/200
f 900/160/200 898/158/200 945/158/200 946/160/200
f 918/176/200 916/174/200 954/174/200 955/176/200
f 874/136/200 872/134/200 932/134/200 933/136/200
f 892/152/200 890/6/200 941/6/200 942/152/200
f 910/168/200 908/166/200 950/166/200 951/168/200
f 928/187/200 926/183/200 959/183/200 960/187/200
f 961/225/199 962/226/199 992/286/199 991/284/199 990/282/199 989/280/199 988/278/199 987/276/199 986/274/199 985/272/199 984/270/199 983/268/199 982/266/199 981/264/199 980/262/199 979/260/199 978/258/199 977/256/199 976/254/199 975/252/199 974/250/199 973/248/199 972/246/199 971/244/199 970/242/199 969/240/199 968/238/199 967/236/199 966/234/199 965/232/199 964/230/199 963/228/199
f 940/149/449 939/147/450 971/147/450 972/149/449
f 954/174/451 953/172/447 985/172/447 986/174/451
f 941/6/452 940/149/449 972/149/449 973/6/452
f 955/176/453 954/174/451 986/174/451 987/176/453
f 942/152/454 941/6/452 973/6/452 974/152/454
f 956/178/455 955/176/453 987/176/453 988/178/455
f 943/154/456 942/152/454 974/152/454 975/154/456
f 929/130/457 930/129/458 962/129/458 961/130/457
f 957/180/459 956/178/455 988/178/455 989/180/459
f 944/156/460 943/154/456 975/154/456 976/156/460
f 931/132/461 929/130/457 961/130/457 963/132/461
f 958/181/462 957/180/459 989/180/459 990/181/462
f 945/158/463 944/156/460 976/156/460 977/158/463
f 932/134/464 931/132/461 963/132/461 964/134/464
f 959/183/465 958/181/462 990/181/462 991/183/465
f 946/160/466 945/158/463 977/158/463 978/160/466
f 933/136/467 932/134/464 964/134/464 965/136/467
f 960/187/468 959/183/465 991/183/465 992/187/468
f 947/162/469 946/160/466 978/160/466 979/162/469
f 934/137/470 933/136/467 965/136/467 966/137/470
f 930/189/458 960/187/468 992/187/468 962/189/458
f 948/164/471 947/162/469 979/162/469 980/164/471
f 935/139/472 934/137/470 966/137/470 967/139/472
f 949/22/473 948/164/471 980/164/471 981/22/473
f 936/141/474 935/139/472 967/139/472 968/141/474
f 950/166/475 949/22/473 981/22/473 982/166/475
f 937/143/476 936/141/474 968/141/474 969/143/476
f 951/168/477 950/166/475 982/166/475 983/168/477
f 938/145/478 937/143/476 969/143/476 970/145/478
f 952/170/448 951/168/477 983/168/477 984/170/448
f 939/147/450 938/145/478 970/145/478 971/147/450
f 952/170/479 953/172/480 1017/172/481 1016/170/482
f 939/147/483 940/149/484 1004/149/485 1003/147/486
f 953/172/480 954/174/487 1018/174/488 1017/172/481
f 940/149/484 941/6/489 1005/6/490 1004/149/485
f 954/174/487 955/176/491 1019/176/492 1018/174/488
f 941/6/489 942/152/493 1006/152/494 1005/6/490
f 955/176/491 956/178/495 1020/178/496 1019/176/492
f 942/152/493 943/154/497 1007/154/498 1006/152/494
f 930/129/499 929/130/500 993/130/501 994/129/502
f 956/178/495 957/180/503 1021/180/504 1020/178/496
f 943/154/497 944/156/505 1008/156/506 1007/154/498
f 929/130/500 931/132/507 995/132/508 993/130/501
f 957/180/503 958/181/509 1022/181/510 1021/180/504
f 944/156/505 945/158/511 1009/158/512 1008/156/506
f 931/132/507 932/134/513 996/134/514 995/132/508
f 958/181/509 959/183/515 1023/183/516 1022/181/510
f 945/158/511 946/160/517 1010/160/518 1009/158/512
f 932/134/513 933/136/519 997/136/520 996/134/514
f 959/183/515 960/187/521 1024/187/522 1023/183/516
f 946/160/517 947/162/523 1011/162/524 1010/160/518
f 933/136/519 934/137/525 998/137/526 997/136/520
f 960/187/521 930/189/499 994/189/502 1024/187/522
f 947/162/523 948/164/527 1012/164/528 1011/162/524
f 934/137/525 935/139/529 999/139/530 998/137/526
f 948/164/527 949/22/531 1013/22/532 1012/164/528
f 935/139/529 936/141/533 1000/141/534 999/139/530
f 949/22/531 950/166/535 1014/166/536 1013/22/532
f 936/141/533 937/143/537 1001/143/538 1000/141/534
f 950/166/535 951/168/539 1015/168/540 1014/166/536
f 937/143/537 938/145/541 1002/145/542 1001/143/538
f 951/168/539 952/170/479 1016/170/482 1015/168/540
f 938/145/541 939/147/483 1003/147/486 1002/145/542
f 1022/181/510 1023/183/516 1055/183/543 1054/181/544
f 1009/158/512 1010/160/518 1042/160/545 1041/158/546
f 996/134/514 997/136/520 1029/136/547 1028/134/548
f 1023/183/516 1024/187/522 1056/187/549 1055/183/543
f 1010/160/518 1011/162/524 1043/162/550 1042/160/545
f 997/136/520 998/137/526 1030/137/551 1029/136/547
f 1024/187/522 994/189/502 1026/189/552 1056/187/549
f 1011/162/524 1012/164/528 1044/164/553 1043/162/550
f 998/137/526 999/139/530 1031/139/554 1030/137/551
f 1012/164/528 1013/22/532 1045/22/555 1044/164/553
f 999/139/530 1000/141/534 1032/141/556 1031/139/554
f 1013/22/532 1014/166/536 1046/166/557 1045/22/555
f 1000/141/534 1001/143/538 1033/143/558 1032/141/556
f 1014/166/536 1015/168/540 1047/168/559 1046/166/557
f 1001/143/538 1002/145/542 1034/145/560 1033/143/558
f 1015/168/540 1016/170/482 1048/170/561 1047/168/559
f 1002/145/542 1003/147/486 1035/147/562 1034/145/560
f 1016/170/482 1017/172/481 1049/172/563 1048/170/561
f 1003/147/486 1004/149/485 1036/149/564 1035/147/562
f 1017/172/481 1018/174/488 1050/174/565 1049/172/563
f 1004/149/485 1005/6/490 1037/6/566 1036/149/564
f 1018/174/488 1019/176/492 1051/176/567 1050/174/565
f 1005/6/490 1006/152/494 1038/152/568 1037/6/566
f 1019/176/492 1020/178/496 1052/178/569 1051/176/567
f 1006/152/494 1007/154/498 1039/154/570 1038/152/568
f 994/129/502 993/130/501 1025/130/571 1026/129/552
f 1020/178/496 1021/180/504 1053/180/572 1052/178/569
f 1007/154/498 1008/156/506 1040/156/573 1039/154/570
f 993/130/501 995/132/508 1027/132/574 1025/130/571
f 1021/180/504 1022/181/510 1054/181/544 1053/180/572
f 1008/156/506 1009/158/512 1041/158/546 1040/156/573
f 995/132/508 996/134/514 1028/134/548 1027/132/574
f 1044/164/575 1045/22/576 1077/22/577 1076/164/578
f 1031/139/579 1032/141/580 1064/141/581 1063/139/582
f 1045/22/576 1046/166/583 1078/166/584 1077/22/577
f 1032/141/580 1033/143/585 1065/143/586 1064/141/581
f 1046/166/583 1047/168/587 1079/168/588 1078/166/584
f 1033/143/585 1034/145/589 1066/145/590 1065/143/586
f 1047/168/587 1048/170/561 1080/170/591 1079/168/588
f 1034/145/589 1035/147/592 1067/147/593 1066/145/590
f 1048/170/561 1049/172/563 1081/172/594 1080/170/591
f 1035/147/592 1036/149/595 1068/149/596 1067/147/593
f 1049/172/563 1050/174/565 1082/174/597 1081/172/594
f 1036/149/595 1037/6/598 1069/6/599 1068/149/596
f 1050/174/565 1051/176/567 1083/176/600 1082/174/597
f 1037/6/598 1038/152/601 1070/152/602 1069/6/599
f 1051/176/567 1052/178/569 1084/178/603 1083/176/600
f 1038/152/601 1039/154/604 1071/154/605 1070/152/602
f 1026/129/606 1025/130/607 1057/130/608 1058/129/609
f 1052/178/569 1053/180/572 1085/180/610 1084/178/603
f 1039/154/604 1040/156/611 1072/156/612 1071/154/605
f 1025/130/607 1027/132/613 1059/132/614 1057/130/608
f 1053/180/572 1054/181/544 1086/181/615 1085/180/610
f 1040/156/611 1041/158/616 1073/158/617 1072/156/612
f 1027/132/613 1028/134/618 1060/134/619 1059/132/614
f 1054/181/544 1055/183/543 1087/183/620 1086/181/615
f 1041/158/616 1042/160/621 1074/160/622 1073/158/617
f 1028/134/618 1029/136/623 1061/136/624 1060/134/619
f 1055/183/543 1056/187/549 1088/187/625 1087/183/620
f 1042/160/621 1043/162/626 1075/162/627 1074/160/622
f 1029/136/623 1030/137/628 1062/137/629 1061/136/624
f 1056/187/549 1026/189/606 1058/189/609 1088/187/625
f 1043/162/626 1044/164/575 1076/164/578 1075/162/627
f 1030/137/628 1031/139/579 1063/139/582 1062/137/629
f 1079/168/630 1080/170/631 1112/170/632 1111/168/633
f 1066/145/590 1067/147/593 1099/147/634 1098/145/635
f 1080/170/631 1081/172/636 1113/172/637 1112/170/632
f 1067/147/593 1068/149/596 1100/149/638 1099/147/634
f 1081/172/636 1082/174/639 1114/174/640 1113/172/637
f 1068/149/596 1069/6/599 1101/6/641 1100/149/638
f 1082/174/639 1083/176/642 1115/176/643 1114/174/640
f 1069/6/599 1070/152/602 1102/152/644 1101/6/641
f 1083/176/642 1084/178/645 1116/178/646 1115/176/643
f 1070/152/602 1071/154/605 1103/154/647 1102/152/644
f 1058/129/609 1057/130/608 1089/130/648 1090/129/649
f 1084/178/645 1085/180/650 1117/180/651 1116/178/646
f 1071/154/605 1072/156/612 1104/156/652 1103/154/647
f 1057/130/608 1059/132/614 1091/132/653 1089/130/648
f 1085/180/650 1086/181/654 1118/181/655 1117/180/651
f 1072/156/612 1073/158/617 1105/158/656 1104/156/652
f 1059/132/614 1060/134/619 1092/134/657 1091/132/653
f 1086/181/654 1087/183/658 1119/183/659 1118/181/655
f 1073/158/617 1074/160/622 1106/160/660 1105/158/656
f 1060/134/619 1061/136/624 1093/136/661 1092/134/657
f 1087/183/658 1088/187/662 1120/187/663 1119/183/659
f 1074/160/622 1075/162/627 1107/162/664 1106/160/660
f 1061/136/624 1062/137/629 1094/137/665 1093/136/661
f 1088/187/662 1058/189/609 1090/189/649 1120/187/663
f 1075/162/627 1076/164/578 1108/164/666 1107/162/664
f 1062/137/629 1063/139/582 1095/139/667 1094/137/665
f 1076/164/578 1077/22/577 1109/22/668 1108/164/666
f 1063/139/582 1064/141/581 1096/141/669 1095/139/667
f 1077/22/577 1078/166/584 1110/166/670 1109/22/668
f 1064/141/581 1065/143/586 1097/143/671 1096/141/669
f 1078/166/584 1079/168/630 1111/168/633 1110/166/670
f 1065/143/586 1066/145/590 1098/145/635 1097/143/671
f 1089/130/200 1091/132/200 1092/134/200 1093/136/200 1094/137/200 1095/139/200 1096/141/200 1097/143/200 1098/145/200 1099/147/200 1100/149/200 1101/6/200 1102/152/200 1103/154/200 1104/156/200 1105/158/200 1106/160/200 1107/162/200 1108/164/200 1109/22/200 1110/166/200 1111/168/200 1112/170/200 1113/172/200 1114/174/200 1115/176/200 1116/178/200 1117/180/200 1118/181/200 1119/183/200 1120/187/200 1090/189/200
f 1381/128/4 1382/131/394 1320/130/394 1318/129/4
f 1382/131/394 1383/133/395 1322/132/395 1320/130/394
f 1383/133/395 1384/135/396 1324/134/396 1322/132/395
f 1384/135/396 1385/2/397 1326/136/397 1324/134/396
f 1385/2/397 1386/138/398 1328/137/398 1326/136/397
f 1386/138/398 1387/140/399 1330/139/399 1328/137/398
f 1387/140/399 1388/142/400 1332/141/400 1330/139/399
f 1388/142/400 1389/144/401 1334/143/401 1332/141/400
f 1389/144/401 1390/146/402 1336/145/402 1334/143/401
f 1390/146/402 1391/148/403 1338/147/403 1336/145/402
f 1391/148/403 1392/150/404 1340/149/404 1338/147/403
f 1392/150/404 1393/151/724 1342/6/724 1340/149/404
f 1393/151/724 1394/153/406 1344/152/406 1342/6/724
f 1394/153/406 1395/155/407 1346/154/407 1344/152/406
f 1395/155/407 1396/157/408 1348/156/408 1346/154/407
f 1396/157/408 1397/159/2 1350/158/2 1348/156/408
f 1397/159/2 1398/161/409 1352/160/409 1350/158/2
f 1398/161/409 1399/163/410 1354/162/410 1352/160/409
f 1399/163/410 1400/165/411 1356/164/411 1354/162/410
f 1400/165/411 1401/13/412 1358/22/412 1356/164/411
f 1401/13/412 1402/167/413 1360/166/413 1358/22/412
f 1402/167/413 1403/169/414 1362/168/414 1360/166/413
f 1403/169/414 1404/171/415 1364/170/415 1362/168/414
f 1404/171/415 1405/173/416 1366/172/416 1364/170/415
f 1405/173/416 1406/175/417 1368/174/417 1366/172/416
f 1406/175/417 1407/177/418 1370/176/418 1368/174/417
f 1407/177/418 1408/179/419 1372/178/419 1370/176/418
f 1408/179/419 1409/23/420 1374/180/420 1372/178/419
f 1409/23/420 1410/182/421 1376/181/421 1374/180/420
f 1410/182/421 1411/184/422 1378/183/422 1376/181/421
f 1320/225/200 1322/228/200 1324/230/200 1326/232/200 1328/234/200 1330/236/200 1332/238/200 1334/240/200 1336/242/200 1338/244/200 1340/246/200 1342/248/200 1344/250/200 1346/252/200 1348/254/200 1350/256/200 1352/258/200 1354/260/200 1356/262/200 1358/264/200 1360/266/200 1362/268/200 1364/270/200 1366/272/200 1368/274/200 1370/276/200 1372/278/200 1374/280/200 1376/282/200 1378/284/200 1380/286/200 1318/226/200
f 1411/184/422 1412/188/423 1380/187/423 1378/183/422
f 1412/188/423 1381/190/4 1318/189/4 1380/187/423
f 1363/320/400 1468/320/400 1469/321/401 1365/321/401
f 1319/322/199 1382/192/199 1381/191/199 1317/323/199
f 1321/324/199 1383/193/199 1382/192/199 1319/322/199
f 1323/325/199 1384/194/199 1383/193/199 1321/324/199
f 1325/326/199 1385/195/199 1384/194/199 1323/325/199
f 1327/327/199 1386/196/199 1385/195/199 1325/326/199
f 1329/328/199 1387/197/199 1386/196/199 1327/327/199
f 1331/329/199 1388/198/199 1387/197/199 1329/328/199
f 1333/330/199 1389/199/199 1388/198/199 1331/329/199
f 1335/331/199 1390/200/199 1389/199/199 1333/330/199
f 1337/332/199 1391/201/199 1390/200/199 1335/331/199
f 1339/333/199 1392/202/199 1391/201/199 1337/332/199
f 1341/334/199 1393/203/199 1392/202/199 1339/333/199
f 1343/335/199 1394/204/199 1393/203/199 1341/334/199
f 1345/336/199 1395/205/199 1394/204/199 1343/335/199
f 1347/337/199 1396/206/199 1395/205/199 1345/336/199
f 1349/338/199 1397/207/199 1396/206/199 1347/337/199
f 1351/339/199 1398/208/199 1397/207/199 1349/338/199
f 1353/340/199 1399/209/199 1398/208/199 1351/339/199
f 1355/341/199 1400/210/199 1399/209/199 1353/340/199
f 1357/342/199 1401/211/199 1400/210/199 1355/341/199
f 1359/343/199 1402/212/199 1401/211/199 1357/342/199
f 1361/344/199 1403/213/199 1402/212/199 1359/343/199
f 1363/320/199 1404/214/199 1403/213/199 1361/344/199
f 1365/321/199 1405/215/199 1404/214/199 1363/320/199
f 1367/345/199 1406/216/199 1405/215/199 1365/321/199
f 1369/346/199 1407/217/199 1406/216/199 1367/345/199
f 1371/347/199 1408/218/199 1407/217/199 1369/346/199
f 1373/348/199 1409/219/199 1408/218/199 1371/347/199
f 1375/349/199 1410/220/199 1409/219/199 1373/348/199
f 1377/350/199 1411/221/199 1410/220/199 1375/349/199
f 1379/351/199 1412/222/199 1411/221/199 1377/350/199
f 1317/323/199 1381/191/199 1412/222/199 1379/351/199
f 1442/352/406 1506/352/406 1507/353/407 1443/353/407
f 1337/332/418 1455/332/418 1456/333/419 1339/333/419
f 1365/321/401 1469/321/401 1470/345/402 1367/345/402
f 1339/333/419 1456/333/419 1457/334/425 1341/334/425
f 1367/345/402 1470/345/402 1471/346/426 1369/346/426
f 1341/334/425 1457/334/425 1458/335/427 1343/335/421
f 1369/346/426 1471/346/426 1472/347/428 1371/347/428
f 1343/335/421 1458/335/427 1459/336/422 1345/336/422
f 1317/323/2 1445/323/2 1446/322/409 1319/322/409
f 1371/347/428 1472/347/428 1473/348/405 1373/348/405
f 1345/336/422 1459/336/422 1460/337/423 1347/337/423
f 1319/322/409 1446/322/409 1447/324/410 1321/324/410
f 1373/348/405 1473/348/405 1474/349/406 1375/349/406
f 1347/337/423 1460/337/423 1461/338/4 1349/338/4
f 1321/324/410 1447/324/410 1448/325/411 1323/325/411
f 1375/349/406 1474/349/406 1475/350/407 1377/350/407
f 1349/338/4 1461/338/4 1462/339/394 1351/339/394
f 1323/325/411 1448/325/411 1449/326/412 1325/326/412
f 1377/350/407 1475/350/407 1476/351/408 1379/351/408
f 1351/339/394 1462/339/394 1463/340/395 1353/340/395
f 1325/326/412 1449/326/412 1450/327/413 1327/327/413
f 1379/351/408 1476/351/408 1445/323/2 1317/323/2
f 1353/340/395 1463/340/395 1464/341/396 1355/341/396
f 1327/327/413 1450/327/413 1451/328/414 1329/328/414
f 1355/341/396 1464/341/396 1465/342/397 1357/342/397
f 1329/328/414 1451/328/414 1452/329/430 1331/329/430
f 1357/342/397 1465/342/397 1466/343/431 1359/343/431
f 1331/329/430 1452/329/430 1453/330/432 1333/330/432
f 1359/343/431 1466/343/431 1467/344/433 1361/344/433
f 1333/330/432 1453/330/432 1454/331/434 1335/331/434
f 1361/344/433 1467/344/433 1468/320/400 1363/320/400
f 1335/331/434 1454/331/434 1455/332/418 1337/332/418
f 1414/354/199 1446/322/199 1445/323/199 1413/355/199
f 1415/356/199 1447/324/199 1446/322/199 1414/354/199
f 1416/357/199 1448/325/199 1447/324/199 1415/356/199
f 1417/358/199 1449/326/199 1448/325/199 1416/357/199
f 1418/359/199 1450/327/199 1449/326/199 1417/358/199
f 1419/360/199 1451/328/199 1450/327/199 1418/359/199
f 1420/361/199 1452/329/199 1451/328/199 1419/360/199
f 1421/362/199 1453/330/199 1452/329/199 1420/361/199
f 1422/363/199 1454/331/199 1453/330/199 1421/362/199
f 1423/364/199 1455/332/199 1454/331/199 1422/363/199
f 1424/365/199 1456/333/199 1455/332/199 1423/364/199
f 1425/366/199 1457/334/199 1456/333/199 1424/365/199
f 1426/367/199 1458/335/199 1457/334/199 1425/366/199
f 1427/368/199 1459/336/199 1458/335/199 1426/367/199
f 1428/369/199 1460/337/199 1459/336/199 1427/368/199
f 1429/370/199 1461/338/199 1460/337/199 1428/369/199
f 1430/371/199 1462/339/199 1461/338/199 1429/370/199
f 1431/372/199 1463/340/199 1462/339/199 1430/371/199
f 1432/373/199 1464/341/199 1463/340/199 1431/372/199
f 1433/374/199 1465/342/199 1464/341/199 1432/373/199
f 1434/375/199 1466/343/199 1465/342/199 1433/374/199
f 1435/376/199 1467/344/199 1466/343/199 1434/375/199
f 1436/377/199 1468/320/199 1467/344/199 1435/376/199
f 1437/378/199 1469/321/199 1468/320/199 1436/377/199
f 1438/379/199 1470/345/199 1469/321/199 1437/378/199
f 1439/380/199 1471/346/199 1470/345/199 1438/379/199
f 1440/381/199 1472/347/199 1471/346/199 1439/380/199
f 1441/382/199 1473/348/199 1472/347/199 1440/381/199
f 1442/352/199 1474/349/199 1473/348/199 1441/382/199
f 1443/353/199 1475/350/199 1474/349/199 1442/352/199
f 1444/383/199 1476/351/199 1475/350/199 1443/353/199
f 1413/355/199 1445/323/199 1476/351/199 1444/383/199
f 1477/355/199 1508/383/199 1507/353/199 1506/352/199 1505/382/199 1504/381/199 1503/380/199 1502/379/199 1501/378/199 1500/377/199 1499/376/199 1498/375/199 1497/374/199 1496/373/199 1495/372/199 1494/371/199 1493/370/199 1492/369/199 1491/368/199 1490/367/199 1489/366/199 1488/365/199 1487/364/199 1486/363/199 1485/362/199 1484/361/199 1483/360/199 1482/359/199 1481/358/199 1480/357/199 1479/356/199 1478/354/199
f 1429/370/4 1493/370/4 1494/371/394 1430/371/394
f 1416/357/411 1480/357/411 1481/358/412 1417/358/412
f 1443/353/407 1507/353/407 1508/383/435 1444/383/435
f 1430/371/394 1494/371/394 1495/372/395 1431/372/395
f 1417/358/412 1481/358/412 1482/359/725 1418/359/725
f 1444/383/435 1508/383/435 1477/355/2 1413/355/2
f 1431/372/395 1495/372/395 1496/373/396 1432/373/396
f 1418/359/725 1482/359/725 1483/360/726 1419/360/437
f 1432/373/396 1496/373/396 1497/374/438 1433/374/438
f 1419/360/437 1483/360/726 1484/361/439 1420/361/727
f 1433/374/438 1497/374/438 1498/375/440 1434/375/440
f 1420/361/727 1484/361/439 1485/362/416 1421/362/416
f 1434/375/440 1498/375/440 1499/376/399 1435/376/399
f 1421/362/416 1485/362/416 1486/363/434 1422/363/434
f 1435/376/399 1499/376/399 1500/377/441 1436/377/441
f 1422/363/434 1486/363/434 1487/364/728 1423/364/442
f 1436/377/441 1500/377/441 1501/378/401 1437/378/401
f 1423/364/442 1487/364/728 1488/365/443 1424/365/443
f 1437/378/401 1501/378/401 1502/379/444 1438/379/444
f 1424/365/443 1488/365/443 1489/366/420 1425/366/420
f 1438/379/444 1502/379/444 1503/380/445 1439/380/445
f 1425/366/420 1489/366/420 1490/367/729 1426/367/729
f 1439/380/445 1503/380/445 1504/381/446 1440/381/446
f 1426/367/729 1490/367/729 1491/368/422 1427/368/422
f 1413/355/2 1477/355/2 1478/354/409 1414/354/730
f 1440/381/446 1504/381/446 1505/382/405 1441/382/405
f 1427/368/422 1491/368/422 1492/369/423 1428/369/423
f 1414/354/730 1478/354/409 1479/356/410 1415/356/410
f 1441/382/405 1505/382/405 1506/352/406 1442/352/406
f 1428/369/423 1492/369/423 1493/370/4 1429/370/4
f 1415/356/410 1479/356/410 1480/357/411 1416/357/411
f 1528/145/200 1526/143/200 1581/143/200 1582/145/200
f 1509/191/200 1511/192/200 1513/193/200 1515/194/200 1517/195/200 1519/196/200 1521/197/200 1523/198/200 1525/199/200 1527/200/200 1529/201/200 1531/202/200 1533/203/200 1535/204/200 1537/205/200 1539/206/200 1541/207/200 1543/208/200 1545/209/200 1547/210/200 1549/211/200 1551/212/200 1553/213/200 1555/214/200 1557/215/200 1559/216/200 1561/217/200 1563/218/200 1565/219/200 1567/220/200 1569/221/200 1571/222/200
f 1597/172/447 1596/170/448 1628/170/448 1629/172/447
f 1546/162/200 1544/160/200 1590/160/200 1591/162/200
f 1564/178/200 1562/176/200 1599/176/200 1600/178/200
f 1520/137/200 1518/136/200 1577/136/200 1578/137/200
f 1538/154/200 1536/152/200 1586/152/200 1587/154/200
f 1556/170/200 1554/168/200 1595/168/200 1596/170/200
f 1512/130/200 1510/129/200 1574/129/200 1573/130/200
f 1510/189/200 1572/187/200 1604/187/200 1574/189/200
f 1530/147/200 1528/145/200 1582/145/200 1583/147/200
f 1548/164/200 1546/162/200 1591/162/200 1592/164/200
f 1566/180/200 1564/178/200 1600/178/200 1601/180/200
f 1522/139/200 1520/137/200 1578/137/200 1579/139/200
f 1540/156/200 1538/154/200 1587/154/200 1588/156/200
f 1558/172/200 1556/170/200 1596/170/200 1597/172/200
f 1514/132/200 1512/130/200 1573/130/200 1575/132/200
f 1532/149/200 1530/147/200 1583/147/200 1584/149/200
f 1550/22/200 1548/164/200 1592/164/200 1593/22/200
f 1568/181/200 1566/180/200 1601/180/200 1602/181/200
f 1524/141/200 1522/139/200 1579/139/200 1580/141/200
f 1542/158/200 1540/156/200 1588/156/200 1589/158/200
f 1560/174/200 1558/172/200 1597/172/200 1598/174/200
f 1516/134/200 1514/132/200 1575/132/200 1576/134/200
f 1534/6/200 1532/149/200 1584/149/200 1585/6/200
f 1552/166/200 1550/22/200 1593/22/200 1594/166/200
f 1570/183/200 1568/181/200 1602/181/200 1603/183/200
f 1526/143/200 1524/141/200 1580/141/200 1581/143/200
f 1544/160/200 1542/158/200 1589/158/200 1590/160/200
f 1562/176/200 1560/174/200 1598/174/200 1599/176/200
f 1518/136/200 1516/134/200 1576/134/200 1577/136/200
f 1536/152/200 1534/6/200 1585/6/200 1586/152/200
f 1554/168/200 1552/166/200 1594/166/200 1595/168/200
f 1572/187/200 1570/183/200 1603/183/200 1604/187/200
f 1605/225/199 1606/226/199 1636/286/199 1635/284/199 1634/282/199 1633/280/199 1632/278/199 1631/276/199 1630/274/199 1629/272/199 1628/270/199 1627/268/199 1626/266/199 1625/264/199 1624/262/199 1623/260/199 1622/258/199 1621/256/199 1620/254/199 1619/252/199 1618/250/199 1617/248/199 1616/246/199 1615/244/199 1614/242/199 1613/240/199 1612/238/199 1611/236/199 1610/234/199 1609/232/199 1608/230/199 1607/228/199
f 1584/149/731 1583/147/450 1615/147/450 1616/149/731
f 1598/174/451 1597/172/447 1629/172/447 1630/174/451
f 1585/6/732 1584/149/731 1616/149/731 1617/6/732
f 1599/176/453 1598/174/451 1630/174/451 1631/176/453
f 1586/152/454 1585/6/732 1617/6/732 1618/152/454
f 1600/178/455 1599/176/453 1631/176/453 1632/178/455
f 1587/154/456 1586/152/454 1618/152/454 1619/154/456
f 1573/130/457 1574/129/458 1606/129/458 1605/130/457
f 1601/180/459 1600/178/455 1632/178/455 1633/180/459
f 1588/156/460 1587/154/456 1619/154/456 1620/156/460
f 1575/132/461 1573/130/457 1605/130/457 1607/132/461
f 1602/181/462 1601/180/459 1633/180/459 1634/181/462
f 1589/158/463 1588/156/460 1620/156/460 1621/158/463
f 1576/134/464 1575/132/461 1607/132/461 1608/134/464
f 1603/183/465 1602/181/462 1634/181/462 1635/183/465
f 1590/160/466 1589/158/463 1621/158/463 1622/160/466
f 1577/136/467 1576/134/464 1608/134/464 1609/136/467
f 1604/187/468 1603/183/465 1635/183/465 1636/187/468
f 1591/162/469 1590/160/466 1622/160/466 1623/162/469
f 1578/137/733 1577/136/467 1609/136/467 1610/137/733
f 1574/189/458 1604/187/468 1636/187/468 1606/189/458
f 1592/164/471 1591/162/469 1623/162/469 1624/164/471
f 1579/139/734 1578/137/733 1610/137/733 1611/139/734
f 1593/22/473 1592/164/471 1624/164/471 1625/22/473
f 1580/141/474 1579/139/734 1611/139/734 1612/141/474
f 1594/166/735 1593/22/473 1625/22/473 1626/166/735
f 1581/143/476 1580/141/474 1612/141/474 1613/143/476
f 1595/168/477 1594/166/735 1626/166/735 1627/168/477
f 1582/145/478 1581/143/476 1613/143/476 1614/145/478
f 1596/170/448 1595/168/477 1627/168/477 1628/170/448
f 1583/147/450 1582/145/478 1614/145/478 1615/147/450
f 1596/170/479 1597/172/480 1661/172/481 1660/170/482
f 1583/147/483 1584/149/484 1648/149/736 1647/147/486
f 1597/172/480 1598/174/487 1662/174/488 1661/172/481
f 1584/149/484 1585/6/489 1649/6/490 1648/149/736
f 1598/174/487 1599/176/737 1663/176/492 1662/174/488
f 1585/6/489 1586/152/493 1650/152/494 1649/6/490
f 1599/176/737 1600/178/495 1664/178/496 1663/176/492
f 1586/152/493 1587/154/497 1651/154/498 1650/152/494
f 1574/129/499 1573/130/500 1637/130/738 1638/129/502
f 1600/178/495 1601/180/503 1665/180/504 1664/178/496
f 1587/154/497 1588/156/505 1652/156/506 1651/154/498
f 1573/130/500 1575/132/739 1639/132/508 1637/130/738
f 1601/180/503 1602/181/509 1666/181/510 1665/180/504
f 1588/156/505 1589/158/511 1653/158/512 1652/156/506
f 1575/132/739 1576/134/513 1640/134/740 1639/132/508
f 1602/181/509 1603/183/515 1667/183/741 1666/181/510
f 1589/158/511 1590/160/517 1654/160/518 1653/158/512
f 1576/134/513 1577/136/519 1641/136/520 1640/134/740
f 1603/183/515 1604/187/521 1668/187/522 1667/183/741
f 1590/160/517 1591/162/523 1655/162/524 1654/160/518
f 1577/136/519 1578/137/525 1642/137/526 1641/136/520
f 1604/187/521 1574/189/499 1638/189/502 1668/187/522
f 1591/162/523 1592/164/527 1656/164/528 1655/162/524
f 1578/137/525 1579/139/529 1643/139/530 1642/137/526
f 1592/164/527 1593/22/531 1657/22/532 1656/164/528
f 1579/139/529 1580/141/533 1644/141/534 1643/139/530
f 1593/22/531 1594/166/535 1658/166/536 1657/22/532
f 1580/141/533 1581/143/537 1645/143/538 1644/141/534
f 1594/166/535 1595/168/742 1659/168/540 1658/166/536
f 1581/143/537 1582/145/541 1646/145/542 1645/143/538
f 1595/168/742 1596/170/479 1660/170/482 1659/168/540
f 1582/145/541 1583/147/483 1647/147/486 1646/145/542
f 1666/181/510 1667/183/741 1699/183/543 1698/181/544
f 1653/158/512 1654/160/518 1686/160/545 1685/158/546
f 1640/134/740 1641/136/520 1673/136/547 1672/134/548
f 1667/183/741 1668/187/522 1700/187/549 1699/183/543
f 1654/160/518 1655/162/524 1687/162/550 1686/160/545
f 1641/136/520 1642/137/526 1674/137/551 1673/136/547
f 1668/187/522 1638/189/502 1670/189/743 1700/187/549
f 1655/162/524 1656/164/528 1688/164/553 1687/162/550
f 1642/137/526 1643/139/530 1675/139/554 1674/137/551
f 1656/164/528 1657/22/532 1689/22/555 1688/164/553
f 1643/139/530 1644/141/534 1676/141/556 1675/139/554
f 1657/22/532 1658/166/536 1690/166/557 1689/22/555
f 1644/141/534 1645/143/538 1677/143/558 1676/141/556
f 1658/166/536 1659/168/540 1691/168/559 1690/166/557
f 1645/143/538 1646/145/542 1678/145/744 1677/143/558
f 1659/168/540 1660/170/482 1692/170/561 1691/168/559
f 1646/145/542 1647/147/486 1679/147/562 1678/145/744
f 1660/170/482 1661/172/481 1693/172/563 1692/170/561
f 1647/147/486 1648/149/736 1680/149/745 1679/147/562
f 1661/172/481 1662/174/488 1694/174/565 1693/172/563
f 1648/149/736 1649/6/490 1681/6/566 1680/149/745
f 1662/174/488 1663/176/492 1695/176/746 1694/174/565
f 1649/6/490 1650/152/494 1682/152/568 1681/6/566
f 1663/176/492 1664/178/496 1696/178/569 1695/176/746
f 1650/152/494 1651/154/498 1683/154/570 1682/152/568
f 1638/129/502 1637/130/738 1669/130/571 1670/129/743
f 1664/178/496 1665/180/504 1697/180/572 1696/178/569
f 1651/154/498 1652/156/506 1684/156/573 1683/154/570
f 1637/130/738 1639/132/508 1671/132/574 1669/130/571
f 1665/180/504 1666/181/510 1698/181/544 1697/180/572
f 1652/156/506 1653/158/512 1685/158/546 1684/156/573
f 1639/132/508 1640/134/740 1672/134/548 1671/132/574
f 1688/164/575 1689/22/747 1721/22/577 1720/164/578
f 1675/139/748 1676/141/580 1708/141/581 1707/139/582
f 1689/22/747 1690/166/583 1722/166/584 1721/22/577
f 1676/141/580 1677/143/749 1709/143/750 1708/141/581
f 1690/166/583 1691/168/751 1723/168/588 1722/166/584
f 1677/143/749 1678/145/752 1710/145/590 1709/143/750
f 1691/168/751 1692/170/561 1724/170/591 1723/168/588
f 1678/145/752 1679/147/753 1711/147/754 1710/145/590
f 1692/170/561 1693/172/563 1725/172/594 1724/170/591
f 1679/147/753 1680/149/755 1712/149/756 1711/147/754
f 1693/172/563 1694/174/565 1726/174/597 1725/172/594
f 1680/149/755 1681/6/757 1713/6/758 1712/149/756
f 1694/174/565 1695/176/746 1727/176/600 1726/174/597
f 1681/6/757 1682/152/759 1714/152/602 1713/6/758
f 1695/176/746 1696/178/569 1728/178/603 1727/176/600
f 1682/152/759 1683/154/760 1715/154/605 1714/152/602
f 1670/129/606 1669/130/607 1701/130/608 1702/129/609
f 1696/178/569 1697/180/572 1729/180/610 1728/178/603
f 1683/154/760 1684/156/611 1716/156/612 1715/154/605
f 1669/130/607 1671/132/613 1703/132/614 1701/130/608
f 1697/180/572 1698/181/544 1730/181/615 1729/180/610
f 1684/156/611 1685/158/616 1717/158/617 1716/156/612
f 1671/132/613 1672/134/618 1704/134/619 1703/132/614
f 1698/181/544 1699/183/543 1731/183/620 1730/181/615
f 1685/158/616 1686/160/621 1718/160/622 1717/158/617
f 1672/134/618 1673/136/623 1705/136/624 1704/134/619
f 1699/183/543 1700/187/549 1732/187/625 1731/183/620
f 1686/160/621 1687/162/626 1719/162/627 1718/160/622
f 1673/136/623 1674/137/628 1706/137/629 1705/136/624
f 1700/187/549 1670/189/606 1702/189/609 1732/187/625
f 1687/162/626 1688/164/575 1720/164/578 1719/162/627
f 1674/137/628 1675/139/748 1707/139/582 1706/137/629
f 1723/168/761 1724/170/762 1756/170/763 1755/168/764
f 1710/145/590 1711/147/754 1743/147/634 1742/145/765
f 1724/170/762 1725/172/766 1757/172/637 1756/170/763
f 1711/147/754 1712/149/756 1744/149/638 1743/147/634
f 1725/172/766 1726/174/767 1758/174/640 1757/172/637
f 1712/149/756 1713/6/758 1745/6/641 1744/149/638
f 1726/174/767 1727/176/768 1759/176/643 1758/174/640
f 1713/6/758 1714/152/602 1746/152/769 1745/6/641
f 1727/176/768 1728/178/645 1760/178/646 1759/176/643
f 1714/152/602 1715/154/605 1747/154/770 1746/152/769
f 1702/129/609 1701/130/608 1733/130/648 1734/129/771
f 1728/178/645 1729/180/772 1761/180/773 1760/178/646
f 1715/154/605 1716/156/612 1748/156/774 1747/154/770
f 1701/130/608 1703/132/614 1735/132/775 1733/130/648
f 1729/180/772 1730/181/654 1762/181/655 1761/180/773
f 1716/156/612 1717/158/617 1749/158/776 1748/156/774
f 1703/132/614 1704/134/619 1736/134/657 1735/132/775
f 1730/181/654 1731/183/777 1763/183/778 1762/181/655
f 1717/158/617 1718/160/622 1750/160/779 1749/158/776
f 1704/134/619 1705/136/624 1737/136/661 1736/134/657
f 1731/183/777 1732/187/780 1764/187/663 1763/183/778
f 1718/160/622 1719/162/627 1751/162/664 1750/160/779
f 1705/136/624 1706/137/629 1738/137/781 1737/136/661
f 1732/187/780 1702/189/609 1734/189/771 1764/187/663
f 1719/162/627 1720/164/578 1752/164/666 1751/162/664
f 1706/137/629 1707/139/582 1739/139/782 1738/137/781
f 1720/164/578 1721/22/577 1753/22/783 1752/164/666
f 1707/139/582 1708/141/581 1740/141/669 1739/139/782
f 1721/22/577 1722/166/584 1754/166/784 1753/22/783
f 1708/141/581 1709/143/750 1741/143/785 1740/141/669
f 1722/166/584 1723/168/761 1755/168/764 1754/166/784
f 1709/143/750 1710/145/590 1742/145/765 1741/143/785
f 1733/130/200 1735/132/200 1736/134/200 1737/136/200 1738/137/200 1739/139/200 1740/141/200 1741/143/200 1742/145/200 1743/147/200 1744/149/200 1745/6/200 1746/152/200 1747/154/200 1748/156/200 1749/158/200 1750/160/200 1751/162/200 1752/164/200 1753/22/200 1754/166/200 1755/168/200 1756/170/200 1757/172/200 1758/174/200 1759/176/200 1760/178/200 1761/180/200 1762/181/200 1763/183/200 1764/187/200 1734/189/200
f 2158/28/2 2160/28/2 2177/28/2 2178/28/2
f 2175/28/2 2174/28/2 2196/28/2 2195/28/2
f 2162/28/4 2157/28/4 2179/28/4 2182/28/4
f 2159/28/2 2157/28/2 2179/28/2 2180/28/2
f 2176/28/2 2175/28/2 2195/28/2 2194/28/2
f 2170/28/4 2168/28/4 2188/28/4 2187/28/4
f 2160/28/2 2159/28/2 2180/28/2 2177/28/2
f 2167/28/2 2172/28/2 2192/28/2 2189/28/2
f 2167/28/4 2169/28/4 2190/28/4 2189/28/4
f 2158/28/4 2161/28/4 2181/28/4 2178/28/4
f 2169/28/4 2170/28/4 2187/28/4 2190/28/4
f 2163/28/4 2162/28/4 2182/28/4 2183/28/4
f 2171/28/2 2168/28/2 2188/28/2 2191/28/2
f 2166/28/4 2163/28/4 2183/28/4 2184/28/4
f 2172/28/2 2173/28/2 2193/28/2 2192/28/2
f 2164/28/4 2165/28/4 2185/28/4 2186/28/4
f 2173/28/2 2176/28/2 2194/28/2 2193/28/2
f 2165/28/4 2166/28/4 2184/28/4 2185/28/4
usemtl Video
f 40/26/11 41/29/11 42/29/11 35/26/11
usemtl BlackMetal
f 87/34/2 89/35/2 76/36/2 74/37/2
f 86/38/1 93/39/1 102/39/1 103/38/1
f 94/40/1 82/41/1 77/42/1 88/43/1
f 75/44/3 78/45/3 84/46/3 80/47/3
f 81/48/4 83/49/4 96/50/4 92/51/4
f 73/52/21 74/53/21 75/54/21
f 76/55/22 77/56/22 78/45/22
f 79/57/23 80/58/23 81/59/23
f 82/60/24 83/61/24 84/46/24
f 85/62/25 99/63/25 87/64/25
f 88/65/26 89/35/26 100/66/26
f 91/67/27 92/68/27 98/69/27
f 94/70/28 97/71/28 96/50/28
f 79/57/29 73/52/29 75/54/29 80/58/29
f 74/72/30 76/55/30 78/45/30 75/44/30
f 77/56/31 82/60/31 84/46/31 78/45/31
f 83/49/32 81/48/32 80/47/32 84/46/32
f 91/67/33 79/57/33 81/59/33 92/68/33
f 82/73/34 94/70/34 96/50/34 83/49/34
f 97/74/35 98/75/35 92/51/35 96/50/35
f 85/62/36 91/67/36 98/75/36 99/76/36
f 94/40/37 88/43/37 100/77/37 97/74/37
f 89/35/38 87/34/38 99/76/38 100/77/38
f 73/52/39 85/62/39 87/64/39 74/53/39
f 88/65/40 77/78/40 76/36/40 89/35/40
f 79/57/8 91/67/8 85/62/8 73/52/8
f 95/79/7 93/39/7 98/75/7 97/74/7
f 93/39/7 86/38/7 99/76/7 98/75/7
f 90/80/7 95/79/7 97/74/7 100/77/7
f 86/38/7 90/80/7 100/77/7 99/76/7
f 102/39/7 101/79/7 104/80/7 103/38/7
f 95/79/8 90/80/8 104/80/8 101/79/8
f 93/39/2 95/79/2 101/79/2 102/39/2
f 90/80/4 86/38/4 103/38/4 104/80/4
f 119/34/41 121/35/41 108/36/2 106/37/2
f 118/38/42 125/39/42 134/39/42 135/38/42
f 126/40/1 114/41/1 109/42/1 120/43/1
f 107/44/3 110/45/3 116/46/3 112/47/3
f 113/48/4 115/49/4 128/50/43 124/51/43
f 105/52/44 106/53/44 107/54/44
f 108/55/45 109/56/45 110/45/45
f 111/57/46 112/58/46 113/59/46
f 114/60/47 115/61/47 116/46/47
f 117/62/48 131/63/49 119/64/50
f 120/65/51 121/35/52 132/66/53
f 123/67/54 124/68/55 130/69/56
f 126/70/57 129/71/58 128/50/59
f 111/57/60 105/52/60 107/54/60 112/58/60
f 106/72/61 108/55/61 110/45/61 107/44/61
f 109/56/62 114/60/62 116/46/62 110/45/62
f 115/49/63 113/48/63 112/47/63 116/46/63
f 123/67/54 111/57/64 113/59/64 124/68/55
f 114/73/65 126/70/57 128/50/59 115/49/65
f 129/74/66 130/75/66 124/51/43 128/50/43
f 117/62/67 123/67/67 130/75/67 131/76/67
f 126/40/68 120/43/68 132/77/68 129/74/68
f 121/35/41 119/34/41 131/76/69 132/77/69
f 105/52/70 117/62/48 119/64/50 106/53/70
f 120/65/51 109/78/71 108/36/71 121/35/52
f 111/57/8 123/67/8 117/62/8 105/52/8
f 127/79/7 125/39/7 130/75/7 129/74/7
f 125/39/7 118/38/7 131/76/7 130/75/7
f 122/80/7 127/79/7 129/74/7 132/77/7
f 118/38/7 122/80/7 132/77/7 131/76/7
f 134/39/7 133/79/7 136/80/7 135/38/7
f 127/79/72 122/80/72 136/80/72 133/79/72
f 125/39/73 127/79/73 133/79/73 134/39/73
f 122/80/74 118/38/74 135/38/74 136/80/74
f 207/85/2 209/86/2 196/87/2 194/88/2
f 213/89/7 215/90/7 210/91/7 206/92/7
f 214/93/1 202/94/1 197/95/1 208/96/1
f 195/97/3 198/98/3 204/99/3 200/100/3
f 201/101/4 203/102/4 216/103/4 212/104/4
f 193/105/80 194/106/80 195/107/80
f 196/108/81 197/109/81 198/98/81
f 199/110/82 200/111/82 201/112/82
f 202/113/83 203/114/83 204/99/83
f 205/115/84 206/116/84 207/117/84
f 208/118/85 209/86/85 210/119/85
f 211/120/86 212/121/86 213/122/86
f 214/123/87 215/124/87 216/103/87
f 199/110/88 193/105/88 195/107/88 200/111/88
f 194/125/89 196/108/89 198/98/89 195/97/89
f 197/109/90 202/113/90 204/99/90 198/98/90
f 203/102/91 201/101/91 200/100/91 204/99/91
f 211/120/92 199/110/92 201/112/92 212/121/92
f 202/126/93 214/123/93 216/103/93 203/102/93
f 215/90/94 213/89/94 212/104/94 216/103/94
f 205/115/95 211/120/95 213/89/95 206/92/95
f 214/93/96 208/96/96 210/91/96 215/90/96
f 209/86/97 207/85/97 206/92/97 210/91/97
f 193/105/98 205/115/98 207/117/98 194/106/98
f 208/118/99 197/127/99 196/87/99 209/86/99
f 199/110/8 211/120/8 205/115/8 193/105/8
f 4131/34/2 4133/35/2 4120/36/2 4118/37/2
f 4130/38/1 4137/39/1 4146/39/1 4147/38/1
f 4138/40/1 4126/41/1 4121/42/1 4132/43/1
f 4119/44/3 4122/45/3 4128/46/3 4124/47/3
f 4125/48/4 4127/49/4 4140/50/4 4136/51/4
f 4117/52/21 4118/53/21 4119/54/21
f 4120/55/22 4121/56/22 4122/45/22
f 4123/57/23 4124/58/23 4125/59/23
f 4126/60/24 4127/61/24 4128/46/24
f 4129/62/25 4143/63/25 4131/64/25
f 4132/65/26 4133/35/26 4144/66/26
f 4135/67/27 4136/68/27 4142/69/27
f 4138/70/28 4141/71/28 4140/50/28
f 4123/57/29 4117/52/29 4119/54/29 4124/58/29
f 4118/72/30 4120/55/30 4122/45/30 4119/44/30
f 4121/56/31 4126/60/31 4128/46/31 4122/45/31
f 4127/49/32 4125/48/32 4124/47/32 4128/46/32
f 4135/67/33 4123/57/33 4125/59/33 4136/68/33
f 4126/73/34 4138/70/34 4140/50/34 4127/49/34
f 4141/74/35 4142/75/35 4136/51/35 4140/50/35
f 4129/62/36 4135/67/36 4142/75/36 4143/76/36
f 4138/40/37 4132/43/37 4144/77/37 4141/74/37
f 4133/35/38 4131/34/38 4143/76/38 4144/77/38
f 4117/52/39 4129/62/39 4131/64/39 4118/53/39
f 4132/65/40 4121/78/40 4120/36/40 4133/35/40
f 4123/57/8 4135/67/8 4129/62/8 4117/52/8
f 4139/79/7 4137/39/7 4142/75/7 4141/74/7
f 4137/39/7 4130/38/7 4143/76/7 4142/75/7
f 4134/80/7 4139/79/7 4141/74/7 4144/77/7
f 4130/38/7 4134/80/7 4144/77/7 4143/76/7
f 4146/39/7 4145/79/7 4148/80/7 4147/38/7
f 4139/79/8 4134/80/8 4148/80/8 4145/79/8
f 4137/39/2 4139/79/2 4145/79/2 4146/39/2
f 4134/80/4 4130/38/4 4147/38/4 4148/80/4
f 4179/85/2 4181/86/2 4168/87/2 4166/88/2
f 4185/89/7 4187/90/7 4182/91/7 4178/92/7
f 4186/93/1 4174/94/1 4169/95/1 4180/96/1
f 4167/97/3 4170/98/3 4176/99/3 4172/100/3
f 4173/101/4 4175/102/4 4188/103/4 4184/104/4
f 4165/105/80 4166/106/80 4167/107/80
f 4168/108/81 4169/109/81 4170/98/81
f 4171/110/82 4172/111/82 4173/112/82
f 4174/113/83 4175/114/83 4176/99/83
f 4177/115/84 4178/116/84 4179/117/84
f 4180/118/85 4181/86/85 4182/119/85
f 4183/120/86 4184/121/86 4185/122/86
f 4186/123/87 4187/124/87 4188/103/87
f 4171/110/88 4165/105/88 4167/107/88 4172/111/88
f 4166/125/89 4168/108/89 4170/98/89 4167/97/89
f 4169/109/90 4174/113/90 4176/99/90 4170/98/90
f 4175/102/91 4173/101/91 4172/100/91 4176/99/91
f 4183/120/1057 4171/110/1057 4173/112/1057 4184/121/1057
f 4174/126/1058 4186/123/1058 4188/103/1058 4175/102/1058
f 4187/90/94 4185/89/94 4184/104/94 4188/103/94
f 4177/115/95 4183/120/95 4185/89/95 4178/92/95
f 4186/93/96 4180/96/96 4182/91/96 4187/90/96
f 4181/86/97 4179/85/97 4178/92/97 4182/91/97
f 4165/105/98 4177/115/98 4179/117/98 4166/106/98
f 4180/118/99 4169/127/99 4168/87/99 4181/86/99
f 4171/110/8 4183/120/8 4177/115/8 4165/105/8
usemtl Material.002
f 140/80/3 141/81/3 144/82/3 139/38/3
f 144/82/3 143/83/3 142/84/3 141/81/3 140/80/3 137/79/3 138/39/3 139/38/3
f 148/80/7 147/38/7 150/82/7 149/81/7
f 150/82/7 147/38/7 146/39/7 145/79/7 148/80/7 149/81/7 151/84/7 152/83/7
f 142/84/4 143/83/4 152/83/4 151/84/4
f 144/82/2 141/81/2 149/81/2 150/82/2
f 139/38/1 138/39/1 146/39/1 147/38/1
f 137/79/8 140/80/8 148/80/8 145/79/8
f 143/83/8 144/82/8 150/82/8 152/83/8
f 141/81/1 142/84/1 151/84/1 149/81/1
f 140/80/4 139/38/4 147/38/4 148/80/4
f 138/39/2 137/79/2 145/79/2 146/39/2
f 482/28/200 481/28/200 512/28/200 511/28/200 510/28/200 509/28/200 508/28/200 507/28/200 506/28/200 505/28/200 504/28/200 503/28/200 502/28/200 501/28/200 500/28/200 499/28/200 498/28/200 497/28/200 496/28/200 495/28/200 494/28/200 493/28/200 492/28/200 491/28/200 490/28/200 489/28/200 488/28/200 487/28/200 486/28/200 485/28/200 484/28/200 483/28/200
f 521/28/201 522/28/202 554/28/202 553/28/201
f 494/28/203 495/28/204 527/28/204 526/28/203
f 481/28/205 482/28/206 513/28/206 514/28/205
f 508/28/207 509/28/208 541/28/208 540/28/207
f 495/28/204 496/28/209 528/28/209 527/28/204
f 482/28/206 483/28/210 515/28/210 513/28/206
f 509/28/208 510/28/211 542/28/211 541/28/208
f 496/28/209 497/28/212 529/28/212 528/28/209
f 483/28/210 484/28/213 516/28/213 515/28/210
f 510/28/211 511/28/214 543/28/214 542/28/211
f 497/28/212 498/28/215 530/28/215 529/28/212
f 484/28/213 485/28/216 517/28/216 516/28/213
f 511/28/214 512/28/217 544/28/217 543/28/214
f 498/28/215 499/28/218 531/28/218 530/28/215
f 485/28/216 486/28/219 518/28/219 517/28/216
f 512/28/217 481/28/205 514/28/205 544/28/217
f 499/28/218 500/28/220 532/28/220 531/28/218
f 486/28/219 487/28/221 519/28/221 518/28/219
f 500/28/220 501/28/222 533/28/222 532/28/220
f 487/28/221 488/28/223 520/28/223 519/28/221
f 501/28/222 502/28/224 534/28/224 533/28/222
f 488/28/223 489/28/225 521/28/225 520/28/223
f 502/28/224 503/28/226 535/28/226 534/28/224
f 489/28/225 490/28/227 522/28/227 521/28/225
f 503/28/226 504/28/228 536/28/228 535/28/226
f 490/28/227 491/28/229 523/28/229 522/28/227
f 504/28/228 505/28/230 537/28/230 536/28/228
f 491/28/229 492/28/231 524/28/231 523/28/229
f 505/28/230 506/28/232 538/28/232 537/28/230
f 492/28/231 493/28/233 525/28/233 524/28/231
f 506/28/232 507/28/234 539/28/234 538/28/232
f 493/28/233 494/28/203 526/28/203 525/28/233
f 507/28/234 508/28/207 540/28/207 539/28/234
f 556/28/235 557/28/236 589/28/237 588/28/238
f 535/28/239 536/28/240 568/28/240 567/28/239
f 522/28/202 523/28/241 555/28/241 554/28/202
f 536/28/240 537/28/242 569/28/242 568/28/240
f 523/28/241 524/28/243 556/28/243 555/28/241
f 537/28/242 538/28/244 570/28/244 569/28/242
f 524/28/243 525/28/245 557/28/245 556/28/243
f 538/28/244 539/28/246 571/28/246 570/28/244
f 525/28/245 526/28/247 558/28/247 557/28/245
f 539/28/246 540/28/248 572/28/248 571/28/246
f 526/28/247 527/28/249 559/28/249 558/28/247
f 514/28/250 513/28/251 545/28/251 546/28/250
f 540/28/248 541/28/252 573/28/253 572/28/248
f 527/28/249 528/28/254 560/28/254 559/28/249
f 513/28/251 515/28/255 547/28/255 545/28/251
f 541/28/252 542/28/256 574/28/256 573/28/253
f 528/28/254 529/28/257 561/28/257 560/28/254
f 515/28/255 516/28/258 548/28/258 547/28/255
f 542/28/256 543/28/259 575/28/259 574/28/256
f 529/28/257 530/28/260 562/28/260 561/28/257
f 516/28/258 517/28/261 549/28/261 548/28/258
f 543/28/259 544/28/262 576/28/262 575/28/259
f 530/28/260 531/28/263 563/28/263 562/28/260
f 517/28/261 518/28/264 550/28/264 549/28/261
f 544/28/262 514/28/250 546/28/250 576/28/262
f 531/28/263 532/28/265 564/28/265 563/28/263
f 518/28/264 519/28/266 551/28/266 550/28/264
f 532/28/265 533/28/267 565/28/267 564/28/265
f 519/28/266 520/28/268 552/28/268 551/28/266
f 533/28/267 534/28/269 566/28/269 565/28/267
f 520/28/268 521/28/201 553/28/201 552/28/268
f 534/28/269 535/28/239 567/28/239 566/28/269
f 591/28/270 592/28/271 624/28/272 623/28/273
f 570/28/274 571/28/275 603/28/276 602/28/277
f 557/28/236 558/28/278 590/28/279 589/28/237
f 571/28/275 572/28/280 604/28/281 603/28/276
f 558/28/278 559/28/282 591/28/270 590/28/279
f 546/28/283 545/28/284 577/28/285 578/28/286
f 572/28/280 573/28/287 605/28/288 604/28/281
f 559/28/282 560/28/289 592/28/271 591/28/270
f 545/28/284 547/28/290 579/28/291 577/28/285
f 573/28/287 574/28/292 606/28/293 605/28/288
f 560/28/289 561/28/294 593/28/295 592/28/271
f 547/28/290 548/28/296 580/28/297 579/28/291
f 574/28/292 575/28/298 607/28/299 606/28/293
f 561/28/294 562/28/300 594/28/301 593/28/295
f 548/28/296 549/28/302 581/28/303 580/28/297
f 575/28/298 576/28/304 608/28/305 607/28/299
f 562/28/300 563/28/306 595/28/307 594/28/301
f 549/28/302 550/28/308 582/28/309 581/28/303
f 576/28/304 546/28/283 578/28/286 608/28/305
f 563/28/306 564/28/310 596/28/311 595/28/307
f 550/28/308 551/28/312 583/28/313 582/28/309
f 564/28/310 565/28/314 597/28/315 596/28/311
f 551/28/312 552/28/316 584/28/317 583/28/313
f 565/28/314 566/28/318 598/28/319 597/28/315
f 552/28/316 553/28/320 585/28/321 584/28/317
f 566/28/318 567/28/322 599/28/323 598/28/319
f 553/28/320 554/28/324 586/28/325 585/28/321
f 567/28/322 568/28/326 600/28/327 599/28/323
f 554/28/324 555/28/328 587/28/329 586/28/325
f 568/28/326 569/28/330 601/28/331 600/28/327
f 555/28/328 556/28/235 588/28/238 587/28/329
f 569/28/330 570/28/274 602/28/277 601/28/331
f 626/28/332 627/28/333 659/28/334 658/28/335
f 577/28/285 579/28/291 611/28/336 609/28/337
f 605/28/288 606/28/293 638/28/338 637/28/339
f 592/28/271 593/28/295 625/28/340 624/28/272
f 579/28/291 580/28/297 612/28/341 611/28/336
f 606/28/293 607/28/299 639/28/342 638/28/338
f 593/28/295 594/28/301 626/28/332 625/28/340
f 580/28/297 581/28/303 613/28/343 612/28/341
f 607/28/299 608/28/305 640/28/344 639/28/342
f 594/28/301 595/28/307 627/28/333 626/28/332
f 581/28/303 582/28/309 614/28/345 613/28/343
f 608/28/305 578/28/286 610/28/346 640/28/344
f 595/28/307 596/28/311 628/28/347 627/28/333
f 582/28/309 583/28/313 615/28/348 614/28/345
f 596/28/311 597/28/315 629/28/349 628/28/347
f 583/28/313 584/28/317 616/28/350 615/28/348
f 597/28/315 598/28/319 630/28/351 629/28/349
f 584/28/317 585/28/321 617/28/352 616/28/350
f 598/28/319 599/28/323 631/28/353 630/28/351
f 585/28/321 586/28/325 618/28/354 617/28/352
f 599/28/323 600/28/327 632/28/355 631/28/353
f 586/28/325 587/28/329 619/28/356 618/28/354
f 600/28/327 601/28/331 633/28/357 632/28/355
f 587/28/329 588/28/238 620/28/358 619/28/356
f 601/28/331 602/28/277 634/28/359 633/28/357
f 588/28/238 589/28/237 621/28/360 620/28/358
f 602/28/277 603/28/276 635/28/361 634/28/359
f 589/28/237 590/28/279 622/28/362 621/28/360
f 603/28/276 604/28/281 636/28/363 635/28/361
f 590/28/279 591/28/270 623/28/273 622/28/362
f 578/28/286 577/28/285 609/28/337 610/28/346
f 604/28/281 605/28/288 637/28/339 636/28/363
f 641/28/364 643/28/365 644/28/366 645/28/367 646/28/368 647/28/369 648/28/370 649/28/371 650/28/372 651/28/373 652/28/374 653/28/375 654/28/376 655/28/377 656/28/378 657/28/379 658/28/335 659/28/334 660/28/380 661/28/381 662/28/382 663/28/383 664/28/384 665/28/385 666/28/386 667/28/387 668/28/388 669/28/389 670/28/390 671/28/391 672/28/392 642/28/393
f 613/28/343 614/28/345 646/28/368 645/28/367
f 640/28/344 610/28/346 642/28/393 672/28/392
f 627/28/333 628/28/347 660/28/380 659/28/334
f 614/28/345 615/28/348 647/28/369 646/28/368
f 628/28/347 629/28/349 661/28/381 660/28/380
f 615/28/348 616/28/350 648/28/370 647/28/369
f 629/28/349 630/28/351 662/28/382 661/28/381
f 616/28/350 617/28/352 649/28/371 648/28/370
f 630/28/351 631/28/353 663/28/383 662/28/382
f 617/28/352 618/28/354 650/28/372 649/28/371
f 631/28/353 632/28/355 664/28/384 663/28/383
f 618/28/354 619/28/356 651/28/373 650/28/372
f 632/28/355 633/28/357 665/28/385 664/28/384
f 619/28/356 620/28/358 652/28/374 651/28/373
f 633/28/357 634/28/359 666/28/386 665/28/385
f 620/28/358 621/28/360 653/28/375 652/28/374
f 634/28/359 635/28/361 667/28/387 666/28/386
f 621/28/360 622/28/362 654/28/376 653/28/375
f 635/28/361 636/28/363 668/28/388 667/28/387
f 622/28/362 623/28/273 655/28/377 654/28/376
f 610/28/346 609/28/337 641/28/364 642/28/393
f 636/28/363 637/28/339 669/28/389 668/28/388
f 623/28/273 624/28/272 656/28/378 655/28/377
f 609/28/337 611/28/336 643/28/365 641/28/364
f 637/28/339 638/28/338 670/28/390 669/28/389
f 624/28/272 625/28/340 657/28/379 656/28/378
f 611/28/336 612/28/341 644/28/366 643/28/365
f 638/28/338 639/28/342 671/28/391 670/28/390
f 625/28/340 626/28/332 658/28/335 657/28/379
f 612/28/341 613/28/343 645/28/367 644/28/366
f 639/28/342 640/28/344 672/28/392 671/28/391
f 1126/28/200 1125/28/200 1156/28/200 1155/28/200 1154/28/200 1153/28/200 1152/28/200 1151/28/200 1150/28/200 1149/28/200 1148/28/200 1147/28/200 1146/28/200 1145/28/200 1144/28/200 1143/28/200 1142/28/200 1141/28/200 1140/28/200 1139/28/200 1138/28/200 1137/28/200 1136/28/200 1135/28/200 1134/28/200 1133/28/200 1132/28/200 1131/28/200 1130/28/200 1129/28/200 1128/28/200 1127/28/200
f 1165/28/201 1166/28/202 1198/28/202 1197/28/201
f 1138/28/203 1139/28/204 1171/28/204 1170/28/203
f 1125/28/205 1126/28/206 1157/28/206 1158/28/205
f 1152/28/207 1153/28/208 1185/28/208 1184/28/207
f 1139/28/204 1140/28/209 1172/28/209 1171/28/204
f 1126/28/206 1127/28/210 1159/28/210 1157/28/206
f 1153/28/208 1154/28/211 1186/28/211 1185/28/208
f 1140/28/209 1141/28/212 1173/28/212 1172/28/209
f 1127/28/210 1128/28/213 1160/28/213 1159/28/210
f 1154/28/211 1155/28/706 1187/28/707 1186/28/211
f 1141/28/212 1142/28/215 1174/28/215 1173/28/212
f 1128/28/213 1129/28/216 1161/28/216 1160/28/213
f 1155/28/706 1156/28/217 1188/28/217 1187/28/707
f 1142/28/215 1143/28/218 1175/28/218 1174/28/215
f 1129/28/216 1130/28/219 1162/28/219 1161/28/216
f 1156/28/217 1125/28/205 1158/28/205 1188/28/217
f 1143/28/218 1144/28/220 1176/28/220 1175/28/218
f 1130/28/219 1131/28/221 1163/28/221 1162/28/219
f 1144/28/220 1145/28/222 1177/28/222 1176/28/220
f 1131/28/221 1132/28/223 1164/28/223 1163/28/221
f 1145/28/222 1146/28/224 1178/28/224 1177/28/222
f 1132/28/223 1133/28/225 1165/28/225 1164/28/223
f 1146/28/224 1147/28/226 1179/28/226 1178/28/224
f 1133/28/225 1134/28/227 1166/28/227 1165/28/225
f 1147/28/226 1148/28/228 1180/28/228 1179/28/226
f 1134/28/227 1135/28/229 1167/28/229 1166/28/227
f 1148/28/228 1149/28/230 1181/28/230 1180/28/228
f 1135/28/229 1136/28/231 1168/28/231 1167/28/229
f 1149/28/230 1150/28/232 1182/28/232 1181/28/230
f 1136/28/231 1137/28/233 1169/28/233 1168/28/231
f 1150/28/232 1151/28/234 1183/28/234 1182/28/232
f 1137/28/233 1138/28/203 1170/28/203 1169/28/233
f 1151/28/234 1152/28/207 1184/28/207 1183/28/234
f 1200/28/235 1201/28/236 1233/28/237 1232/28/238
f 1179/28/239 1180/28/240 1212/28/240 1211/28/239
f 1166/28/202 1167/28/241 1199/28/241 1198/28/202
f 1180/28/240 1181/28/242 1213/28/242 1212/28/240
f 1167/28/241 1168/28/243 1200/28/243 1199/28/241
f 1181/28/242 1182/28/244 1214/28/708 1213/28/242
f 1168/28/243 1169/28/709 1201/28/709 1200/28/243
f 1182/28/244 1183/28/246 1215/28/246 1214/28/708
f 1169/28/709 1170/28/247 1202/28/247 1201/28/709
f 1183/28/246 1184/28/248 1216/28/248 1215/28/246
f 1170/28/247 1171/28/249 1203/28/249 1202/28/247
f 1158/28/710 1157/28/251 1189/28/251 1190/28/710
f 1184/28/248 1185/28/252 1217/28/252 1216/28/248
f 1171/28/249 1172/28/254 1204/28/254 1203/28/249
f 1157/28/251 1159/28/255 1191/28/255 1189/28/251
f 1185/28/252 1186/28/256 1218/28/256 1217/28/252
f 1172/28/254 1173/28/711 1205/28/711 1204/28/254
f 1159/28/255 1160/28/258 1192/28/258 1191/28/255
f 1186/28/256 1187/28/259 1219/28/259 1218/28/256
f 1173/28/711 1174/28/712 1206/28/712 1205/28/711
f 1160/28/258 1161/28/713 1193/28/713 1192/28/258
f 1187/28/259 1188/28/262 1220/28/262 1219/28/259
f 1174/28/712 1175/28/714 1207/28/714 1206/28/712
f 1161/28/713 1162/28/264 1194/28/264 1193/28/713
f 1188/28/262 1158/28/710 1190/28/710 1220/28/262
f 1175/28/714 1176/28/265 1208/28/265 1207/28/714
f 1162/28/264 1163/28/266 1195/28/266 1194/28/264
f 1176/28/265 1177/28/267 1209/28/267 1208/28/265
f 1163/28/266 1164/28/268 1196/28/268 1195/28/266
f 1177/28/267 1178/28/269 1210/28/269 1209/28/267
f 1164/28/268 1165/28/201 1197/28/201 1196/28/268
f 1178/28/269 1179/28/239 1211/28/239 1210/28/269
f 1235/28/270 1236/28/271 1268/28/272 1267/28/273
f 1214/28/274 1215/28/275 1247/28/276 1246/28/715
f 1201/28/236 1202/28/278 1234/28/279 1233/28/237
f 1215/28/275 1216/28/280 1248/28/281 1247/28/276
f 1202/28/278 1203/28/716 1235/28/270 1234/28/279
f 1190/28/717 1189/28/284 1221/28/285 1222/28/286
f 1216/28/280 1217/28/287 1249/28/288 1248/28/281
f 1203/28/716 1204/28/289 1236/28/271 1235/28/270
f 1189/28/284 1191/28/290 1223/28/291 1221/28/285
f 1217/28/287 1218/28/292 1250/28/293 1249/28/288
f 1204/28/289 1205/28/718 1237/28/295 1236/28/271
f 1191/28/290 1192/28/296 1224/28/297 1223/28/291
f 1218/28/292 1219/28/298 1251/28/299 1250/28/293
f 1205/28/718 1206/28/300 1238/28/301 1237/28/295
f 1192/28/296 1193/28/302 1225/28/303 1224/28/297
f 1219/28/298 1220/28/304 1252/28/305 1251/28/299
f 1206/28/300 1207/28/719 1239/28/307 1238/28/301
f 1193/28/302 1194/28/308 1226/28/309 1225/28/303
f 1220/28/304 1190/28/717 1222/28/286 1252/28/305
f 1207/28/719 1208/28/310 1240/28/311 1239/28/307
f 1194/28/308 1195/28/312 1227/28/313 1226/28/309
f 1208/28/310 1209/28/314 1241/28/720 1240/28/311
f 1195/28/312 1196/28/316 1228/28/317 1227/28/313
f 1209/28/314 1210/28/318 1242/28/319 1241/28/720
f 1196/28/316 1197/28/320 1229/28/321 1228/28/317
f 1210/28/318 1211/28/322 1243/28/323 1242/28/319
f 1197/28/320 1198/28/324 1230/28/325 1229/28/321
f 1211/28/322 1212/28/326 1244/28/327 1243/28/323
f 1198/28/324 1199/28/328 1231/28/329 1230/28/325
f 1212/28/326 1213/28/330 1245/28/331 1244/28/327
f 1199/28/328 1200/28/235 1232/28/238 1231/28/329
f 1213/28/330 1214/28/274 1246/28/715 1245/28/331
f 1270/28/332 1271/28/333 1303/28/334 1302/28/335
f 1221/28/285 1223/28/291 1255/28/336 1253/28/337
f 1249/28/288 1250/28/293 1282/28/721 1281/28/339
f 1236/28/271 1237/28/295 1269/28/340 1268/28/272
f 1223/28/291 1224/28/297 1256/28/341 1255/28/336
f 1250/28/293 1251/28/299 1283/28/342 1282/28/721
f 1237/28/295 1238/28/301 1270/28/332 1269/28/340
f 1224/28/297 1225/28/303 1257/28/343 1256/28/341
f 1251/28/299 1252/28/305 1284/28/344 1283/28/342
f 1238/28/301 1239/28/307 1271/28/333 1270/28/332
f 1225/28/303 1226/28/309 1258/28/345 1257/28/343
f 1252/28/305 1222/28/286 1254/28/346 1284/28/344
f 1239/28/307 1240/28/311 1272/28/722 1271/28/333
f 1226/28/309 1227/28/313 1259/28/348 1258/28/345
f 1240/28/311 1241/28/720 1273/28/349 1272/28/722
f 1227/28/313 1228/28/317 1260/28/350 1259/28/348
f 1241/28/720 1242/28/319 1274/28/351 1273/28/349
f 1228/28/317 1229/28/321 1261/28/352 1260/28/350
f 1242/28/319 1243/28/323 1275/28/353 1274/28/351
f 1229/28/321 1230/28/325 1262/28/354 1261/28/352
f 1243/28/323 1244/28/327 1276/28/355 1275/28/353
f 1230/28/325 1231/28/329 1263/28/356 1262/28/354
f 1244/28/327 1245/28/331 1277/28/357 1276/28/355
f 1231/28/329 1232/28/238 1264/28/358 1263/28/356
f 1245/28/331 1246/28/715 1278/28/359 1277/28/357
f 1232/28/238 1233/28/237 1265/28/360 1264/28/358
f 1246/28/715 1247/28/276 1279/28/361 1278/28/359
f 1233/28/237 1234/28/279 1266/28/723 1265/28/360
f 1247/28/276 1248/28/281 1280/28/363 1279/28/361
f 1234/28/279 1235/28/270 1267/28/273 1266/28/723
f 1222/28/286 1221/28/285 1253/28/337 1254/28/346
f 1248/28/281 1249/28/288 1281/28/339 1280/28/363
f 1285/28/364 1287/28/365 1288/28/366 1289/28/367 1290/28/368 1291/28/369 1292/28/370 1293/28/371 1294/28/372 1295/28/373 1296/28/374 1297/28/375 1298/28/376 1299/28/377 1300/28/378 1301/28/379 1302/28/335 1303/28/334 1304/28/380 1305/28/381 1306/28/382 1307/28/383 1308/28/384 1309/28/385 1310/28/386 1311/28/387 1312/28/388 1313/28/389 1314/28/390 1315/28/391 1316/28/392 1286/28/393
f 1257/28/343 1258/28/345 1290/28/368 1289/28/367
f 1284/28/344 1254/28/346 1286/28/393 1316/28/392
f 1271/28/333 1272/28/722 1304/28/380 1303/28/334
f 1258/28/345 1259/28/348 1291/28/369 1290/28/368
f 1272/28/722 1273/28/349 1305/28/381 1304/28/380
f 1259/28/348 1260/28/350 1292/28/370 1291/28/369
f 1273/28/349 1274/28/351 1306/28/382 1305/28/381
f 1260/28/350 1261/28/352 1293/28/371 1292/28/370
f 1274/28/351 1275/28/353 1307/28/383 1306/28/382
f 1261/28/352 1262/28/354 1294/28/372 1293/28/371
f 1275/28/353 1276/28/355 1308/28/384 1307/28/383
f 1262/28/354 1263/28/356 1295/28/373 1294/28/372
f 1276/28/355 1277/28/357 1309/28/385 1308/28/384
f 1263/28/356 1264/28/358 1296/28/374 1295/28/373
f 1277/28/357 1278/28/359 1310/28/386 1309/28/385
f 1264/28/358 1265/28/360 1297/28/375 1296/28/374
f 1278/28/359 1279/28/361 1311/28/387 1310/28/386
f 1265/28/360 1266/28/723 1298/28/376 1297/28/375
f 1279/28/361 1280/28/363 1312/28/388 1311/28/387
f 1266/28/723 1267/28/273 1299/28/377 1298/28/376
f 1254/28/346 1253/28/337 1285/28/364 1286/28/393
f 1280/28/363 1281/28/339 1313/28/389 1312/28/388
f 1267/28/273 1268/28/272 1300/28/378 1299/28/377
f 1253/28/337 1255/28/336 1287/28/365 1285/28/364
f 1281/28/339 1282/28/721 1314/28/390 1313/28/389
f 1268/28/272 1269/28/340 1301/28/379 1300/28/378
f 1255/28/336 1256/28/341 1288/28/366 1287/28/365
f 1282/28/721 1283/28/342 1315/28/391 1314/28/390
f 1269/28/340 1270/28/332 1302/28/335 1301/28/379
f 1256/28/341 1257/28/343 1289/28/367 1288/28/366
f 1283/28/342 1284/28/344 1316/28/392 1315/28/391
f 2197/28/205 2198/28/206 2201/28/206 2200/28/205
f 2198/28/200 2197/28/200 2199/28/200 2225/28/200 2226/28/200 2227/28/200 2228/28/200 2249/28/200 2250/28/200 2251/28/200 2252/28/200 2273/28/200 2274/28/200 2275/28/200 2276/28/200 2297/28/200 2298/28/200 2299/28/200 2300/28/200 2321/28/200 2322/28/200 2323/28/200 2324/28/200 2345/28/200 2346/28/200 2347/28/200 2348/28/200 2369/28/200 2370/28/200 2371/28/200 2372/28/200 2388/28/200
f 2199/28/217 2197/28/205 2200/28/205 2202/28/217
f 2200/28/996 2201/28/251 2204/28/251 2203/28/996
f 2202/28/997 2200/28/996 2203/28/996 2205/28/997
f 2203/28/283 2204/28/284 2207/28/285 2206/28/286
f 2205/28/304 2203/28/283 2206/28/286 2208/28/305
f 2206/28/286 2207/28/285 2210/28/337 2209/28/346
f 2208/28/305 2206/28/286 2209/28/346 2211/28/344
f 2209/28/346 2210/28/337 2213/28/364 2212/28/393
f 2211/28/344 2209/28/346 2212/28/393 2214/28/392
f 2213/28/364 2383/28/365 2382/28/366 2381/28/367 2360/28/368 2359/28/369 2358/28/370 2357/28/371 2336/28/372 2335/28/373 2334/28/374 2333/28/375 2312/28/376 2311/28/377 2310/28/378 2309/28/379 2288/28/335 2287/28/334 2286/28/380 2285/28/381 2264/28/382 2263/28/383 2262/28/384 2261/28/385 2240/28/386 2239/28/998 2238/28/388 2237/28/389 2216/28/390 2215/28/391 2214/28/392 2212/28/393
f 2217/28/342 2211/28/344 2214/28/392 2215/28/391
f 2218/28/338 2217/28/342 2215/28/391 2216/28/390
f 2220/28/293 2219/28/299 2217/28/342 2218/28/338
f 2219/28/299 2208/28/305 2211/28/344 2217/28/342
f 2222/28/292 2221/28/298 2219/28/299 2220/28/293
f 2221/28/298 2205/28/304 2208/28/305 2219/28/299
f 2224/28/256 2223/28/999 2221/28/999 2222/28/256
f 2223/28/999 2202/28/997 2205/28/997 2221/28/999
f 2226/28/211 2225/28/214 2223/28/214 2224/28/211
f 2225/28/214 2199/28/217 2202/28/217 2223/28/214
f 2227/28/208 2226/28/211 2224/28/211 2229/28/208
f 2228/28/207 2227/28/208 2229/28/208 2230/28/207
f 2230/28/248 2229/28/1000 2231/28/1000 2232/28/248
f 2229/28/1000 2224/28/256 2222/28/256 2231/28/1000
f 2232/28/280 2231/28/287 2233/28/1001 2234/28/281
f 2231/28/287 2222/28/292 2220/28/293 2233/28/1001
f 2234/28/281 2233/28/1001 2235/28/339 2236/28/363
f 2233/28/1001 2220/28/293 2218/28/338 2235/28/339
f 2236/28/363 2235/28/339 2237/28/389 2238/28/388
f 2235/28/339 2218/28/338 2216/28/390 2237/28/389
f 2241/28/361 2236/28/363 2238/28/388 2239/28/998
f 2242/28/359 2241/28/361 2239/28/998 2240/28/386
f 2244/28/277 2243/28/276 2241/28/361 2242/28/359
f 2243/28/276 2234/28/281 2236/28/363 2241/28/361
f 2246/28/1002 2245/28/1003 2243/28/276 2244/28/277
f 2245/28/1003 2232/28/280 2234/28/281 2243/28/276
f 2248/28/244 2247/28/246 2245/28/246 2246/28/708
f 2247/28/246 2230/28/248 2232/28/248 2245/28/246
f 2250/28/232 2249/28/234 2247/28/234 2248/28/232
f 2249/28/234 2228/28/207 2230/28/207 2247/28/234
f 2251/28/1004 2250/28/232 2248/28/232 2253/28/1004
f 2252/28/228 2251/28/1004 2253/28/1004 2254/28/228
f 2254/28/240 2253/28/242 2255/28/242 2256/28/240
f 2253/28/242 2248/28/244 2246/28/708 2255/28/242
f 2256/28/1005 2255/28/330 2257/28/1006 2258/28/1007
f 2255/28/330 2246/28/1002 2244/28/277 2257/28/1006
f 2258/28/1007 2257/28/1006 2259/28/357 2260/28/355
f 2257/28/1006 2244/28/277 2242/28/359 2259/28/357
f 2260/28/355 2259/28/357 2261/28/385 2262/28/384
f 2259/28/357 2242/28/359 2240/28/386 2261/28/385
f 2265/28/353 2260/28/355 2262/28/384 2263/28/383
f 2266/28/351 2265/28/353 2263/28/383 2264/28/382
f 2268/28/319 2267/28/323 2265/28/353 2266/28/351
f 2267/28/323 2258/28/1007 2260/28/355 2265/28/353
f 2270/28/318 2269/28/1008 2267/28/323 2268/28/319
f 2269/28/1008 2256/28/1005 2258/28/1007 2267/28/323
f 2272/28/269 2271/28/239 2269/28/239 2270/28/269
f 2271/28/239 2254/28/240 2256/28/240 2269/28/239
f 2274/28/224 2273/28/226 2271/28/226 2272/28/224
f 2273/28/226 2252/28/228 2254/28/228 2271/28/226
f 2275/28/222 2274/28/224 2272/28/224 2277/28/222
f 2276/28/220 2275/28/222 2277/28/222 2278/28/220
f 2278/28/265 2277/28/1009 2279/28/1009 2280/28/265
f 2277/28/1009 2272/28/269 2270/28/269 2279/28/1009
f 2280/28/1010 2279/28/314 2281/28/720 2282/28/311
f 2279/28/314 2270/28/318 2268/28/319 2281/28/720
f 2282/28/311 2281/28/720 2283/28/349 2284/28/1011
f 2281/28/720 2268/28/319 2266/28/351 2283/28/349
f 2284/28/1011 2283/28/349 2285/28/381 2286/28/380
f 2283/28/349 2266/28/351 2264/28/382 2285/28/381
f 2289/28/333 2284/28/1011 2286/28/380 2287/28/334
f 2290/28/332 2289/28/333 2287/28/334 2288/28/335
f 2292/28/301 2291/28/307 2289/28/333 2290/28/332
f 2291/28/307 2282/28/311 2284/28/1011 2289/28/333
f 2294/28/300 2293/28/719 2291/28/307 2292/28/301
f 2293/28/719 2280/28/1010 2282/28/311 2291/28/307
f 2296/28/712 2295/28/263 2293/28/263 2294/28/712
f 2295/28/263 2278/28/265 2280/28/265 2293/28/263
f 2298/28/215 2297/28/218 2295/28/218 2296/28/215
f 2297/28/218 2276/28/220 2278/28/220 2295/28/218
f 2299/28/212 2298/28/215 2296/28/215 2301/28/212
f 2300/28/209 2299/28/212 2301/28/212 2302/28/209
f 2302/28/254 2301/28/1012 2303/28/1012 2304/28/254
f 2301/28/1012 2296/28/712 2294/28/712 2303/28/1012
f 2304/28/289 2303/28/294 2305/28/295 2306/28/271
f 2303/28/294 2294/28/300 2292/28/301 2305/28/295
f 2306/28/271 2305/28/295 2307/28/340 2308/28/272
f 2305/28/295 2292/28/301 2290/28/332 2307/28/340
f 2308/28/272 2307/28/340 2309/28/379 2310/28/378
f 2307/28/340 2290/28/332 2288/28/335 2309/28/379
f 2313/28/273 2308/28/272 2310/28/378 2311/28/377
f 2314/28/723 2313/28/273 2311/28/377 2312/28/376
f 2316/28/279 2315/28/270 2313/28/273 2314/28/723
f 2315/28/270 2306/28/271 2308/28/272 2313/28/273
f 2318/28/278 2317/28/716 2315/28/270 2316/28/279
f 2317/28/716 2304/28/289 2306/28/271 2315/28/270
f 2320/28/1013 2319/28/249 2317/28/249 2318/28/1013
f 2319/28/249 2302/28/254 2304/28/254 2317/28/249
f 2322/28/203 2321/28/204 2319/28/204 2320/28/203
f 2321/28/204 2300/28/209 2302/28/209 2319/28/204
f 2323/28/233 2322/28/203 2320/28/203 2325/28/233
f 2324/28/1014 2323/28/233 2325/28/233 2326/28/1014
f 2326/28/243 2325/28/1015 2327/28/1015 2328/28/243
f 2325/28/1015 2320/28/1013 2318/28/1013 2327/28/1015
f 2328/28/1016 2327/28/236 2329/28/237 2330/28/238
f 2327/28/236 2318/28/278 2316/28/279 2329/28/237
f 2330/28/238 2329/28/237 2331/28/360 2332/28/358
f 2329/28/237 2316/28/279 2314/28/723 2331/28/360
f 2332/28/358 2331/28/360 2333/28/375 2334/28/374
f 2331/28/360 2314/28/723 2312/28/376 2333/28/375
f 2337/28/356 2332/28/358 2334/28/374 2335/28/373
f 2338/28/354 2337/28/356 2335/28/373 2336/28/372
f 2340/28/325 2339/28/329 2337/28/356 2338/28/354
f 2339/28/329 2330/28/238 2332/28/358 2337/28/356
f 2342/28/324 2341/28/328 2339/28/329 2340/28/325
f 2341/28/328 2328/28/1016 2330/28/238 2339/28/329
f 2344/28/202 2343/28/241 2341/28/241 2342/28/202
f 2343/28/241 2326/28/243 2328/28/243 2341/28/241
f 2346/28/227 2345/28/229 2343/28/229 2344/28/227
f 2345/28/229 2324/28/1014 2326/28/1014 2343/28/229
f 2347/28/225 2346/28/227 2344/28/227 2349/28/225
f 2348/28/223 2347/28/225 2349/28/225 2350/28/223
f 2350/28/1017 2349/28/201 2351/28/201 2352/28/1017
f 2349/28/201 2344/28/202 2342/28/202 2351/28/201
f 2352/28/316 2351/28/320 2353/28/321 2354/28/317
f 2351/28/320 2342/28/324 2340/28/325 2353/28/321
f 2354/28/317 2353/28/321 2355/28/1018 2356/28/350
f 2353/28/321 2340/28/325 2338/28/354 2355/28/1018
f 2356/28/350 2355/28/1018 2357/28/371 2358/28/370
f 2355/28/1018 2338/28/354 2336/28/372 2357/28/371
f 2361/28/348 2356/28/350 2358/28/370 2359/28/369
f 2362/28/345 2361/28/348 2359/28/369 2360/28/368
f 2364/28/309 2363/28/313 2361/28/348 2362/28/345
f 2363/28/313 2354/28/317 2356/28/350 2361/28/348
f 2366/28/1019 2365/28/312 2363/28/313 2364/28/309
f 2365/28/312 2352/28/316 2354/28/317 2363/28/313
f 2368/28/1020 2367/28/266 2365/28/266 2366/28/1020
f 2367/28/266 2350/28/1017 2352/28/1017 2365/28/266
f 2370/28/1021 2369/28/221 2367/28/221 2368/28/1021
f 2369/28/221 2348/28/223 2350/28/223 2367/28/221
f 2371/28/216 2370/28/1021 2368/28/1021 2373/28/216
f 2372/28/213 2371/28/216 2373/28/216 2374/28/213
f 2374/28/1022 2373/28/261 2375/28/261 2376/28/1022
f 2373/28/261 2368/28/1020 2366/28/1020 2375/28/261
f 2376/28/296 2375/28/302 2377/28/303 2378/28/297
f 2375/28/302 2366/28/1019 2364/28/309 2377/28/303
f 2378/28/297 2377/28/303 2379/28/343 2380/28/341
f 2377/28/303 2364/28/309 2362/28/345 2379/28/343
f 2380/28/341 2379/28/343 2381/28/367 2382/28/366
f 2379/28/343 2362/28/345 2360/28/368 2381/28/367
f 2384/28/336 2380/28/341 2382/28/366 2383/28/365
f 2210/28/337 2384/28/336 2383/28/365 2213/28/364
f 2207/28/285 2385/28/291 2384/28/336 2210/28/337
f 2385/28/291 2378/28/297 2380/28/341 2384/28/336
f 2204/28/284 2386/28/290 2385/28/291 2207/28/285
f 2386/28/290 2376/28/296 2378/28/297 2385/28/291
f 2201/28/251 2387/28/255 2386/28/255 2204/28/251
f 2387/28/255 2374/28/1022 2376/28/1022 2386/28/255
f 2198/28/206 2388/28/210 2387/28/210 2201/28/206
f 2388/28/210 2372/28/213 2374/28/213 2387/28/210
f 3157/28/205 3158/28/206 3161/28/206 3160/28/205
f 3158/28/200 3157/28/200 3159/28/200 3185/28/200 3186/28/200 3187/28/200 3188/28/200 3209/28/200 3210/28/200 3211/28/200 3212/28/200 3233/28/200 3234/28/200 3235/28/200 3236/28/200 3257/28/200 3258/28/200 3259/28/200 3260/28/200 3281/28/200 3282/28/200 3283/28/200 3284/28/200 3305/28/200 3306/28/200 3307/28/200 3308/28/200 3329/28/200 3330/28/200 3331/28/200 3332/28/200 3348/28/200
f 3159/28/217 3157/28/205 3160/28/205 3162/28/217
f 3160/28/996 3161/28/251 3164/28/251 3163/28/996
f 3162/28/262 3160/28/996 3163/28/996 3165/28/262
f 3163/28/283 3164/28/1040 3167/28/1041 3166/28/286
f 3165/28/304 3163/28/283 3166/28/286 3168/28/305
f 3166/28/286 3167/28/1041 3170/28/337 3169/28/346
f 3168/28/305 3166/28/286 3169/28/346 3171/28/344
f 3169/28/346 3170/28/337 3173/28/364 3172/28/393
f 3171/28/344 3169/28/346 3172/28/393 3174/28/392
f 3173/28/364 3343/28/365 3342/28/366 3341/28/367 3320/28/368 3319/28/369 3318/28/370 3317/28/371 3296/28/372 3295/28/373 3294/28/374 3293/28/375 3272/28/376 3271/28/377 3270/28/378 3269/28/379 3248/28/335 3247/28/334 3246/28/380 3245/28/381 3224/28/382 3223/28/383 3222/28/384 3221/28/385 3200/28/386 3199/28/998 3198/28/388 3197/28/389 3176/28/390 3175/28/391 3174/28/392 3172/28/393
f 3177/28/342 3171/28/344 3174/28/392 3175/28/391
f 3178/28/338 3177/28/342 3175/28/391 3176/28/390
f 3180/28/293 3179/28/299 3177/28/342 3178/28/338
f 3179/28/299 3168/28/305 3171/28/344 3177/28/342
f 3182/28/292 3181/28/298 3179/28/299 3180/28/293
f 3181/28/298 3165/28/304 3168/28/305 3179/28/299
f 3184/28/256 3183/28/999 3181/28/999 3182/28/256
f 3183/28/999 3162/28/262 3165/28/262 3181/28/999
f 3186/28/211 3185/28/214 3183/28/214 3184/28/211
f 3185/28/214 3159/28/217 3162/28/217 3183/28/214
f 3187/28/208 3186/28/211 3184/28/211 3189/28/208
f 3188/28/207 3187/28/208 3189/28/208 3190/28/207
f 3190/28/248 3189/28/1000 3191/28/1000 3192/28/248
f 3189/28/1000 3184/28/256 3182/28/256 3191/28/1000
f 3192/28/280 3191/28/287 3193/28/1001 3194/28/281
f 3191/28/287 3182/28/292 3180/28/293 3193/28/1001
f 3194/28/281 3193/28/1001 3195/28/339 3196/28/363
f 3193/28/1001 3180/28/293 3178/28/338 3195/28/339
f 3196/28/363 3195/28/339 3197/28/389 3198/28/388
f 3195/28/339 3178/28/338 3176/28/390 3197/28/389
f 3201/28/361 3196/28/363 3198/28/388 3199/28/998
f 3202/28/359 3201/28/361 3199/28/998 3200/28/386
f 3204/28/277 3203/28/276 3201/28/361 3202/28/359
f 3203/28/276 3194/28/281 3196/28/363 3201/28/361
f 3206/28/1002 3205/28/1003 3203/28/276 3204/28/277
f 3205/28/1003 3192/28/280 3194/28/281 3203/28/276
f 3208/28/244 3207/28/1042 3205/28/1042 3206/28/244
f 3207/28/1042 3190/28/248 3192/28/248 3205/28/1042
f 3210/28/232 3209/28/234 3207/28/234 3208/28/232
f 3209/28/234 3188/28/207 3190/28/207 3207/28/234
f 3211/28/1004 3210/28/232 3208/28/232 3213/28/1004
f 3212/28/228 3211/28/1004 3213/28/1004 3214/28/228
f 3214/28/240 3213/28/242 3215/28/242 3216/28/240
f 3213/28/242 3208/28/244 3206/28/244 3215/28/242
f 3216/28/1005 3215/28/330 3217/28/331 3218/28/1007
f 3215/28/330 3206/28/1002 3204/28/277 3217/28/331
f 3218/28/1007 3217/28/331 3219/28/357 3220/28/355
f 3217/28/331 3204/28/277 3202/28/359 3219/28/357
f 3220/28/355 3219/28/357 3221/28/385 3222/28/384
f 3219/28/357 3202/28/359 3200/28/386 3221/28/385
f 3225/28/353 3220/28/355 3222/28/384 3223/28/383
f 3226/28/351 3225/28/353 3223/28/383 3224/28/382
f 3228/28/319 3227/28/323 3225/28/353 3226/28/351
f 3227/28/323 3218/28/1007 3220/28/355 3225/28/353
f 3230/28/318 3229/28/1008 3227/28/323 3228/28/319
f 3229/28/1008 3216/28/1005 3218/28/1007 3227/28/323
f 3232/28/269 3231/28/239 3229/28/239 3230/28/269
f 3231/28/239 3214/28/240 3216/28/240 3229/28/239
f 3234/28/224 3233/28/226 3231/28/226 3232/28/224
f 3233/28/226 3212/28/228 3214/28/228 3231/28/226
f 3235/28/222 3234/28/224 3232/28/224 3237/28/222
f 3236/28/220 3235/28/222 3237/28/222 3238/28/220
f 3238/28/265 3237/28/1009 3239/28/1009 3240/28/265
f 3237/28/1009 3232/28/269 3230/28/269 3239/28/1009
f 3240/28/310 3239/28/314 3241/28/720 3242/28/311
f 3239/28/314 3230/28/318 3228/28/319 3241/28/720
f 3242/28/311 3241/28/720 3243/28/349 3244/28/722
f 3241/28/720 3228/28/319 3226/28/351 3243/28/349
f 3244/28/722 3243/28/349 3245/28/381 3246/28/380
f 3243/28/349 3226/28/351 3224/28/382 3245/28/381
f 3249/28/333 3244/28/722 3246/28/380 3247/28/334
f 3250/28/332 3249/28/333 3247/28/334 3248/28/335
f 3252/28/301 3251/28/307 3249/28/333 3250/28/332
f 3251/28/307 3242/28/311 3244/28/722 3249/28/333
f 3254/28/300 3253/28/719 3251/28/307 3252/28/301
f 3253/28/719 3240/28/310 3242/28/311 3251/28/307
f 3256/28/260 3255/28/263 3253/28/263 3254/28/260
f 3255/28/263 3238/28/265 3240/28/265 3253/28/263
f 3258/28/215 3257/28/218 3255/28/218 3256/28/215
f 3257/28/218 3236/28/220 3238/28/220 3255/28/218
f 3259/28/212 3258/28/215 3256/28/215 3261/28/212
f 3260/28/209 3259/28/212 3261/28/212 3262/28/209
f 3262/28/254 3261/28/1024 3263/28/1024 3264/28/254
f 3261/28/1024 3256/28/260 3254/28/260 3263/28/1024
f 3264/28/1043 3263/28/294 3265/28/295 3266/28/271
f 3263/28/294 3254/28/300 3252/28/301 3265/28/295
f 3266/28/271 3265/28/295 3267/28/340 3268/28/272
f 3265/28/295 3252/28/301 3250/28/332 3267/28/340
f 3268/28/272 3267/28/340 3269/28/379 3270/28/378
f 3267/28/340 3250/28/332 3248/28/335 3269/28/379
f 3273/28/273 3268/28/272 3270/28/378 3271/28/377
f 3274/28/723 3273/28/273 3271/28/377 3272/28/376
f 3276/28/279 3275/28/270 3273/28/273 3274/28/723
f 3275/28/270 3266/28/271 3268/28/272 3273/28/273
f 3278/28/278 3277/28/716 3275/28/270 3276/28/279
f 3277/28/716 3264/28/1043 3266/28/271 3275/28/270
f 3280/28/247 3279/28/249 3277/28/249 3278/28/247
f 3279/28/249 3262/28/254 3264/28/254 3277/28/249
f 3282/28/203 3281/28/204 3279/28/204 3280/28/203
f 3281/28/204 3260/28/209 3262/28/209 3279/28/204
f 3283/28/233 3282/28/203 3280/28/203 3285/28/233
f 3284/28/231 3283/28/233 3285/28/233 3286/28/231
f 3286/28/1044 3285/28/1045 3287/28/1045 3288/28/1044
f 3285/28/1045 3280/28/247 3278/28/247 3287/28/1045
f 3288/28/235 3287/28/236 3289/28/237 3290/28/238
f 3287/28/236 3278/28/278 3276/28/279 3289/28/237
f 3290/28/238 3289/28/237 3291/28/360 3292/28/358
f 3289/28/237 3276/28/279 3274/28/723 3291/28/360
f 3292/28/358 3291/28/360 3293/28/375 3294/28/374
f 3291/28/360 3274/28/723 3272/28/376 3293/28/375
f 3297/28/356 3292/28/358 3294/28/374 3295/28/373
f 3298/28/354 3297/28/356 3295/28/373 3296/28/372
f 3300/28/325 3299/28/329 3297/28/356 3298/28/354
f 3299/28/329 3290/28/238 3292/28/358 3297/28/356
f 3302/28/324 3301/28/1046 3299/28/329 3300/28/325
f 3301/28/1046 3288/28/235 3290/28/238 3299/28/329
f 3304/28/202 3303/28/241 3301/28/241 3302/28/202
f 3303/28/241 3286/28/1044 3288/28/1044 3301/28/241
f 3306/28/227 3305/28/229 3303/28/229 3304/28/227
f 3305/28/229 3284/28/231 3286/28/231 3303/28/229
f 3307/28/225 3306/28/227 3304/28/227 3309/28/225
f 3308/28/223 3307/28/225 3309/28/225 3310/28/223
f 3310/28/1017 3309/28/201 3311/28/201 3312/28/1017
f 3309/28/201 3304/28/202 3302/28/202 3311/28/201
f 3312/28/316 3311/28/320 3313/28/321 3314/28/317
f 3311/28/320 3302/28/324 3300/28/325 3313/28/321
f 3314/28/317 3313/28/321 3315/28/1018 3316/28/350
f 3313/28/321 3300/28/325 3298/28/354 3315/28/1018
f 3316/28/350 3315/28/1018 3317/28/371 3318/28/370
f 3315/28/1018 3298/28/354 3296/28/372 3317/28/371
f 3321/28/348 3316/28/350 3318/28/370 3319/28/369
f 3322/28/345 3321/28/348 3319/28/369 3320/28/368
f 3324/28/309 3323/28/313 3321/28/348 3322/28/345
f 3323/28/313 3314/28/317 3316/28/350 3321/28/348
f 3326/28/308 3325/28/1047 3323/28/313 3324/28/309
f 3325/28/1047 3312/28/316 3314/28/317 3323/28/313
f 3328/28/264 3327/28/266 3325/28/266 3326/28/264
f 3327/28/266 3310/28/1017 3312/28/1017 3325/28/266
f 3330/28/1021 3329/28/221 3327/28/221 3328/28/1021
f 3329/28/221 3308/28/223 3310/28/223 3327/28/221
f 3331/28/216 3330/28/1021 3328/28/1021 3333/28/216
f 3332/28/213 3331/28/216 3333/28/216 3334/28/213
f 3334/28/1022 3333/28/261 3335/28/261 3336/28/1022
f 3333/28/261 3328/28/264 3326/28/264 3335/28/261
f 3336/28/296 3335/28/302 3337/28/1028 3338/28/297
f 3335/28/302 3326/28/308 3324/28/309 3337/28/1028
f 3338/28/297 3337/28/1028 3339/28/343 3340/28/341
f 3337/28/1028 3324/28/309 3322/28/345 3339/28/343
f 3340/28/341 3339/28/343 3341/28/367 3342/28/366
f 3339/28/343 3322/28/345 3320/28/368 3341/28/367
f 3344/28/336 3340/28/341 3342/28/366 3343/28/365
f 3170/28/337 3344/28/336 3343/28/365 3173/28/364
f 3167/28/1041 3345/28/291 3344/28/336 3170/28/337
f 3345/28/291 3338/28/297 3340/28/341 3344/28/336
f 3164/28/1040 3346/28/290 3345/28/291 3167/28/1041
f 3346/28/290 3336/28/296 3338/28/297 3345/28/291
f 3161/28/251 3347/28/255 3346/28/255 3164/28/251
f 3347/28/255 3334/28/1022 3336/28/1022 3346/28/255
f 3158/28/206 3348/28/210 3347/28/210 3161/28/206
f 3348/28/210 3332/28/213 3334/28/213 3347/28/210
f 4152/80/3 4153/81/3 4156/82/3 4151/38/3
f 4156/82/3 4155/83/3 4154/84/3 4153/81/3 4152/80/3 4149/79/3 4150/39/3 4151/38/3
f 4160/80/7 4159/38/7 4162/82/7 4161/81/7
f 4162/82/7 4159/38/7 4158/39/7 4157/79/7 4160/80/7 4161/81/7 4163/84/7 4164/83/7
f 4154/84/4 4155/83/4 4164/83/4 4163/84/4
f 4156/82/2 4153/81/2 4161/81/2 4162/82/2
f 4151/38/1 4150/39/1 4158/39/1 4159/38/1
f 4149/79/8 4152/80/8 4160/80/8 4157/79/8
f 4155/83/8 4156/82/8 4162/82/8 4164/83/8
f 4153/81/1 4154/84/1 4163/84/1 4161/81/1
f 4152/80/4 4151/38/4 4159/38/4 4160/80/4
f 4150/39/2 4149/79/2 4157/79/2 4158/39/2
usemtl Material.003
f 154/28/3 164/28/3 167/28/3 157/28/3
f 154/28/6 164/28/6 166/28/6 156/28/6
f 161/28/3 171/28/3 172/28/3 162/28/3
f 159/28/75 169/28/75 168/28/75 158/28/75
f 155/28/5 165/28/5 163/28/5 153/28/5
f 158/28/76 168/28/76 163/28/76 153/28/76
f 162/28/3 172/28/3 169/28/3 159/28/3
f 156/28/7 166/28/7 165/28/7 155/28/7
f 160/28/3 170/28/3 171/28/3 161/28/3
f 174/28/7 177/28/7 187/28/7 184/28/7
f 174/28/3 173/28/3 183/28/3 184/28/3
f 181/28/7 180/28/7 190/28/7 191/28/7
f 179/28/7 178/28/7 188/28/7 189/28/7
f 176/28/3 175/28/3 185/28/3 186/28/3
f 178/28/7 175/28/7 185/28/7 188/28/7
f 180/28/7 179/28/7 189/28/7 190/28/7
f 173/28/3 176/28/3 186/28/3 183/28/3
f 182/28/77 181/28/77 191/28/77 192/28/77
f 157/28/78 167/28/78 187/28/78 177/28/78
f 170/28/79 160/28/79 182/28/79 192/28/79
f 1770/28/200 1769/28/200 1800/28/200 1799/28/200 1798/28/200 1797/28/200 1796/28/200 1795/28/200 1794/28/200 1793/28/200 1792/28/200 1791/28/200 1790/28/200 1789/28/200 1788/28/200 1787/28/200 1786/28/200 1785/28/200 1784/28/200 1783/28/200 1782/28/200 1781/28/200 1780/28/200 1779/28/200 1778/28/200 1777/28/200 1776/28/200 1775/28/200 1774/28/200 1773/28/200 1772/28/200 1771/28/200
f 1809/28/793 1810/28/794 1842/28/794 1841/28/793
f 1782/28/795 1783/28/796 1815/28/796 1814/28/795
f 1769/28/797 1770/28/798 1801/28/798 1802/28/797
f 1796/28/799 1797/28/800 1829/28/800 1828/28/799
f 1783/28/796 1784/28/801 1816/28/801 1815/28/796
f 1770/28/798 1771/28/802 1803/28/802 1801/28/798
f 1797/28/800 1798/28/803 1830/28/803 1829/28/800
f 1784/28/801 1785/28/804 1817/28/804 1816/28/801
f 1771/28/802 1772/28/805 1804/28/805 1803/28/802
f 1798/28/803 1799/28/806 1831/28/806 1830/28/803
f 1785/28/804 1786/28/807 1818/28/807 1817/28/804
f 1772/28/805 1773/28/808 1805/28/808 1804/28/805
f 1799/28/806 1800/28/809 1832/28/809 1831/28/806
f 1786/28/807 1787/28/810 1819/28/810 1818/28/807
f 1773/28/808 1774/28/811 1806/28/811 1805/28/808
f 1800/28/809 1769/28/797 1802/28/797 1832/28/809
f 1787/28/810 1788/28/812 1820/28/812 1819/28/810
f 1774/28/811 1775/28/813 1807/28/813 1806/28/811
f 1788/28/812 1789/28/814 1821/28/814 1820/28/812
f 1775/28/813 1776/28/815 1808/28/815 1807/28/813
f 1789/28/814 1790/28/816 1822/28/816 1821/28/814
f 1776/28/815 1777/28/817 1809/28/817 1808/28/815
f 1790/28/816 1791/28/818 1823/28/818 1822/28/816
f 1777/28/817 1778/28/819 1810/28/819 1809/28/817
f 1791/28/818 1792/28/820 1824/28/820 1823/28/818
f 1778/28/819 1779/28/821 1811/28/821 1810/28/819
f 1792/28/820 1793/28/822 1825/28/822 1824/28/820
f 1779/28/821 1780/28/823 1812/28/823 1811/28/821
f 1793/28/822 1794/28/824 1826/28/824 1825/28/822
f 1780/28/823 1781/28/825 1813/28/825 1812/28/823
f 1794/28/824 1795/28/826 1827/28/826 1826/28/824
f 1781/28/825 1782/28/795 1814/28/795 1813/28/825
f 1795/28/826 1796/28/799 1828/28/799 1827/28/826
f 1844/28/827 1845/28/828 1877/28/829 1876/28/830
f 1823/28/831 1824/28/832 1856/28/832 1855/28/831
f 1810/28/794 1811/28/833 1843/28/833 1842/28/794
f 1824/28/832 1825/28/834 1857/28/834 1856/28/832
f 1811/28/833 1812/28/835 1844/28/835 1843/28/833
f 1825/28/834 1826/28/836 1858/28/836 1857/28/834
f 1812/28/835 1813/28/837 1845/28/837 1844/28/835
f 1826/28/836 1827/28/838 1859/28/839 1858/28/836
f 1813/28/837 1814/28/840 1846/28/840 1845/28/837
f 1827/28/838 1828/28/841 1860/28/841 1859/28/839
f 1814/28/840 1815/28/842 1847/28/842 1846/28/840
f 1802/28/843 1801/28/844 1833/28/844 1834/28/843
f 1828/28/841 1829/28/845 1861/28/845 1860/28/841
f 1815/28/842 1816/28/846 1848/28/846 1847/28/842
f 1801/28/844 1803/28/847 1835/28/847 1833/28/844
f 1829/28/845 1830/28/848 1862/28/848 1861/28/845
f 1816/28/846 1817/28/849 1849/28/849 1848/28/846
f 1803/28/847 1804/28/850 1836/28/850 1835/28/847
f 1830/28/848 1831/28/851 1863/28/851 1862/28/848
f 1817/28/849 1818/28/852 1850/28/852 1849/28/849
f 1804/28/850 1805/28/853 1837/28/853 1836/28/850
f 1831/28/851 1832/28/854 1864/28/854 1863/28/851
f 1818/28/852 1819/28/855 1851/28/855 1850/28/852
f 1805/28/853 1806/28/856 1838/28/856 1837/28/853
f 1832/28/854 1802/28/843 1834/28/843 1864/28/854
f 1819/28/855 1820/28/857 1852/28/857 1851/28/855
f 1806/28/856 1807/28/858 1839/28/858 1838/28/856
f 1820/28/857 1821/28/859 1853/28/859 1852/28/857
f 1807/28/858 1808/28/860 1840/28/860 1839/28/858
f 1821/28/859 1822/28/861 1854/28/861 1853/28/859
f 1808/28/860 1809/28/793 1841/28/793 1840/28/860
f 1822/28/861 1823/28/831 1855/28/831 1854/28/861
f 1879/28/862 1880/28/863 1912/28/864 1911/28/865
f 1858/28/866 1859/28/867 1891/28/868 1890/28/869
f 1845/28/828 1846/28/870 1878/28/871 1877/28/829
f 1859/28/867 1860/28/872 1892/28/873 1891/28/868
f 1846/28/870 1847/28/874 1879/28/862 1878/28/871
f 1834/28/875 1833/28/876 1865/28/877 1866/28/878
f 1860/28/872 1861/28/879 1893/28/880 1892/28/873
f 1847/28/874 1848/28/881 1880/28/863 1879/28/862
f 1833/28/876 1835/28/882 1867/28/883 1865/28/877
f 1861/28/879 1862/28/884 1894/28/885 1893/28/880
f 1848/28/881 1849/28/886 1881/28/887 1880/28/863
f 1835/28/882 1836/28/888 1868/28/889 1867/28/883
f 1862/28/884 1863/28/890 1895/28/891 1894/28/885
f 1849/28/886 1850/28/892 1882/28/893 1881/28/887
f 1836/28/888 1837/28/894 1869/28/895 1868/28/889
f 1863/28/890 1864/28/896 1896/28/897 1895/28/891
f 1850/28/892 1851/28/898 1883/28/899 1882/28/893
f 1837/28/894 1838/28/900 1870/28/901 1869/28/895
f 1864/28/896 1834/28/875 1866/28/878 1896/28/897
f 1851/28/898 1852/28/902 1884/28/903 1883/28/899
f 1838/28/900 1839/28/904 1871/28/905 1870/28/901
f 1852/28/902 1853/28/906 1885/28/907 1884/28/903
f 1839/28/904 1840/28/908 1872/28/909 1871/28/905
f 1853/28/906 1854/28/910 1886/28/911 1885/28/907
f 1840/28/908 1841/28/912 1873/28/913 1872/28/909
f 1854/28/910 1855/28/914 1887/28/915 1886/28/911
f 1841/28/912 1842/28/916 1874/28/917 1873/28/913
f 1855/28/914 1856/28/918 1888/28/919 1887/28/915
f 1842/28/916 1843/28/920 1875/28/921 1874/28/917
f 1856/28/918 1857/28/922 1889/28/923 1888/28/919
f 1843/28/920 1844/28/827 1876/28/830 1875/28/921
f 1857/28/922 1858/28/866 1890/28/869 1889/28/923
f 1914/28/924 1915/28/925 1947/28/926 1946/28/927
f 1865/28/877 1867/28/883 1899/28/928 1897/28/929
f 1893/28/880 1894/28/885 1926/28/930 1925/28/931
f 1880/28/863 1881/28/887 1913/28/932 1912/28/864
f 1867/28/883 1868/28/889 1900/28/933 1899/28/928
f 1894/28/885 1895/28/891 1927/28/934 1926/28/930
f 1881/28/887 1882/28/893 1914/28/924 1913/28/932
f 1868/28/889 1869/28/895 1901/28/935 1900/28/933
f 1895/28/891 1896/28/897 1928/28/936 1927/28/934
f 1882/28/893 1883/28/899 1915/28/925 1914/28/924
f 1869/28/895 1870/28/901 1902/28/937 1901/28/935
f 1896/28/897 1866/28/878 1898/28/938 1928/28/936
f 1883/28/899 1884/28/903 1916/28/939 1915/28/925
f 1870/28/901 1871/28/905 1903/28/940 1902/28/937
f 1884/28/903 1885/28/907 1917/28/941 1916/28/939
f 1871/28/905 1872/28/909 1904/28/942 1903/28/940
f 1885/28/907 1886/28/911 1918/28/943 1917/28/941
f 1872/28/909 1873/28/913 1905/28/944 1904/28/942
f 1886/28/911 1887/28/915 1919/28/945 1918/28/943
f 1873/28/913 1874/28/917 1906/28/946 1905/28/944
f 1887/28/915 1888/28/919 1920/28/947 1919/28/945
f 1874/28/917 1875/28/921 1907/28/948 1906/28/946
f 1888/28/919 1889/28/923 1921/28/949 1920/28/947
f 1875/28/921 1876/28/830 1908/28/950 1907/28/948
f 1889/28/923 1890/28/869 1922/28/951 1921/28/949
f 1876/28/830 1877/28/829 1909/28/952 1908/28/950
f 1890/28/869 1891/28/868 1923/28/953 1922/28/951
f 1877/28/829 1878/28/871 1910/28/954 1909/28/952
f 1891/28/868 1892/28/873 1924/28/955 1923/28/953
f 1878/28/871 1879/28/862 1911/28/865 1910/28/954
f 1866/28/878 1865/28/877 1897/28/929 1898/28/938
f 1892/28/873 1893/28/880 1925/28/931 1924/28/955
f 1929/28/956 1931/28/957 1932/28/958 1933/28/959 1934/28/960 1935/28/961 1936/28/962 1937/28/963 1938/28/964 1939/28/965 1940/28/966 1941/28/967 1942/28/968 1943/28/969 1944/28/970 1945/28/971 1946/28/927 1947/28/926 1948/28/972 1949/28/973 1950/28/974 1951/28/975 1952/28/976 1953/28/977 1954/28/978 1955/28/979 1956/28/980 1957/28/981 1958/28/982 1959/28/983 1960/28/984 1930/28/985
f 1901/28/935 1902/28/937 1934/28/960 1933/28/959
f 1928/28/936 1898/28/938 1930/28/985 1960/28/984
f 1915/28/925 1916/28/939 1948/28/972 1947/28/926
f 1902/28/937 1903/28/940 1935/28/961 1934/28/960
f 1916/28/939 1917/28/941 1949/28/973 1948/28/972
f 1903/28/940 1904/28/942 1936/28/962 1935/28/961
f 1917/28/941 1918/28/943 1950/28/974 1949/28/973
f 1904/28/942 1905/28/944 1937/28/963 1936/28/962
f 1918/28/943 1919/28/945 1951/28/975 1950/28/974
f 1905/28/944 1906/28/946 1938/28/964 1937/28/963
f 1919/28/945 1920/28/947 1952/28/976 1951/28/975
f 1906/28/946 1907/28/948 1939/28/965 1938/28/964
f 1920/28/947 1921/28/949 1953/28/977 1952/28/976
f 1907/28/948 1908/28/950 1940/28/966 1939/28/965
f 1921/28/949 1922/28/951 1954/28/978 1953/28/977
f 1908/28/950 1909/28/952 1941/28/967 1940/28/966
f 1922/28/951 1923/28/953 1955/28/979 1954/28/978
f 1909/28/952 1910/28/954 1942/28/968 1941/28/967
f 1923/28/953 1924/28/955 1956/28/980 1955/28/979
f 1910/28/954 1911/28/865 1943/28/969 1942/28/968
f 1898/28/938 1897/28/929 1929/28/956 1930/28/985
f 1924/28/955 1925/28/931 1957/28/981 1956/28/980
f 1911/28/865 1912/28/864 1944/28/970 1943/28/969
f 1897/28/929 1899/28/928 1931/28/957 1929/28/956
f 1925/28/931 1926/28/930 1958/28/982 1957/28/981
f 1912/28/864 1913/28/932 1945/28/971 1944/28/970
f 1899/28/928 1900/28/933 1932/28/958 1931/28/957
f 1926/28/930 1927/28/934 1959/28/983 1958/28/982
f 1913/28/932 1914/28/924 1946/28/927 1945/28/971
f 1900/28/933 1901/28/935 1933/28/959 1932/28/958
f 1927/28/934 1928/28/936 1960/28/984 1959/28/983
f 1962/28/200 1961/28/200 1992/28/200 1991/28/200 1990/28/200 1989/28/200 1988/28/200 1987/28/200 1986/28/200 1985/28/200 1984/28/200 1983/28/200 1982/28/200 1981/28/200 1980/28/200 1979/28/200 1978/28/200 1977/28/200 1976/28/200 1975/28/200 1974/28/200 1973/28/200 1972/28/200 1971/28/200 1970/28/200 1969/28/200 1968/28/200 1967/28/200 1966/28/200 1965/28/200 1964/28/200 1963/28/200
f 2001/28/793 2002/28/794 2034/28/794 2033/28/793
f 1974/28/795 1975/28/796 2007/28/796 2006/28/795
f 1961/28/797 1962/28/798 1993/28/798 1994/28/797
f 1988/28/799 1989/28/800 2021/28/800 2020/28/799
f 1975/28/796 1976/28/801 2008/28/801 2007/28/796
f 1962/28/798 1963/28/802 1995/28/802 1993/28/798
f 1989/28/800 1990/28/803 2022/28/803 2021/28/800
f 1976/28/801 1977/28/804 2009/28/804 2008/28/801
f 1963/28/802 1964/28/805 1996/28/805 1995/28/802
f 1990/28/803 1991/28/806 2023/28/806 2022/28/803
f 1977/28/804 1978/28/807 2010/28/807 2009/28/804
f 1964/28/805 1965/28/808 1997/28/808 1996/28/805
f 1991/28/806 1992/28/809 2024/28/809 2023/28/806
f 1978/28/807 1979/28/810 2011/28/810 2010/28/807
f 1965/28/808 1966/28/986 1998/28/986 1997/28/808
f 1992/28/809 1961/28/797 1994/28/797 2024/28/809
f 1979/28/810 1980/28/812 2012/28/812 2011/28/810
f 1966/28/986 1967/28/813 1999/28/813 1998/28/986
f 1980/28/812 1981/28/814 2013/28/814 2012/28/812
f 1967/28/813 1968/28/815 2000/28/815 1999/28/813
f 1981/28/814 1982/28/816 2014/28/816 2013/28/814
f 1968/28/815 1969/28/817 2001/28/817 2000/28/815
f 1982/28/816 1983/28/818 2015/28/987 2014/28/816
f 1969/28/817 1970/28/819 2002/28/819 2001/28/817
f 1983/28/818 1984/28/820 2016/28/820 2015/28/987
f 1970/28/819 1971/28/821 2003/28/821 2002/28/819
f 1984/28/820 1985/28/822 2017/28/822 2016/28/820
f 1971/28/821 1972/28/823 2004/28/823 2003/28/821
f 1985/28/822 1986/28/824 2018/28/824 2017/28/822
f 1972/28/823 1973/28/825 2005/28/825 2004/28/823
f 1986/28/824 1987/28/826 2019/28/826 2018/28/824
f 1973/28/825 1974/28/795 2006/28/795 2005/28/825
f 1987/28/826 1988/28/799 2020/28/799 2019/28/826
f 2036/28/827 2037/28/828 2069/28/829 2068/28/830
f 2015/28/831 2016/28/832 2048/28/832 2047/28/831
f 2002/28/794 2003/28/988 2035/28/988 2034/28/794
f 2016/28/832 2017/28/834 2049/28/834 2048/28/832
f 2003/28/988 2004/28/835 2036/28/835 2035/28/988
f 2017/28/834 2018/28/836 2050/28/836 2049/28/834
f 2004/28/835 2005/28/837 2037/28/837 2036/28/835
f 2018/28/836 2019/28/838 2051/28/838 2050/28/836
f 2005/28/837 2006/28/840 2038/28/840 2037/28/837
f 2019/28/838 2020/28/841 2052/28/841 2051/28/838
f 2006/28/840 2007/28/842 2039/28/842 2038/28/840
f 1994/28/843 1993/28/844 2025/28/844 2026/28/843
f 2020/28/841 2021/28/845 2053/28/845 2052/28/841
f 2007/28/842 2008/28/989 2040/28/989 2039/28/842
f 1993/28/844 1995/28/847 2027/28/847 2025/28/844
f 2021/28/845 2022/28/848 2054/28/848 2053/28/845
f 2008/28/989 2009/28/849 2041/28/849 2040/28/989
f 1995/28/847 1996/28/850 2028/28/850 2027/28/847
f 2022/28/848 2023/28/990 2055/28/990 2054/28/848
f 2009/28/849 2010/28/991 2042/28/991 2041/28/849
f 1996/28/850 1997/28/853 2029/28/853 2028/28/850
f 2023/28/990 2024/28/992 2056/28/992 2055/28/990
f 2010/28/991 2011/28/855 2043/28/855 2042/28/991
f 1997/28/853 1998/28/856 2030/28/856 2029/28/853
f 2024/28/992 1994/28/843 2026/28/843 2056/28/992
f 2011/28/855 2012/28/857 2044/28/857 2043/28/855
f 1998/28/856 1999/28/993 2031/28/993 2030/28/856
f 2012/28/857 2013/28/859 2045/28/859 2044/28/857
f 1999/28/993 2000/28/860 2032/28/860 2031/28/993
f 2013/28/859 2014/28/861 2046/28/861 2045/28/859
f 2000/28/860 2001/28/793 2033/28/793 2032/28/860
f 2014/28/861 2015/28/831 2047/28/831 2046/28/861
f 2071/28/862 2072/28/863 2104/28/864 2103/28/865
f 2050/28/866 2051/28/867 2083/28/868 2082/28/869
f 2037/28/828 2038/28/870 2070/28/871 2069/28/829
f 2051/28/867 2052/28/872 2084/28/873 2083/28/868
f 2038/28/870 2039/28/874 2071/28/862 2070/28/871
f 2026/28/875 2025/28/876 2057/28/877 2058/28/878
f 2052/28/872 2053/28/879 2085/28/880 2084/28/873
f 2039/28/874 2040/28/881 2072/28/863 2071/28/862
f 2025/28/876 2027/28/882 2059/28/883 2057/28/877
f 2053/28/879 2054/28/884 2086/28/885 2085/28/880
f 2040/28/881 2041/28/886 2073/28/887 2072/28/863
f 2027/28/882 2028/28/888 2060/28/889 2059/28/883
f 2054/28/884 2055/28/890 2087/28/891 2086/28/885
f 2041/28/886 2042/28/892 2074/28/893 2073/28/887
f 2028/28/888 2029/28/894 2061/28/895 2060/28/889
f 2055/28/890 2056/28/994 2088/28/897 2087/28/891
f 2042/28/892 2043/28/898 2075/28/899 2074/28/893
f 2029/28/894 2030/28/900 2062/28/901 2061/28/895
f 2056/28/994 2026/28/875 2058/28/878 2088/28/897
f 2043/28/898 2044/28/902 2076/28/903 2075/28/899
f 2030/28/900 2031/28/904 2063/28/905 2062/28/901
f 2044/28/902 2045/28/906 2077/28/907 2076/28/903
f 2031/28/904 2032/28/908 2064/28/909 2063/28/905
f 2045/28/906 2046/28/910 2078/28/911 2077/28/907
f 2032/28/908 2033/28/912 2065/28/913 2064/28/909
f 2046/28/910 2047/28/914 2079/28/915 2078/28/911
f 2033/28/912 2034/28/916 2066/28/917 2065/28/913
f 2047/28/914 2048/28/918 2080/28/919 2079/28/915
f 2034/28/916 2035/28/920 2067/28/921 2066/28/917
f 2048/28/918 2049/28/922 2081/28/923 2080/28/919
f 2035/28/920 2036/28/827 2068/28/830 2067/28/921
f 2049/28/922 2050/28/866 2082/28/869 2081/28/923
f 2106/28/924 2107/28/925 2139/28/926 2138/28/927
f 2057/28/877 2059/28/883 2091/28/928 2089/28/929
f 2085/28/880 2086/28/885 2118/28/930 2117/28/931
f 2072/28/863 2073/28/887 2105/28/932 2104/28/864
f 2059/28/883 2060/28/889 2092/28/933 2091/28/928
f 2086/28/885 2087/28/891 2119/28/934 2118/28/930
f 2073/28/887 2074/28/893 2106/28/924 2105/28/932
f 2060/28/889 2061/28/895 2093/28/935 2092/28/933
f 2087/28/891 2088/28/897 2120/28/936 2119/28/934
f 2074/28/893 2075/28/899 2107/28/925 2106/28/924
f 2061/28/895 2062/28/901 2094/28/937 2093/28/935
f 2088/28/897 2058/28/878 2090/28/938 2120/28/936
f 2075/28/899 2076/28/903 2108/28/939 2107/28/925
f 2062/28/901 2063/28/905 2095/28/940 2094/28/937
f 2076/28/903 2077/28/907 2109/28/941 2108/28/939
f 2063/28/905 2064/28/909 2096/28/942 2095/28/940
f 2077/28/907 2078/28/911 2110/28/995 2109/28/941
f 2064/28/909 2065/28/913 2097/28/944 2096/28/942
f 2078/28/911 2079/28/915 2111/28/945 2110/28/995
f 2065/28/913 2066/28/917 2098/28/946 2097/28/944
f 2079/28/915 2080/28/919 2112/28/947 2111/28/945
f 2066/28/917 2067/28/921 2099/28/948 2098/28/946
f 2080/28/919 2081/28/923 2113/28/949 2112/28/947
f 2067/28/921 2068/28/830 2100/28/950 2099/28/948
f 2081/28/923 2082/28/869 2114/28/951 2113/28/949
f 2068/28/830 2069/28/829 2101/28/952 2100/28/950
f 2082/28/869 2083/28/868 2115/28/953 2114/28/951
f 2069/28/829 2070/28/871 2102/28/954 2101/28/952
f 2083/28/868 2084/28/873 2116/28/955 2115/28/953
f 2070/28/871 2071/28/862 2103/28/865 2102/28/954
f 2058/28/878 2057/28/877 2089/28/929 2090/28/938
f 2084/28/873 2085/28/880 2117/28/931 2116/28/955
f 2121/28/956 2123/28/957 2124/28/958 2125/28/959 2126/28/960 2127/28/961 2128/28/962 2129/28/963 2130/28/964 2131/28/965 2132/28/966 2133/28/967 2134/28/968 2135/28/969 2136/28/970 2137/28/971 2138/28/927 2139/28/926 2140/28/972 2141/28/973 2142/28/974 2143/28/975 2144/28/976 2145/28/977 2146/28/978 2147/28/979 2148/28/980 2149/28/981 2150/28/982 2151/28/983 2152/28/984 2122/28/985
f 2093/28/935 2094/28/937 2126/28/960 2125/28/959
f 2120/28/936 2090/28/938 2122/28/985 2152/28/984
f 2107/28/925 2108/28/939 2140/28/972 2139/28/926
f 2094/28/937 2095/28/940 2127/28/961 2126/28/960
f 2108/28/939 2109/28/941 2141/28/973 2140/28/972
f 2095/28/940 2096/28/942 2128/28/962 2127/28/961
f 2109/28/941 2110/28/995 2142/28/974 2141/28/973
f 2096/28/942 2097/28/944 2129/28/963 2128/28/962
f 2110/28/995 2111/28/945 2143/28/975 2142/28/974
f 2097/28/944 2098/28/946 2130/28/964 2129/28/963
f 2111/28/945 2112/28/947 2144/28/976 2143/28/975
f 2098/28/946 2099/28/948 2131/28/965 2130/28/964
f 2112/28/947 2113/28/949 2145/28/977 2144/28/976
f 2099/28/948 2100/28/950 2132/28/966 2131/28/965
f 2113/28/949 2114/28/951 2146/28/978 2145/28/977
f 2100/28/950 2101/28/952 2133/28/967 2132/28/966
f 2114/28/951 2115/28/953 2147/28/979 2146/28/978
f 2101/28/952 2102/28/954 2134/28/968 2133/28/967
f 2115/28/953 2116/28/955 2148/28/980 2147/28/979
f 2102/28/954 2103/28/865 2135/28/969 2134/28/968
f 2090/28/938 2089/28/929 2121/28/956 2122/28/985
f 2116/28/955 2117/28/931 2149/28/981 2148/28/980
f 2103/28/865 2104/28/864 2136/28/970 2135/28/969
f 2089/28/929 2091/28/928 2123/28/957 2121/28/956
f 2117/28/931 2118/28/930 2150/28/982 2149/28/981
f 2104/28/864 2105/28/932 2137/28/971 2136/28/970
f 2091/28/928 2092/28/933 2124/28/958 2123/28/957
f 2118/28/930 2119/28/934 2151/28/983 2150/28/982
f 2105/28/932 2106/28/924 2138/28/927 2137/28/971
f 2092/28/933 2093/28/935 2125/28/959 2124/28/958
f 2119/28/934 2120/28/936 2152/28/984 2151/28/983
f 2158/28/3 2168/28/3 2171/28/3 2161/28/3
f 2158/28/6 2168/28/6 2170/28/6 2160/28/6
f 2165/28/3 2175/28/3 2176/28/3 2166/28/3
f 2163/28/75 2173/28/75 2172/28/75 2162/28/75
f 2159/28/5 2169/28/5 2167/28/5 2157/28/5
f 2162/28/76 2172/28/76 2167/28/76 2157/28/76
f 2166/28/3 2176/28/3 2173/28/3 2163/28/3
f 2160/28/7 2170/28/7 2169/28/7 2159/28/7
f 2164/28/3 2174/28/3 2175/28/3 2165/28/3
f 2178/28/7 2181/28/7 2191/28/7 2188/28/7
f 2178/28/3 2177/28/3 2187/28/3 2188/28/3
f 2185/28/7 2184/28/7 2194/28/7 2195/28/7
f 2183/28/7 2182/28/7 2192/28/7 2193/28/7
f 2180/28/3 2179/28/3 2189/28/3 2190/28/3
f 2182/28/7 2179/28/7 2189/28/7 2192/28/7
f 2184/28/7 2183/28/7 2193/28/7 2194/28/7
f 2177/28/3 2180/28/3 2190/28/3 2187/28/3
f 2186/28/77 2185/28/77 2195/28/77 2196/28/77
f 2161/28/78 2171/28/78 2191/28/78 2181/28/78
f 2174/28/79 2164/28/79 2186/28/79 2196/28/79
f 2389/28/205 2390/28/206 2393/28/206 2392/28/205
f 2390/28/200 2389/28/200 2391/28/200 2417/28/200 2418/28/200 2419/28/200 2420/28/200 2441/28/200 2442/28/200 2443/28/200 2444/28/200 2465/28/200 2466/28/200 2467/28/200 2468/28/200 2489/28/200 2490/28/200 2491/28/200 2492/28/200 2513/28/200 2514/28/200 2515/28/200 2516/28/200 2537/28/200 2538/28/200 2539/28/200 2540/28/200 2561/28/200 2562/28/200 2563/28/200 2564/28/200 2580/28/200
f 2391/28/217 2389/28/205 2392/28/205 2394/28/217
f 2392/28/710 2393/28/251 2396/28/251 2395/28/710
f 2394/28/997 2392/28/710 2395/28/710 2397/28/997
f 2395/28/717 2396/28/284 2399/28/285 2398/28/286
f 2397/28/304 2395/28/717 2398/28/286 2400/28/305
f 2398/28/286 2399/28/285 2402/28/337 2401/28/346
f 2400/28/305 2398/28/286 2401/28/346 2403/28/344
f 2401/28/346 2402/28/337 2405/28/364 2404/28/393
f 2403/28/344 2401/28/346 2404/28/393 2406/28/392
f 2405/28/364 2575/28/365 2574/28/366 2573/28/367 2552/28/368 2551/28/369 2550/28/370 2549/28/1023 2528/28/372 2527/28/373 2526/28/374 2525/28/375 2504/28/376 2503/28/377 2502/28/378 2501/28/379 2480/28/335 2479/28/334 2478/28/380 2477/28/381 2456/28/382 2455/28/383 2454/28/384 2453/28/385 2432/28/386 2431/28/387 2430/28/388 2429/28/389 2408/28/390 2407/28/391 2406/28/392 2404/28/393
f 2409/28/342 2403/28/344 2406/28/392 2407/28/391
f 2410/28/338 2409/28/342 2407/28/391 2408/28/390
f 2412/28/293 2411/28/299 2409/28/342 2410/28/338
f 2411/28/299 2400/28/305 2403/28/344 2409/28/342
f 2414/28/292 2413/28/298 2411/28/299 2412/28/293
f 2413/28/298 2397/28/304 2400/28/305 2411/28/299
f 2416/28/256 2415/28/259 2413/28/259 2414/28/256
f 2415/28/259 2394/28/997 2397/28/997 2413/28/259
f 2418/28/211 2417/28/706 2415/28/706 2416/28/211
f 2417/28/706 2391/28/217 2394/28/217 2415/28/706
f 2419/28/208 2418/28/211 2416/28/211 2421/28/208
f 2420/28/207 2419/28/208 2421/28/208 2422/28/207
f 2422/28/248 2421/28/252 2423/28/252 2424/28/248
f 2421/28/252 2416/28/256 2414/28/256 2423/28/252
f 2424/28/280 2423/28/287 2425/28/1001 2426/28/281
f 2423/28/287 2414/28/292 2412/28/293 2425/28/1001
f 2426/28/281 2425/28/1001 2427/28/339 2428/28/363
f 2425/28/1001 2412/28/293 2410/28/338 2427/28/339
f 2428/28/363 2427/28/339 2429/28/389 2430/28/388
f 2427/28/339 2410/28/338 2408/28/390 2429/28/389
f 2433/28/361 2428/28/363 2430/28/388 2431/28/387
f 2434/28/359 2433/28/361 2431/28/387 2432/28/386
f 2436/28/715 2435/28/276 2433/28/361 2434/28/359
f 2435/28/276 2426/28/281 2428/28/363 2433/28/361
f 2438/28/1002 2437/28/1003 2435/28/276 2436/28/715
f 2437/28/1003 2424/28/280 2426/28/281 2435/28/276
f 2440/28/708 2439/28/246 2437/28/246 2438/28/708
f 2439/28/246 2422/28/248 2424/28/248 2437/28/246
f 2442/28/232 2441/28/234 2439/28/234 2440/28/232
f 2441/28/234 2420/28/207 2422/28/207 2439/28/234
f 2443/28/230 2442/28/232 2440/28/232 2445/28/230
f 2444/28/228 2443/28/230 2445/28/230 2446/28/228
f 2446/28/240 2445/28/242 2447/28/242 2448/28/240
f 2445/28/242 2440/28/708 2438/28/708 2447/28/242
f 2448/28/1005 2447/28/330 2449/28/331 2450/28/327
f 2447/28/330 2438/28/1002 2436/28/715 2449/28/331
f 2450/28/327 2449/28/331 2451/28/357 2452/28/355
f 2449/28/331 2436/28/715 2434/28/359 2451/28/357
f 2452/28/355 2451/28/357 2453/28/385 2454/28/384
f 2451/28/357 2434/28/359 2432/28/386 2453/28/385
f 2457/28/353 2452/28/355 2454/28/384 2455/28/383
f 2458/28/351 2457/28/353 2455/28/383 2456/28/382
f 2460/28/319 2459/28/323 2457/28/353 2458/28/351
f 2459/28/323 2450/28/327 2452/28/355 2457/28/353
f 2462/28/318 2461/28/1008 2459/28/323 2460/28/319
f 2461/28/1008 2448/28/1005 2450/28/327 2459/28/323
f 2464/28/269 2463/28/239 2461/28/239 2462/28/269
f 2463/28/239 2446/28/240 2448/28/240 2461/28/239
f 2466/28/224 2465/28/226 2463/28/226 2464/28/224
f 2465/28/226 2444/28/228 2446/28/228 2463/28/226
f 2467/28/222 2466/28/224 2464/28/224 2469/28/222
f 2468/28/220 2467/28/222 2469/28/222 2470/28/220
f 2470/28/265 2469/28/267 2471/28/267 2472/28/265
f 2469/28/267 2464/28/269 2462/28/269 2471/28/267
f 2472/28/310 2471/28/314 2473/28/720 2474/28/311
f 2471/28/314 2462/28/318 2460/28/319 2473/28/720
f 2474/28/311 2473/28/720 2475/28/349 2476/28/722
f 2473/28/720 2460/28/319 2458/28/351 2475/28/349
f 2476/28/722 2475/28/349 2477/28/381 2478/28/380
f 2475/28/349 2458/28/351 2456/28/382 2477/28/381
f 2481/28/333 2476/28/722 2478/28/380 2479/28/334
f 2482/28/332 2481/28/333 2479/28/334 2480/28/335
f 2484/28/301 2483/28/307 2481/28/333 2482/28/332
f 2483/28/307 2474/28/311 2476/28/722 2481/28/333
f 2486/28/300 2485/28/719 2483/28/307 2484/28/301
f 2485/28/719 2472/28/310 2474/28/311 2483/28/307
f 2488/28/712 2487/28/714 2485/28/714 2486/28/712
f 2487/28/714 2470/28/265 2472/28/265 2485/28/714
f 2490/28/215 2489/28/218 2487/28/218 2488/28/215
f 2489/28/218 2468/28/220 2470/28/220 2487/28/218
f 2491/28/212 2490/28/215 2488/28/215 2493/28/212
f 2492/28/209 2491/28/212 2493/28/212 2494/28/209
f 2494/28/254 2493/28/1024 2495/28/1024 2496/28/254
f 2493/28/1024 2488/28/712 2486/28/712 2495/28/1024
f 2496/28/289 2495/28/718 2497/28/295 2498/28/271
f 2495/28/718 2486/28/300 2484/28/301 2497/28/295
f 2498/28/271 2497/28/295 2499/28/340 2500/28/272
f 2497/28/295 2484/28/301 2482/28/332 2499/28/340
f 2500/28/272 2499/28/340 2501/28/379 2502/28/378
f 2499/28/340 2482/28/332 2480/28/335 2501/28/379
f 2505/28/273 2500/28/272 2502/28/378 2503/28/377
f 2506/28/723 2505/28/273 2503/28/377 2504/28/376
f 2508/28/1025 2507/28/270 2505/28/273 2506/28/723
f 2507/28/270 2498/28/271 2500/28/272 2505/28/273
f 2510/28/278 2509/28/282 2507/28/270 2508/28/1025
f 2509/28/282 2496/28/289 2498/28/271 2507/28/270
f 2512/28/1013 2511/28/1026 2509/28/1026 2510/28/1013
f 2511/28/1026 2494/28/254 2496/28/254 2509/28/1026
f 2514/28/203 2513/28/204 2511/28/204 2512/28/203
f 2513/28/204 2492/28/209 2494/28/209 2511/28/204
f 2515/28/233 2514/28/203 2512/28/203 2517/28/233
f 2516/28/231 2515/28/233 2517/28/233 2518/28/231
f 2518/28/243 2517/28/709 2519/28/709 2520/28/243
f 2517/28/709 2512/28/1013 2510/28/1013 2519/28/709
f 2520/28/235 2519/28/236 2521/28/237 2522/28/238
f 2519/28/236 2510/28/278 2508/28/1025 2521/28/237
f 2522/28/238 2521/28/237 2523/28/360 2524/28/358
f 2521/28/237 2508/28/1025 2506/28/723 2523/28/360
f 2524/28/358 2523/28/360 2525/28/375 2526/28/374
f 2523/28/360 2506/28/723 2504/28/376 2525/28/375
f 2529/28/356 2524/28/358 2526/28/374 2527/28/373
f 2530/28/354 2529/28/356 2527/28/373 2528/28/372
f 2532/28/325 2531/28/329 2529/28/356 2530/28/354
f 2531/28/329 2522/28/238 2524/28/358 2529/28/356
f 2534/28/324 2533/28/328 2531/28/329 2532/28/325
f 2533/28/328 2520/28/235 2522/28/238 2531/28/329
f 2536/28/202 2535/28/241 2533/28/241 2534/28/202
f 2535/28/241 2518/28/243 2520/28/243 2533/28/241
f 2538/28/227 2537/28/229 2535/28/229 2536/28/227
f 2537/28/229 2516/28/231 2518/28/231 2535/28/229
f 2539/28/225 2538/28/227 2536/28/227 2541/28/225
f 2540/28/223 2539/28/225 2541/28/225 2542/28/223
f 2542/28/268 2541/28/201 2543/28/201 2544/28/268
f 2541/28/201 2536/28/202 2534/28/202 2543/28/201
f 2544/28/316 2543/28/320 2545/28/321 2546/28/317
f 2543/28/320 2534/28/324 2532/28/325 2545/28/321
f 2546/28/317 2545/28/321 2547/28/1018 2548/28/350
f 2545/28/321 2532/28/325 2530/28/354 2547/28/1018
f 2548/28/350 2547/28/1018 2549/28/1023 2550/28/370
f 2547/28/1018 2530/28/354 2528/28/372 2549/28/1023
f 2553/28/348 2548/28/350 2550/28/370 2551/28/369
f 2554/28/345 2553/28/348 2551/28/369 2552/28/368
f 2556/28/309 2555/28/313 2553/28/348 2554/28/345
f 2555/28/313 2546/28/317 2548/28/350 2553/28/348
f 2558/28/1019 2557/28/312 2555/28/313 2556/28/309
f 2557/28/312 2544/28/316 2546/28/317 2555/28/313
f 2560/28/264 2559/28/266 2557/28/266 2558/28/264
f 2559/28/266 2542/28/268 2544/28/268 2557/28/266
f 2562/28/219 2561/28/221 2559/28/221 2560/28/219
f 2561/28/221 2540/28/223 2542/28/223 2559/28/221
f 2563/28/216 2562/28/219 2560/28/219 2565/28/216
f 2564/28/213 2563/28/216 2565/28/216 2566/28/213
f 2566/28/1022 2565/28/1027 2567/28/1027 2568/28/1022
f 2565/28/1027 2560/28/264 2558/28/264 2567/28/1027
f 2568/28/296 2567/28/302 2569/28/1028 2570/28/297
f 2567/28/302 2558/28/1019 2556/28/309 2569/28/1028
f 2570/28/297 2569/28/1028 2571/28/343 2572/28/341
f 2569/28/1028 2556/28/309 2554/28/345 2571/28/343
f 2572/28/341 2571/28/343 2573/28/367 2574/28/366
f 2571/28/343 2554/28/345 2552/28/368 2573/28/367
f 2576/28/336 2572/28/341 2574/28/366 2575/28/365
f 2402/28/337 2576/28/336 2575/28/365 2405/28/364
f 2399/28/285 2577/28/291 2576/28/336 2402/28/337
f 2577/28/291 2570/28/297 2572/28/341 2576/28/336
f 2396/28/284 2578/28/1029 2577/28/291 2399/28/285
f 2578/28/1029 2568/28/296 2570/28/297 2577/28/291
f 2393/28/251 2579/28/1030 2578/28/1030 2396/28/251
f 2579/28/1030 2566/28/1022 2568/28/1022 2578/28/1030
f 2390/28/206 2580/28/210 2579/28/1031 2393/28/206
f 2580/28/210 2564/28/213 2566/28/213 2579/28/1031
f 2581/28/205 2582/28/206 2585/28/206 2584/28/205
f 2582/28/200 2581/28/200 2583/28/200 2609/28/200 2610/28/200 2611/28/200 2612/28/200 2633/28/200 2634/28/200 2635/28/200 2636/28/200 2657/28/200 2658/28/200 2659/28/200 2660/28/200 2681/28/200 2682/28/200 2683/28/200 2684/28/200 2705/28/200 2706/28/200 2707/28/200 2708/28/200 2729/28/200 2730/28/200 2731/28/200 2732/28/200 2753/28/200 2754/28/200 2755/28/200 2756/28/200 2772/28/200
f 2583/28/217 2581/28/205 2584/28/205 2586/28/217
f 2584/28/996 2585/28/251 2588/28/251 2587/28/996
f 2586/28/997 2584/28/996 2587/28/996 2589/28/997
f 2587/28/283 2588/28/284 2591/28/285 2590/28/286
f 2589/28/304 2587/28/283 2590/28/286 2592/28/305
f 2590/28/286 2591/28/285 2594/28/337 2593/28/346
f 2592/28/305 2590/28/286 2593/28/346 2595/28/344
f 2593/28/346 2594/28/337 2597/28/364 2596/28/393
f 2595/28/344 2593/28/346 2596/28/393 2598/28/392
f 2597/28/364 2767/28/365 2766/28/366 2765/28/367 2744/28/368 2743/28/369 2742/28/370 2741/28/371 2720/28/372 2719/28/373 2718/28/374 2717/28/375 2696/28/376 2695/28/377 2694/28/378 2693/28/379 2672/28/335 2671/28/334 2670/28/380 2669/28/381 2648/28/382 2647/28/383 2646/28/384 2645/28/385 2624/28/386 2623/28/998 2622/28/388 2621/28/389 2600/28/390 2599/28/391 2598/28/392 2596/28/393
f 2601/28/342 2595/28/344 2598/28/392 2599/28/391
f 2602/28/338 2601/28/342 2599/28/391 2600/28/390
f 2604/28/293 2603/28/299 2601/28/342 2602/28/338
f 2603/28/299 2592/28/305 2595/28/344 2601/28/342
f 2606/28/292 2605/28/298 2603/28/299 2604/28/293
f 2605/28/298 2589/28/304 2592/28/305 2603/28/299
f 2608/28/256 2607/28/999 2605/28/999 2606/28/256
f 2607/28/999 2586/28/997 2589/28/997 2605/28/999
f 2610/28/211 2609/28/706 2607/28/706 2608/28/211
f 2609/28/706 2583/28/217 2586/28/217 2607/28/706
f 2611/28/208 2610/28/211 2608/28/211 2613/28/208
f 2612/28/207 2611/28/208 2613/28/208 2614/28/207
f 2614/28/248 2613/28/1032 2615/28/1032 2616/28/248
f 2613/28/1032 2608/28/256 2606/28/256 2615/28/1032
f 2616/28/280 2615/28/287 2617/28/1001 2618/28/281
f 2615/28/287 2606/28/292 2604/28/293 2617/28/1001
f 2618/28/281 2617/28/1001 2619/28/339 2620/28/363
f 2617/28/1001 2604/28/293 2602/28/338 2619/28/339
f 2620/28/363 2619/28/339 2621/28/389 2622/28/388
f 2619/28/339 2602/28/338 2600/28/390 2621/28/389
f 2625/28/361 2620/28/363 2622/28/388 2623/28/998
f 2626/28/359 2625/28/361 2623/28/998 2624/28/386
f 2628/28/277 2627/28/276 2625/28/361 2626/28/359
f 2627/28/276 2618/28/281 2620/28/363 2625/28/361
f 2630/28/1002 2629/28/1003 2627/28/276 2628/28/277
f 2629/28/1003 2616/28/280 2618/28/281 2627/28/276
f 2632/28/244 2631/28/246 2629/28/246 2630/28/708
f 2631/28/246 2614/28/248 2616/28/248 2629/28/246
f 2634/28/232 2633/28/234 2631/28/234 2632/28/232
f 2633/28/234 2612/28/207 2614/28/207 2631/28/234
f 2635/28/1004 2634/28/232 2632/28/232 2637/28/1004
f 2636/28/228 2635/28/1004 2637/28/1004 2638/28/228
f 2638/28/240 2637/28/242 2639/28/242 2640/28/240
f 2637/28/242 2632/28/244 2630/28/708 2639/28/242
f 2640/28/1005 2639/28/330 2641/28/1006 2642/28/1007
f 2639/28/330 2630/28/1002 2628/28/277 2641/28/1006
f 2642/28/1007 2641/28/1006 2643/28/357 2644/28/355
f 2641/28/1006 2628/28/277 2626/28/359 2643/28/357
f 2644/28/355 2643/28/357 2645/28/385 2646/28/384
f 2643/28/357 2626/28/359 2624/28/386 2645/28/385
f 2649/28/353 2644/28/355 2646/28/384 2647/28/383
f 2650/28/351 2649/28/353 2647/28/383 2648/28/382
f 2652/28/319 2651/28/323 2649/28/353 2650/28/351
f 2651/28/323 2642/28/1007 2644/28/355 2649/28/353
f 2654/28/318 2653/28/1008 2651/28/323 2652/28/319
f 2653/28/1008 2640/28/1005 2642/28/1007 2651/28/323
f 2656/28/269 2655/28/239 2653/28/239 2654/28/269
f 2655/28/239 2638/28/240 2640/28/240 2653/28/239
f 2658/28/224 2657/28/226 2655/28/226 2656/28/224
f 2657/28/226 2636/28/228 2638/28/228 2655/28/226
f 2659/28/222 2658/28/224 2656/28/224 2661/28/222
f 2660/28/220 2659/28/222 2661/28/222 2662/28/220
f 2662/28/265 2661/28/1009 2663/28/1009 2664/28/265
f 2661/28/1009 2656/28/269 2654/28/269 2663/28/1009
f 2664/28/310 2663/28/314 2665/28/720 2666/28/311
f 2663/28/314 2654/28/318 2652/28/319 2665/28/720
f 2666/28/311 2665/28/720 2667/28/349 2668/28/1011
f 2665/28/720 2652/28/319 2650/28/351 2667/28/349
f 2668/28/1011 2667/28/349 2669/28/381 2670/28/380
f 2667/28/349 2650/28/351 2648/28/382 2669/28/381
f 2673/28/333 2668/28/1011 2670/28/380 2671/28/334
f 2674/28/332 2673/28/333 2671/28/334 2672/28/335
f 2676/28/301 2675/28/307 2673/28/333 2674/28/332
f 2675/28/307 2666/28/311 2668/28/1011 2673/28/333
f 2678/28/300 2677/28/719 2675/28/307 2676/28/301
f 2677/28/719 2664/28/310 2666/28/311 2675/28/307
f 2680/28/712 2679/28/263 2677/28/263 2678/28/712
f 2679/28/263 2662/28/265 2664/28/265 2677/28/263
f 2682/28/215 2681/28/218 2679/28/218 2680/28/215
f 2681/28/218 2660/28/220 2662/28/220 2679/28/218
f 2683/28/212 2682/28/215 2680/28/215 2685/28/212
f 2684/28/209 2683/28/212 2685/28/212 2686/28/209
f 2686/28/254 2685/28/1012 2687/28/1012 2688/28/254
f 2685/28/1012 2680/28/712 2678/28/712 2687/28/1012
f 2688/28/289 2687/28/294 2689/28/295 2690/28/271
f 2687/28/294 2678/28/300 2676/28/301 2689/28/295
f 2690/28/271 2689/28/295 2691/28/340 2692/28/272
f 2689/28/295 2676/28/301 2674/28/332 2691/28/340
f 2692/28/272 2691/28/340 2693/28/379 2694/28/378
f 2691/28/340 2674/28/332 2672/28/335 2693/28/379
f 2697/28/273 2692/28/272 2694/28/378 2695/28/377
f 2698/28/723 2697/28/273 2695/28/377 2696/28/376
f 2700/28/279 2699/28/270 2697/28/273 2698/28/723
f 2699/28/270 2690/28/271 2692/28/272 2697/28/273
f 2702/28/1033 2701/28/716 2699/28/270 2700/28/279
f 2701/28/716 2688/28/289 2690/28/271 2699/28/270
f 2704/28/1013 2703/28/249 2701/28/249 2702/28/1013
f 2703/28/249 2686/28/254 2688/28/254 2701/28/249
f 2706/28/203 2705/28/204 2703/28/204 2704/28/203
f 2705/28/204 2684/28/209 2686/28/209 2703/28/204
f 2707/28/233 2706/28/203 2704/28/203 2709/28/233
f 2708/28/1014 2707/28/233 2709/28/233 2710/28/1014
f 2710/28/243 2709/28/1015 2711/28/1015 2712/28/243
f 2709/28/1015 2704/28/1013 2702/28/1013 2711/28/1015
f 2712/28/235 2711/28/236 2713/28/237 2714/28/238
f 2711/28/236 2702/28/1033 2700/28/279 2713/28/237
f 2714/28/238 2713/28/237 2715/28/360 2716/28/358
f 2713/28/237 2700/28/279 2698/28/723 2715/28/360
f 2716/28/358 2715/28/360 2717/28/375 2718/28/374
f 2715/28/360 2698/28/723 2696/28/376 2717/28/375
f 2721/28/356 2716/28/358 2718/28/374 2719/28/373
f 2722/28/354 2721/28/356 2719/28/373 2720/28/372
f 2724/28/325 2723/28/329 2721/28/356 2722/28/354
f 2723/28/329 2714/28/238 2716/28/358 2721/28/356
f 2726/28/324 2725/28/328 2723/28/329 2724/28/325
f 2725/28/328 2712/28/235 2714/28/238 2723/28/329
f 2728/28/202 2727/28/241 2725/28/241 2726/28/202
f 2727/28/241 2710/28/243 2712/28/243 2725/28/241
f 2730/28/227 2729/28/229 2727/28/229 2728/28/227
f 2729/28/229 2708/28/1014 2710/28/1014 2727/28/229
f 2731/28/225 2730/28/227 2728/28/227 2733/28/225
f 2732/28/223 2731/28/225 2733/28/225 2734/28/223
f 2734/28/1017 2733/28/201 2735/28/201 2736/28/1017
f 2733/28/201 2728/28/202 2726/28/202 2735/28/201
f 2736/28/316 2735/28/320 2737/28/321 2738/28/317
f 2735/28/320 2726/28/324 2724/28/325 2737/28/321
f 2738/28/317 2737/28/321 2739/28/1018 2740/28/350
f 2737/28/321 2724/28/325 2722/28/354 2739/28/1018
f 2740/28/350 2739/28/1018 2741/28/371 2742/28/370
f 2739/28/1018 2722/28/354 2720/28/372 2741/28/371
f 2745/28/348 2740/28/350 2742/28/370 2743/28/369
f 2746/28/345 2745/28/348 2743/28/369 2744/28/368
f 2748/28/309 2747/28/313 2745/28/348 2746/28/345
f 2747/28/313 2738/28/317 2740/28/350 2745/28/348
f 2750/28/1019 2749/28/312 2747/28/313 2748/28/309
f 2749/28/312 2736/28/316 2738/28/317 2747/28/313
f 2752/28/1020 2751/28/266 2749/28/266 2750/28/1020
f 2751/28/266 2734/28/1017 2736/28/1017 2749/28/266
f 2754/28/1021 2753/28/221 2751/28/221 2752/28/1021
f 2753/28/221 2732/28/223 2734/28/223 2751/28/221
f 2755/28/216 2754/28/1021 2752/28/1021 2757/28/216
f 2756/28/213 2755/28/216 2757/28/216 2758/28/213
f 2758/28/1022 2757/28/261 2759/28/261 2760/28/1022
f 2757/28/261 2752/28/1020 2750/28/1020 2759/28/261
f 2760/28/296 2759/28/302 2761/28/303 2762/28/297
f 2759/28/302 2750/28/1019 2748/28/309 2761/28/303
f 2762/28/297 2761/28/303 2763/28/343 2764/28/341
f 2761/28/303 2748/28/309 2746/28/345 2763/28/343
f 2764/28/341 2763/28/343 2765/28/367 2766/28/366
f 2763/28/343 2746/28/345 2744/28/368 2765/28/367
f 2768/28/336 2764/28/341 2766/28/366 2767/28/365
f 2594/28/337 2768/28/336 2767/28/365 2597/28/364
f 2591/28/285 2769/28/291 2768/28/336 2594/28/337
f 2769/28/291 2762/28/297 2764/28/341 2768/28/336
f 2588/28/284 2770/28/290 2769/28/291 2591/28/285
f 2770/28/290 2760/28/296 2762/28/297 2769/28/291
f 2585/28/251 2771/28/255 2770/28/255 2588/28/251
f 2771/28/255 2758/28/1022 2760/28/1022 2770/28/255
f 2582/28/206 2772/28/210 2771/28/210 2585/28/206
f 2772/28/210 2756/28/213 2758/28/213 2771/28/210
f 3349/28/205 3350/28/206 3353/28/206 3352/28/205
f 3350/28/200 3349/28/200 3351/28/200 3377/28/200 3378/28/200 3379/28/200 3380/28/200 3401/28/200 3402/28/200 3403/28/200 3404/28/200 3425/28/200 3426/28/200 3427/28/200 3428/28/200 3449/28/200 3450/28/200 3451/28/200 3452/28/200 3473/28/200 3474/28/200 3475/28/200 3476/28/200 3497/28/200 3498/28/200 3499/28/200 3500/28/200 3521/28/200 3522/28/200 3523/28/200 3524/28/200 3540/28/200
f 3351/28/217 3349/28/205 3352/28/205 3354/28/217
f 3352/28/996 3353/28/251 3356/28/251 3355/28/996
f 3354/28/262 3352/28/996 3355/28/996 3357/28/262
f 3355/28/283 3356/28/284 3359/28/285 3358/28/286
f 3357/28/304 3355/28/283 3358/28/286 3360/28/305
f 3358/28/286 3359/28/285 3362/28/337 3361/28/346
f 3360/28/305 3358/28/286 3361/28/346 3363/28/344
f 3361/28/346 3362/28/337 3365/28/364 3364/28/393
f 3363/28/344 3361/28/346 3364/28/393 3366/28/392
f 3365/28/364 3535/28/365 3534/28/366 3533/28/367 3512/28/368 3511/28/369 3510/28/370 3509/28/1023 3488/28/372 3487/28/373 3486/28/374 3485/28/375 3464/28/376 3463/28/377 3462/28/378 3461/28/379 3440/28/335 3439/28/334 3438/28/380 3437/28/381 3416/28/382 3415/28/383 3414/28/384 3413/28/385 3392/28/386 3391/28/387 3390/28/388 3389/28/389 3368/28/390 3367/28/391 3366/28/392 3364/28/393
f 3369/28/342 3363/28/344 3366/28/392 3367/28/391
f 3370/28/338 3369/28/342 3367/28/391 3368/28/390
f 3372/28/293 3371/28/299 3369/28/342 3370/28/338
f 3371/28/299 3360/28/305 3363/28/344 3369/28/342
f 3374/28/292 3373/28/298 3371/28/299 3372/28/293
f 3373/28/298 3357/28/304 3360/28/305 3371/28/299
f 3376/28/256 3375/28/259 3373/28/259 3374/28/256
f 3375/28/259 3354/28/262 3357/28/262 3373/28/259
f 3378/28/211 3377/28/214 3375/28/214 3376/28/211
f 3377/28/214 3351/28/217 3354/28/217 3375/28/214
f 3379/28/208 3378/28/211 3376/28/211 3381/28/208
f 3380/28/207 3379/28/208 3381/28/208 3382/28/207
f 3382/28/248 3381/28/252 3383/28/1032 3384/28/248
f 3381/28/252 3376/28/256 3374/28/256 3383/28/1032
f 3384/28/280 3383/28/287 3385/28/1001 3386/28/281
f 3383/28/287 3374/28/292 3372/28/293 3385/28/1001
f 3386/28/281 3385/28/1001 3387/28/339 3388/28/363
f 3385/28/1001 3372/28/293 3370/28/338 3387/28/339
f 3388/28/363 3387/28/339 3389/28/389 3390/28/388
f 3387/28/339 3370/28/338 3368/28/390 3389/28/389
f 3393/28/361 3388/28/363 3390/28/388 3391/28/387
f 3394/28/359 3393/28/361 3391/28/387 3392/28/386
f 3396/28/715 3395/28/276 3393/28/361 3394/28/359
f 3395/28/276 3386/28/281 3388/28/363 3393/28/361
f 3398/28/1002 3397/28/1003 3395/28/276 3396/28/715
f 3397/28/1003 3384/28/280 3386/28/281 3395/28/276
f 3400/28/708 3399/28/246 3397/28/246 3398/28/708
f 3399/28/246 3382/28/248 3384/28/248 3397/28/246
f 3402/28/232 3401/28/234 3399/28/234 3400/28/232
f 3401/28/234 3380/28/207 3382/28/207 3399/28/234
f 3403/28/230 3402/28/232 3400/28/232 3405/28/230
f 3404/28/228 3403/28/230 3405/28/230 3406/28/228
f 3406/28/240 3405/28/242 3407/28/242 3408/28/240
f 3405/28/242 3400/28/708 3398/28/708 3407/28/242
f 3408/28/1005 3407/28/330 3409/28/331 3410/28/327
f 3407/28/330 3398/28/1002 3396/28/715 3409/28/331
f 3410/28/327 3409/28/331 3411/28/357 3412/28/355
f 3409/28/331 3396/28/715 3394/28/359 3411/28/357
f 3412/28/355 3411/28/357 3413/28/385 3414/28/384
f 3411/28/357 3394/28/359 3392/28/386 3413/28/385
f 3417/28/353 3412/28/355 3414/28/384 3415/28/383
f 3418/28/351 3417/28/353 3415/28/383 3416/28/382
f 3420/28/319 3419/28/323 3417/28/353 3418/28/351
f 3419/28/323 3410/28/327 3412/28/355 3417/28/353
f 3422/28/318 3421/28/1008 3419/28/323 3420/28/319
f 3421/28/1008 3408/28/1005 3410/28/327 3419/28/323
f 3424/28/269 3423/28/239 3421/28/239 3422/28/269
f 3423/28/239 3406/28/240 3408/28/240 3421/28/239
f 3426/28/224 3425/28/226 3423/28/226 3424/28/224
f 3425/28/226 3404/28/228 3406/28/228 3423/28/226
f 3427/28/222 3426/28/224 3424/28/224 3429/28/222
f 3428/28/220 3427/28/222 3429/28/222 3430/28/220
f 3430/28/265 3429/28/267 3431/28/267 3432/28/265
f 3429/28/267 3424/28/269 3422/28/269 3431/28/267
f 3432/28/310 3431/28/314 3433/28/720 3434/28/311
f 3431/28/314 3422/28/318 3420/28/319 3433/28/720
f 3434/28/311 3433/28/720 3435/28/349 3436/28/347
f 3433/28/720 3420/28/319 3418/28/351 3435/28/349
f 3436/28/347 3435/28/349 3437/28/381 3438/28/380
f 3435/28/349 3418/28/351 3416/28/382 3437/28/381
f 3441/28/333 3436/28/347 3438/28/380 3439/28/334
f 3442/28/332 3441/28/333 3439/28/334 3440/28/335
f 3444/28/301 3443/28/307 3441/28/333 3442/28/332
f 3443/28/307 3434/28/311 3436/28/347 3441/28/333
f 3446/28/300 3445/28/719 3443/28/307 3444/28/301
f 3445/28/719 3432/28/310 3434/28/311 3443/28/307
f 3448/28/260 3447/28/263 3445/28/263 3446/28/260
f 3447/28/263 3430/28/265 3432/28/265 3445/28/263
f 3450/28/215 3449/28/218 3447/28/218 3448/28/215
f 3449/28/218 3428/28/220 3430/28/220 3447/28/218
f 3451/28/212 3450/28/215 3448/28/215 3453/28/212
f 3452/28/209 3451/28/212 3453/28/212 3454/28/209
f 3454/28/254 3453/28/1024 3455/28/1024 3456/28/254
f 3453/28/1024 3448/28/260 3446/28/260 3455/28/1024
f 3456/28/289 3455/28/294 3457/28/295 3458/28/271
f 3455/28/294 3446/28/300 3444/28/301 3457/28/295
f 3458/28/271 3457/28/295 3459/28/340 3460/28/272
f 3457/28/295 3444/28/301 3442/28/332 3459/28/340
f 3460/28/272 3459/28/340 3461/28/379 3462/28/378
f 3459/28/340 3442/28/332 3440/28/335 3461/28/379
f 3465/28/273 3460/28/272 3462/28/378 3463/28/377
f 3466/28/362 3465/28/273 3463/28/377 3464/28/376
f 3468/28/1025 3467/28/270 3465/28/273 3466/28/362
f 3467/28/270 3458/28/271 3460/28/272 3465/28/273
f 3470/28/278 3469/28/282 3467/28/270 3468/28/1025
f 3469/28/282 3456/28/289 3458/28/271 3467/28/270
f 3472/28/1013 3471/28/249 3469/28/249 3470/28/1013
f 3471/28/249 3454/28/254 3456/28/254 3469/28/249
f 3474/28/203 3473/28/204 3471/28/204 3472/28/203
f 3473/28/204 3452/28/209 3454/28/209 3471/28/204
f 3475/28/233 3474/28/203 3472/28/203 3477/28/233
f 3476/28/231 3475/28/233 3477/28/233 3478/28/231
f 3478/28/243 3477/28/709 3479/28/709 3480/28/243
f 3477/28/709 3472/28/1013 3470/28/1013 3479/28/709
f 3480/28/235 3479/28/236 3481/28/1048 3482/28/238
f 3479/28/236 3470/28/278 3468/28/1025 3481/28/1048
f 3482/28/238 3481/28/1048 3483/28/360 3484/28/358
f 3481/28/1048 3468/28/1025 3466/28/362 3483/28/360
f 3484/28/358 3483/28/360 3485/28/375 3486/28/374
f 3483/28/360 3466/28/362 3464/28/376 3485/28/375
f 3489/28/356 3484/28/358 3486/28/374 3487/28/373
f 3490/28/354 3489/28/356 3487/28/373 3488/28/372
f 3492/28/325 3491/28/329 3489/28/356 3490/28/354
f 3491/28/329 3482/28/238 3484/28/358 3489/28/356
f 3494/28/324 3493/28/328 3491/28/329 3492/28/325
f 3493/28/328 3480/28/235 3482/28/238 3491/28/329
f 3496/28/202 3495/28/241 3493/28/241 3494/28/202
f 3495/28/241 3478/28/243 3480/28/243 3493/28/241
f 3498/28/227 3497/28/229 3495/28/229 3496/28/227
f 3497/28/229 3476/28/231 3478/28/231 3495/28/229
f 3499/28/225 3498/28/227 3496/28/227 3501/28/225
f 3500/28/223 3499/28/225 3501/28/225 3502/28/223
f 3502/28/268 3501/28/201 3503/28/201 3504/28/268
f 3501/28/201 3496/28/202 3494/28/202 3503/28/201
f 3504/28/316 3503/28/320 3505/28/321 3506/28/317
f 3503/28/320 3494/28/324 3492/28/325 3505/28/321
f 3506/28/317 3505/28/321 3507/28/1018 3508/28/350
f 3505/28/321 3492/28/325 3490/28/354 3507/28/1018
f 3508/28/350 3507/28/1018 3509/28/1023 3510/28/370
f 3507/28/1018 3490/28/354 3488/28/372 3509/28/1023
f 3513/28/348 3508/28/350 3510/28/370 3511/28/369
f 3514/28/345 3513/28/348 3511/28/369 3512/28/368
f 3516/28/309 3515/28/313 3513/28/348 3514/28/345
f 3515/28/313 3506/28/317 3508/28/350 3513/28/348
f 3518/28/308 3517/28/312 3515/28/313 3516/28/309
f 3517/28/312 3504/28/316 3506/28/317 3515/28/313
f 3520/28/264 3519/28/266 3517/28/266 3518/28/264
f 3519/28/266 3502/28/268 3504/28/268 3517/28/266
f 3522/28/219 3521/28/221 3519/28/221 3520/28/219
f 3521/28/221 3500/28/223 3502/28/223 3519/28/221
f 3523/28/216 3522/28/219 3520/28/219 3525/28/216
f 3524/28/213 3523/28/216 3525/28/216 3526/28/213
f 3526/28/1022 3525/28/1049 3527/28/1049 3528/28/1022
f 3525/28/1049 3520/28/264 3518/28/264 3527/28/1049
f 3528/28/296 3527/28/302 3529/28/1028 3530/28/297
f 3527/28/302 3518/28/308 3516/28/309 3529/28/1028
f 3530/28/297 3529/28/1028 3531/28/343 3532/28/341
f 3529/28/1028 3516/28/309 3514/28/345 3531/28/343
f 3532/28/341 3531/28/343 3533/28/367 3534/28/366
f 3531/28/343 3514/28/345 3512/28/368 3533/28/367
f 3536/28/336 3532/28/341 3534/28/366 3535/28/365
f 3362/28/337 3536/28/336 3535/28/365 3365/28/364
f 3359/28/285 3537/28/291 3536/28/336 3362/28/337
f 3537/28/291 3530/28/297 3532/28/341 3536/28/336
f 3356/28/284 3538/28/1029 3537/28/291 3359/28/285
f 3538/28/1029 3528/28/296 3530/28/297 3537/28/291
f 3353/28/251 3539/28/1030 3538/28/1030 3356/28/251
f 3539/28/1030 3526/28/1022 3528/28/1022 3538/28/1030
f 3350/28/206 3540/28/210 3539/28/210 3353/28/206
f 3540/28/210 3524/28/213 3526/28/213 3539/28/210
f 3541/28/205 3542/28/206 3545/28/206 3544/28/205
f 3542/28/200 3541/28/200 3543/28/200 3569/28/200 3570/28/200 3571/28/200 3572/28/200 3593/28/200 3594/28/200 3595/28/200 3596/28/200 3617/28/200 3618/28/200 3619/28/200 3620/28/200 3641/28/200 3642/28/200 3643/28/200 3644/28/200 3665/28/200 3666/28/200 3667/28/200 3668/28/200 3689/28/200 3690/28/200 3691/28/200 3692/28/200 3713/28/200 3714/28/200 3715/28/200 3716/28/200 3732/28/200
f 3543/28/217 3541/28/205 3544/28/205 3546/28/217
f 3544/28/1050 3545/28/251 3548/28/251 3547/28/1050
f 3546/28/262 3544/28/1050 3547/28/1050 3549/28/262
f 3547/28/717 3548/28/284 3551/28/1051 3550/28/286
f 3549/28/304 3547/28/717 3550/28/286 3552/28/305
f 3550/28/286 3551/28/1051 3554/28/337 3553/28/346
f 3552/28/305 3550/28/286 3553/28/346 3555/28/344
f 3553/28/346 3554/28/337 3557/28/364 3556/28/393
f 3555/28/344 3553/28/346 3556/28/393 3558/28/392
f 3557/28/364 3727/28/365 3726/28/366 3725/28/367 3704/28/368 3703/28/369 3702/28/370 3701/28/371 3680/28/372 3679/28/373 3678/28/374 3677/28/375 3656/28/376 3655/28/377 3654/28/378 3653/28/379 3632/28/335 3631/28/334 3630/28/380 3629/28/1052 3608/28/382 3607/28/1035 3606/28/384 3605/28/385 3584/28/386 3583/28/998 3582/28/388 3581/28/1053 3560/28/390 3559/28/391 3558/28/392 3556/28/393
f 3561/28/342 3555/28/344 3558/28/392 3559/28/391
f 3562/28/338 3561/28/342 3559/28/391 3560/28/390
f 3564/28/293 3563/28/299 3561/28/342 3562/28/338
f 3563/28/299 3552/28/305 3555/28/344 3561/28/342
f 3566/28/292 3565/28/298 3563/28/299 3564/28/293
f 3565/28/298 3549/28/304 3552/28/305 3563/28/299
f 3568/28/256 3567/28/259 3565/28/259 3566/28/256
f 3567/28/259 3546/28/262 3549/28/262 3565/28/259
f 3570/28/211 3569/28/214 3567/28/214 3568/28/211
f 3569/28/214 3543/28/217 3546/28/217 3567/28/214
f 3571/28/208 3570/28/211 3568/28/211 3573/28/208
f 3572/28/207 3571/28/208 3573/28/208 3574/28/207
f 3574/28/248 3573/28/1032 3575/28/1032 3576/28/248
f 3573/28/1032 3568/28/256 3566/28/256 3575/28/1032
f 3576/28/280 3575/28/287 3577/28/1039 3578/28/281
f 3575/28/287 3566/28/292 3564/28/293 3577/28/1039
f 3578/28/281 3577/28/1039 3579/28/339 3580/28/363
f 3577/28/1039 3564/28/293 3562/28/338 3579/28/339
f 3580/28/363 3579/28/339 3581/28/1053 3582/28/388
f 3579/28/339 3562/28/338 3560/28/390 3581/28/1053
f 3585/28/361 3580/28/363 3582/28/388 3583/28/998
f 3586/28/359 3585/28/361 3583/28/998 3584/28/386
f 3588/28/715 3587/28/276 3585/28/361 3586/28/359
f 3587/28/276 3578/28/281 3580/28/363 3585/28/361
f 3590/28/1002 3589/28/1003 3587/28/276 3588/28/715
f 3589/28/1003 3576/28/280 3578/28/281 3587/28/276
f 3592/28/244 3591/28/1042 3589/28/1042 3590/28/244
f 3591/28/1042 3574/28/248 3576/28/248 3589/28/1042
f 3594/28/232 3593/28/234 3591/28/234 3592/28/232
f 3593/28/234 3572/28/207 3574/28/207 3591/28/234
f 3595/28/230 3594/28/232 3592/28/232 3597/28/230
f 3596/28/228 3595/28/230 3597/28/230 3598/28/228
f 3598/28/240 3597/28/242 3599/28/242 3600/28/240
f 3597/28/242 3592/28/244 3590/28/244 3599/28/242
f 3600/28/1005 3599/28/330 3601/28/331 3602/28/327
f 3599/28/330 3590/28/1002 3588/28/715 3601/28/331
f 3602/28/327 3601/28/331 3603/28/357 3604/28/355
f 3601/28/331 3588/28/715 3586/28/359 3603/28/357
f 3604/28/355 3603/28/357 3605/28/385 3606/28/384
f 3603/28/357 3586/28/359 3584/28/386 3605/28/385
f 3609/28/353 3604/28/355 3606/28/384 3607/28/1035
f 3610/28/351 3609/28/353 3607/28/1035 3608/28/382
f 3612/28/319 3611/28/323 3609/28/353 3610/28/351
f 3611/28/323 3602/28/327 3604/28/355 3609/28/353
f 3614/28/318 3613/28/1008 3611/28/323 3612/28/319
f 3613/28/1008 3600/28/1005 3602/28/327 3611/28/323
f 3616/28/269 3615/28/239 3613/28/239 3614/28/269
f 3615/28/239 3598/28/240 3600/28/240 3613/28/239
f 3618/28/224 3617/28/226 3615/28/226 3616/28/224
f 3617/28/226 3596/28/228 3598/28/228 3615/28/226
f 3619/28/222 3618/28/224 3616/28/224 3621/28/222
f 3620/28/220 3619/28/222 3621/28/222 3622/28/220
f 3622/28/265 3621/28/267 3623/28/267 3624/28/265
f 3621/28/267 3616/28/269 3614/28/269 3623/28/267
f 3624/28/1010 3623/28/314 3625/28/1054 3626/28/311
f 3623/28/314 3614/28/318 3612/28/319 3625/28/1054
f 3626/28/311 3625/28/1054 3627/28/349 3628/28/1011
f 3625/28/1054 3612/28/319 3610/28/351 3627/28/349
f 3628/28/1011 3627/28/349 3629/28/1052 3630/28/380
f 3627/28/349 3610/28/351 3608/28/382 3629/28/1052
f 3633/28/333 3628/28/1011 3630/28/380 3631/28/334
f 3634/28/332 3633/28/333 3631/28/334 3632/28/335
f 3636/28/301 3635/28/307 3633/28/333 3634/28/332
f 3635/28/307 3626/28/311 3628/28/1011 3633/28/333
f 3638/28/300 3637/28/719 3635/28/307 3636/28/301
f 3637/28/719 3624/28/1010 3626/28/311 3635/28/307
f 3640/28/260 3639/28/714 3637/28/714 3638/28/260
f 3639/28/714 3622/28/265 3624/28/265 3637/28/714
f 3642/28/215 3641/28/218 3639/28/218 3640/28/215
f 3641/28/218 3620/28/220 3622/28/220 3639/28/218
f 3643/28/212 3642/28/215 3640/28/215 3645/28/212
f 3644/28/209 3643/28/212 3645/28/212 3646/28/209
f 3646/28/254 3645/28/1024 3647/28/1024 3648/28/254
f 3645/28/1024 3640/28/260 3638/28/260 3647/28/1024
f 3648/28/289 3647/28/294 3649/28/295 3650/28/271
f 3647/28/294 3638/28/300 3636/28/301 3649/28/295
f 3650/28/271 3649/28/295 3651/28/340 3652/28/272
f 3649/28/295 3636/28/301 3634/28/332 3651/28/340
f 3652/28/272 3651/28/340 3653/28/379 3654/28/378
f 3651/28/340 3634/28/332 3632/28/335 3653/28/379
f 3657/28/273 3652/28/272 3654/28/378 3655/28/377
f 3658/28/723 3657/28/273 3655/28/377 3656/28/376
f 3660/28/279 3659/28/270 3657/28/273 3658/28/723
f 3659/28/270 3650/28/271 3652/28/272 3657/28/273
f 3662/28/1033 3661/28/716 3659/28/270 3660/28/279
f 3661/28/716 3648/28/289 3650/28/271 3659/28/270
f 3664/28/1013 3663/28/249 3661/28/249 3662/28/1013
f 3663/28/249 3646/28/254 3648/28/254 3661/28/249
f 3666/28/203 3665/28/204 3663/28/204 3664/28/203
f 3665/28/204 3644/28/209 3646/28/209 3663/28/204
f 3667/28/233 3666/28/203 3664/28/203 3669/28/233
f 3668/28/231 3667/28/233 3669/28/233 3670/28/231
f 3670/28/243 3669/28/1015 3671/28/1045 3672/28/243
f 3669/28/1015 3664/28/1013 3662/28/1013 3671/28/1045
f 3672/28/235 3671/28/236 3673/28/1048 3674/28/238
f 3671/28/236 3662/28/1033 3660/28/279 3673/28/1048
f 3674/28/238 3673/28/1048 3675/28/360 3676/28/358
f 3673/28/1048 3660/28/279 3658/28/723 3675/28/360
f 3676/28/358 3675/28/360 3677/28/375 3678/28/374
f 3675/28/360 3658/28/723 3656/28/376 3677/28/375
f 3681/28/356 3676/28/358 3678/28/374 3679/28/373
f 3682/28/354 3681/28/356 3679/28/373 3680/28/372
f 3684/28/325 3683/28/329 3681/28/356 3682/28/354
f 3683/28/329 3674/28/238 3676/28/358 3681/28/356
f 3686/28/324 3685/28/1046 3683/28/329 3684/28/325
f 3685/28/1046 3672/28/235 3674/28/238 3683/28/329
f 3688/28/202 3687/28/241 3685/28/241 3686/28/202
f 3687/28/241 3670/28/243 3672/28/243 3685/28/241
f 3690/28/227 3689/28/229 3687/28/229 3688/28/227
f 3689/28/229 3668/28/231 3670/28/231 3687/28/229
f 3691/28/225 3690/28/227 3688/28/227 3693/28/225
f 3692/28/223 3691/28/225 3693/28/225 3694/28/223
f 3694/28/1017 3693/28/201 3695/28/201 3696/28/1017
f 3693/28/201 3688/28/202 3686/28/202 3695/28/201
f 3696/28/316 3695/28/320 3697/28/321 3698/28/317
f 3695/28/320 3686/28/324 3684/28/325 3697/28/321
f 3698/28/317 3697/28/321 3699/28/1018 3700/28/350
f 3697/28/321 3684/28/325 3682/28/354 3699/28/1018
f 3700/28/350 3699/28/1018 3701/28/371 3702/28/370
f 3699/28/1018 3682/28/354 3680/28/372 3701/28/371
f 3705/28/348 3700/28/350 3702/28/370 3703/28/369
f 3706/28/345 3705/28/348 3703/28/369 3704/28/368
f 3708/28/309 3707/28/313 3705/28/348 3706/28/345
f 3707/28/313 3698/28/317 3700/28/350 3705/28/348
f 3710/28/308 3709/28/1047 3707/28/313 3708/28/309
f 3709/28/1047 3696/28/316 3698/28/317 3707/28/313
f 3712/28/264 3711/28/266 3709/28/266 3710/28/264
f 3711/28/266 3694/28/1017 3696/28/1017 3709/28/266
f 3714/28/219 3713/28/221 3711/28/221 3712/28/219
f 3713/28/221 3692/28/223 3694/28/223 3711/28/221
f 3715/28/216 3714/28/219 3712/28/219 3717/28/216
f 3716/28/213 3715/28/216 3717/28/216 3718/28/213
f 3718/28/1022 3717/28/261 3719/28/261 3720/28/1022
f 3717/28/261 3712/28/264 3710/28/264 3719/28/261
f 3720/28/296 3719/28/302 3721/28/1028 3722/28/297
f 3719/28/302 3710/28/308 3708/28/309 3721/28/1028
f 3722/28/297 3721/28/1028 3723/28/343 3724/28/341
f 3721/28/1028 3708/28/309 3706/28/345 3723/28/343
f 3724/28/341 3723/28/343 3725/28/367 3726/28/366
f 3723/28/343 3706/28/345 3704/28/368 3725/28/367
f 3728/28/336 3724/28/341 3726/28/366 3727/28/365
f 3554/28/337 3728/28/336 3727/28/365 3557/28/364
f 3551/28/1051 3729/28/291 3728/28/336 3554/28/337
f 3729/28/291 3722/28/297 3724/28/341 3728/28/336
f 3548/28/284 3730/28/290 3729/28/291 3551/28/1051
f 3730/28/290 3720/28/296 3722/28/297 3729/28/291
f 3545/28/251 3731/28/255 3730/28/1030 3548/28/251
f 3731/28/255 3718/28/1022 3720/28/1022 3730/28/1030
f 3542/28/206 3732/28/210 3731/28/210 3545/28/206
f 3732/28/210 3716/28/213 3718/28/213 3731/28/210
usemtl Metal
f 217/128/4 282/129/4 281/130/100 219/131/100
f 219/131/100 281/130/100 283/132/101 221/133/101
f 221/133/101 283/132/101 284/134/102 223/135/102
f 223/135/102 284/134/102 285/136/103 225/2/103
f 225/2/103 285/136/103 286/137/104 227/138/104
f 227/138/104 286/137/104 287/139/105 229/140/105
f 229/140/105 287/139/105 288/141/106 231/142/106
f 231/142/106 288/141/106 289/143/8 233/144/8
f 233/144/8 289/143/8 290/145/107 235/146/107
f 235/146/107 290/145/107 291/147/108 237/148/108
f 237/148/108 291/147/108 292/149/109 239/150/109
f 239/150/109 292/149/109 293/6/110 241/151/110
f 241/151/110 293/6/110 294/152/111 243/153/111
f 243/153/111 294/152/111 295/154/112 245/155/112
f 245/155/112 295/154/112 296/156/113 247/157/113
f 247/157/113 296/156/113 297/158/2 249/159/2
f 249/159/2 297/158/2 298/160/114 251/161/114
f 251/161/114 298/160/114 299/162/115 253/163/115
f 253/163/115 299/162/115 300/164/116 255/165/116
f 255/165/116 300/164/116 301/22/117 257/13/117
f 257/13/117 301/22/117 302/166/118 259/167/118
f 259/167/118 302/166/118 303/168/119 261/169/119
f 261/169/119 303/168/119 304/170/120 263/171/120
f 263/171/120 304/170/120 305/172/1 265/173/1
f 265/173/1 305/172/1 306/174/121 267/175/121
f 267/175/121 306/174/121 307/176/122 269/177/122
f 269/177/122 307/176/122 308/178/123 271/179/123
f 271/179/123 308/178/123 309/180/124 273/23/124
f 273/23/124 309/180/124 310/181/125 275/182/125
f 275/182/125 310/181/125 311/183/126 277/184/126
f 258/185/117 256/186/116 364/186/127 365/185/128
f 277/184/126 311/183/126 312/187/129 279/188/129
f 279/188/129 312/187/129 282/189/4 217/190/4
f 217/191/3 219/192/3 221/193/3 223/194/3 225/195/3 227/196/3 229/197/3 231/198/3 233/199/3 235/200/3 237/201/3 239/202/3 241/203/3 243/204/3 245/205/3 247/206/3 249/207/3 251/208/3 253/209/3 255/210/3 257/211/3 259/212/3 261/213/3 263/214/3 265/215/3 267/216/3 269/217/3 271/218/3 273/219/3 275/220/3 277/221/3 279/222/3
f 314/223/7 313/224/7 281/225/7 282/226/7
f 313/224/7 315/227/7 283/228/7 281/225/7
f 315/227/7 316/229/7 284/230/7 283/228/7
f 316/229/7 317/231/7 285/232/7 284/230/7
f 317/231/7 318/233/7 286/234/7 285/232/7
f 318/233/7 319/235/7 287/236/7 286/234/7
f 319/235/7 320/237/7 288/238/7 287/236/7
f 320/237/7 321/239/7 289/240/7 288/238/7
f 321/239/7 322/241/7 290/242/7 289/240/7
f 322/241/7 323/243/7 291/244/7 290/242/7
f 323/243/7 324/245/7 292/246/7 291/244/7
f 324/245/7 325/247/7 293/248/7 292/246/7
f 325/247/7 326/249/7 294/250/7 293/248/7
f 326/249/7 327/251/7 295/252/7 294/250/7
f 327/251/7 328/253/7 296/254/7 295/252/7
f 328/253/7 329/255/7 297/256/7 296/254/7
f 329/255/7 330/257/7 298/258/7 297/256/7
f 330/257/7 331/259/7 299/260/7 298/258/7
f 331/259/7 332/261/7 300/262/7 299/260/7
f 332/261/7 333/263/7 301/264/7 300/262/7
f 333/263/7 334/265/7 302/266/7 301/264/7
f 334/265/7 335/267/7 303/268/7 302/266/7
f 335/267/7 336/269/7 304/270/7 303/268/7
f 336/269/7 337/271/7 305/272/7 304/270/7
f 337/271/7 338/273/7 306/274/7 305/272/7
f 338/273/7 339/275/7 307/276/7 306/274/7
f 339/275/7 340/277/7 308/278/7 307/276/7
f 340/277/7 341/279/7 309/280/7 308/278/7
f 341/279/7 342/281/7 310/282/7 309/280/7
f 342/281/7 343/283/7 311/284/7 310/282/7
f 343/283/7 344/285/7 312/286/7 311/284/7
f 344/285/7 314/223/7 282/226/7 312/286/7
f 331/259/101 330/257/100 426/257/100 427/259/101
f 228/287/104 230/288/130 447/288/130 446/287/104
f 280/289/129 218/290/4 442/290/4 472/289/129
f 330/257/100 329/255/4 425/255/4 426/257/100
f 226/291/103 228/287/104 446/287/104 445/291/103
f 278/292/126 280/289/129 472/289/129 471/292/126
f 329/255/4 328/253/129 424/253/129 425/255/4
f 224/293/102 226/291/103 445/291/103 444/293/102
f 276/294/131 278/292/126 471/292/126 470/294/131
f 328/253/129 327/251/126 423/251/126 424/253/129
f 222/295/101 224/293/102 444/293/102 443/295/101
f 274/296/124 276/294/131 470/294/131 469/296/124
f 327/251/126 326/249/132 422/249/132 423/251/126
f 220/297/100 222/295/101 443/295/101 441/297/100
f 272/298/133 274/296/124 469/296/124 468/298/133
f 326/249/132 325/247/124 421/247/124 422/249/132
f 218/290/4 220/297/100 441/297/100 442/290/4
f 270/299/122 272/298/133 468/298/133 467/299/122
f 325/247/124 324/245/134 420/245/134 421/247/124
f 268/300/121 270/299/122 467/299/122 466/300/121
f 324/245/134 323/243/122 419/243/122 420/245/134
f 266/301/1 268/300/121 466/300/121 465/301/1
f 323/243/122 322/241/121 418/241/121 419/243/122
f 264/302/120 266/301/1 465/301/1 464/302/120
f 322/241/121 321/239/1 417/239/1 418/241/121
f 262/303/119 264/302/120 464/302/120 463/303/119
f 321/239/1 320/237/120 416/237/120 417/239/1
f 260/304/118 262/303/119 463/303/119 462/304/118
f 320/237/120 319/235/119 415/235/119 416/237/120
f 258/185/117 260/304/118 462/304/118 461/185/117
f 319/235/119 318/233/118 414/233/118 415/235/119
f 314/223/2 344/285/113 440/285/113 410/223/2
f 368/302/135 367/303/136 399/303/137 400/302/138
f 232/305/106 230/288/130 351/288/139 352/305/140
f 260/304/118 258/185/117 365/185/128 366/304/141
f 234/306/8 232/305/106 352/305/140 353/306/142
f 262/303/119 260/304/118 366/304/141 367/303/136
f 236/307/107 234/306/8 353/306/142 354/307/143
f 264/302/120 262/303/119 367/303/136 368/302/135
f 238/308/144 236/307/107 354/307/143 355/308/145
f 266/301/1 264/302/120 368/302/135 369/301/146
f 240/309/109 238/308/144 355/308/145 356/309/147
f 268/300/121 266/301/1 369/301/146 370/300/148
f 242/310/110 240/309/109 356/309/147 357/310/149
f 270/299/122 268/300/121 370/300/148 371/299/150
f 244/311/111 242/310/110 357/310/149 358/311/151
f 272/298/133 270/299/122 371/299/150 372/298/152
f 246/312/112 244/311/111 358/311/151 359/312/153
f 220/297/100 218/290/4 346/290/154 345/297/155
f 274/296/124 272/298/133 372/298/152 373/296/156
f 248/313/113 246/312/112 359/312/153 360/313/157
f 222/295/101 220/297/100 345/297/155 347/295/158
f 276/294/131 274/296/124 373/296/156 374/294/159
f 250/314/2 248/313/113 360/313/157 361/314/160
f 224/293/102 222/295/101 347/295/158 348/293/161
f 278/292/126 276/294/131 374/294/159 375/292/162
f 252/315/114 250/314/2 361/314/160 362/315/163
f 226/291/103 224/293/102 348/293/161 349/291/164
f 280/289/129 278/292/126 375/292/162 376/289/165
f 254/316/115 252/315/114 362/315/163 363/316/166
f 228/287/104 226/291/103 349/291/164 350/287/167
f 218/290/4 280/289/129 376/289/165 346/290/154
f 256/186/116 254/316/115 363/316/166 364/186/127
f 230/288/130 228/287/104 350/287/167 351/288/139
f 377/297/7 378/290/7 408/289/7 407/292/7 406/294/7 405/296/7 404/298/7 403/299/7 402/300/7 401/301/7 400/302/7 399/303/7 398/304/7 397/185/7 396/186/7 395/316/7 394/315/7 393/314/7 392/313/7 391/312/7 390/311/7 389/310/7 388/309/7 387/308/7 386/307/7 385/306/7 384/305/7 383/288/7 382/287/7 381/291/7 380/293/7 379/295/7
f 355/308/145 354/307/143 386/307/168 387/308/169
f 369/301/146 368/302/135 400/302/138 401/301/170
f 356/309/147 355/308/145 387/308/169 388/309/171
f 370/300/148 369/301/146 401/301/170 402/300/172
f 357/310/149 356/309/147 388/309/171 389/310/173
f 371/299/150 370/300/148 402/300/172 403/299/174
f 358/311/151 357/310/149 389/310/173 390/311/175
f 372/298/152 371/299/150 403/299/174 404/298/176
f 359/312/153 358/311/151 390/311/175 391/312/177
f 345/297/155 346/290/154 378/290/178 377/297/179
f 373/296/156 372/298/152 404/298/176 405/296/180
f 360/313/157 359/312/153 391/312/177 392/313/181
f 347/295/158 345/297/155 377/297/179 379/295/182
f 374/294/159 373/296/156 405/296/180 406/294/183
f 361/314/160 360/313/157 392/313/181 393/314/184
f 348/293/161 347/295/158 379/295/182 380/293/185
f 375/292/162 374/294/159 406/294/183 407/292/186
f 362/315/163 361/314/160 393/314/184 394/315/187
f 349/291/164 348/293/161 380/293/185 381/291/188
f 376/289/165 375/292/162 407/292/186 408/289/189
f 363/316/166 362/315/163 394/315/187 395/316/190
f 350/287/167 349/291/164 381/291/188 382/287/191
f 346/290/154 376/289/165 408/289/189 378/290/178
f 364/186/127 363/316/166 395/316/190 396/186/192
f 351/288/139 350/287/167 382/287/191 383/288/193
f 365/185/128 364/186/127 396/186/192 397/185/194
f 352/305/140 351/288/139 383/288/193 384/305/195
f 366/304/141 365/185/128 397/185/194 398/304/196
f 353/306/142 352/305/140 384/305/195 385/306/197
f 367/303/136 366/304/141 398/304/196 399/303/137
f 354/307/143 353/306/142 385/306/197 386/307/168
f 442/290/7 441/297/7 409/224/7 410/223/7
f 441/297/7 443/295/7 411/227/7 409/224/7
f 443/295/7 444/293/7 412/229/7 411/227/7
f 444/293/7 445/291/7 413/231/7 412/229/7
f 445/291/7 446/287/7 414/233/7 413/231/7
f 446/287/7 447/288/7 415/235/7 414/233/7
f 447/288/7 448/305/7 416/237/7 415/235/7
f 448/305/7 449/306/7 417/239/7 416/237/7
f 449/306/7 450/307/7 418/241/7 417/239/7
f 450/307/7 451/308/7 419/243/7 418/241/7
f 451/308/7 452/309/7 420/245/7 419/243/7
f 452/309/7 453/310/7 421/247/7 420/245/7
f 453/310/7 454/311/7 422/249/7 421/247/7
f 454/311/7 455/312/7 423/251/7 422/249/7
f 455/312/7 456/313/7 424/253/7 423/251/7
f 456/313/7 457/314/7 425/255/7 424/253/7
f 457/314/7 458/315/7 426/257/7 425/255/7
f 458/315/7 459/316/7 427/259/7 426/257/7
f 459/316/7 460/186/7 428/261/7 427/259/7
f 460/186/7 461/185/7 429/263/7 428/261/7
f 461/185/7 462/304/7 430/265/7 429/263/7
f 462/304/7 463/303/7 431/267/7 430/265/7
f 463/303/7 464/302/7 432/269/7 431/267/7
f 464/302/7 465/301/7 433/271/7 432/269/7
f 465/301/7 466/300/7 434/273/7 433/271/7
f 466/300/7 467/299/7 435/275/7 434/273/7
f 467/299/7 468/298/7 436/277/7 435/275/7
f 468/298/7 469/296/7 437/279/7 436/277/7
f 469/296/7 470/294/7 438/281/7 437/279/7
f 470/294/7 471/292/7 439/283/7 438/281/7
f 471/292/7 472/289/7 440/285/7 439/283/7
f 472/289/7 442/290/7 410/223/7 440/285/7
f 230/288/130 232/305/106 448/305/106 447/288/130
f 332/261/102 331/259/101 427/259/101 428/261/102
f 232/305/106 234/306/8 449/306/8 448/305/106
f 333/263/103 332/261/102 428/261/102 429/263/103
f 234/306/8 236/307/107 450/307/107 449/306/8
f 334/265/104 333/263/103 429/263/103 430/265/104
f 236/307/107 238/308/144 451/308/144 450/307/107
f 335/267/105 334/265/104 430/265/104 431/267/105
f 238/308/144 240/309/109 452/309/198 451/308/144
f 336/269/106 335/267/105 431/267/105 432/269/106
f 240/309/109 242/310/110 453/310/110 452/309/198
f 337/271/8 336/269/106 432/269/106 433/271/8
f 242/310/110 244/311/111 454/311/111 453/310/110
f 338/273/107 337/271/8 433/271/8 434/273/107
f 244/311/111 246/312/112 455/312/112 454/311/111
f 339/275/108 338/273/107 434/273/107 435/275/108
f 246/312/112 248/313/113 456/313/113 455/312/112
f 340/277/109 339/275/108 435/275/108 436/277/109
f 313/224/114 314/223/2 410/223/2 409/224/114
f 248/313/113 250/314/2 457/314/2 456/313/113
f 341/279/110 340/277/109 436/277/109 437/279/110
f 315/227/115 313/224/114 409/224/114 411/227/115
f 250/314/2 252/315/114 458/315/114 457/314/2
f 342/281/111 341/279/110 437/279/110 438/281/111
f 316/229/116 315/227/115 411/227/115 412/229/116
f 252/315/114 254/316/115 459/316/115 458/315/114
f 343/283/112 342/281/111 438/281/111 439/283/112
f 317/231/117 316/229/116 412/229/116 413/231/117
f 254/316/115 256/186/116 460/186/116 459/316/115
f 344/285/113 343/283/112 439/283/112 440/285/113
f 318/233/118 317/231/117 413/231/117 414/233/118
f 256/186/116 258/185/117 461/185/117 460/186/116
f 473/28/199 474/317/199 476/129/199 475/189/199
f 865/128/672 866/129/673 868/130/674 867/131/674
f 867/131/674 868/130/674 870/132/675 869/133/675
f 869/133/675 870/132/675 872/134/676 871/135/676
f 871/135/676 872/134/676 874/136/677 873/2/677
f 873/2/677 874/136/677 876/137/678 875/138/678
f 875/138/678 876/137/678 878/139/679 877/140/679
f 877/140/679 878/139/679 880/141/680 879/142/680
f 879/142/680 880/141/680 882/143/681 881/144/681
f 881/144/681 882/143/681 884/145/682 883/146/682
f 883/146/682 884/145/682 886/147/683 885/148/683
f 885/148/683 886/147/683 888/149/684 887/150/684
f 887/150/684 888/149/684 890/6/685 889/151/685
f 889/151/685 890/6/685 892/152/686 891/153/686
f 891/153/686 892/152/686 894/154/687 893/155/687
f 893/155/687 894/154/687 896/156/688 895/157/688
f 895/157/688 896/156/688 898/158/689 897/159/690
f 897/159/690 898/158/689 900/160/691 899/161/691
f 899/161/691 900/160/691 902/162/692 901/163/692
f 901/163/692 902/162/692 904/164/693 903/165/693
f 903/165/693 904/164/693 906/22/694 905/13/694
f 905/13/694 906/22/694 908/166/695 907/167/695
f 907/167/695 908/166/695 910/168/696 909/169/696
f 909/169/696 910/168/696 912/170/697 911/171/697
f 911/171/697 912/170/697 914/172/698 913/173/698
f 913/173/698 914/172/698 916/174/699 915/175/699
f 915/175/699 916/174/699 918/176/700 917/177/700
f 917/177/700 918/176/700 920/178/701 919/179/701
f 919/179/701 920/178/701 922/180/702 921/23/702
f 921/23/702 922/180/702 924/181/703 923/182/703
f 923/182/703 924/181/703 926/183/704 925/184/704
f 925/184/704 926/183/704 928/187/705 927/188/705
f 927/188/705 928/187/705 866/189/673 865/190/672
f 1121/28/199 1122/317/199 1124/129/199 1123/189/199
f 1509/128/673 1510/129/673 1512/130/674 1511/131/674
f 1511/131/674 1512/130/674 1514/132/675 1513/133/675
f 1513/133/675 1514/132/675 1516/134/676 1515/135/676
f 1515/135/676 1516/134/676 1518/136/786 1517/2/786
f 1517/2/786 1518/136/786 1520/137/678 1519/138/678
f 1519/138/678 1520/137/678 1522/139/679 1521/140/679
f 1521/140/679 1522/139/679 1524/141/787 1523/142/680
f 1523/142/680 1524/141/787 1526/143/681 1525/144/681
f 1525/144/681 1526/143/681 1528/145/788 1527/146/788
f 1527/146/788 1528/145/788 1530/147/683 1529/148/683
f 1529/148/683 1530/147/683 1532/149/684 1531/150/684
f 1531/150/684 1532/149/684 1534/6/789 1533/151/789
f 1533/151/789 1534/6/789 1536/152/686 1535/153/686
f 1535/153/686 1536/152/686 1538/154/687 1537/155/687
f 1537/155/687 1538/154/687 1540/156/688 1539/157/688
f 1539/157/688 1540/156/688 1542/158/689 1541/159/689
f 1541/159/689 1542/158/689 1544/160/691 1543/161/691
f 1543/161/691 1544/160/691 1546/162/692 1545/163/692
f 1545/163/692 1546/162/692 1548/164/693 1547/165/693
f 1547/165/693 1548/164/693 1550/22/790 1549/13/790
f 1549/13/790 1550/22/790 1552/166/695 1551/167/695
f 1551/167/695 1552/166/695 1554/168/696 1553/169/696
f 1553/169/696 1554/168/696 1556/170/697 1555/171/697
f 1555/171/697 1556/170/697 1558/172/698 1557/173/698
f 1557/173/698 1558/172/698 1560/174/699 1559/175/699
f 1559/175/699 1560/174/699 1562/176/700 1561/177/700
f 1561/177/700 1562/176/700 1564/178/701 1563/179/701
f 1563/179/701 1564/178/701 1566/180/791 1565/23/791
f 1565/23/791 1566/180/791 1568/181/703 1567/182/703
f 1567/182/703 1568/181/703 1570/183/704 1569/184/704
f 1569/184/704 1570/183/704 1572/187/705 1571/188/705
f 1571/188/705 1572/187/705 1510/189/673 1509/190/673
usemtl CustomArt
f 479/318/199 477/1/199 478/4/199 480/319/199
f 1765/28/792 1767/189/792 1768/129/792 1766/317/792
f 2154/4/7 2155/1/7 2156/1/7 2153/4/7
usemtl Material.004
f 2773/28/205 2774/28/206 2777/28/206 2776/28/205
f 2774/28/200 2773/28/200 2775/28/200 2801/28/200 2802/28/200 2803/28/200 2804/28/200 2825/28/200 2826/28/200 2827/28/200 2828/28/200 2849/28/200 2850/28/200 2851/28/200 2852/28/200 2873/28/200 2874/28/200 2875/28/200 2876/28/200 2897/28/200 2898/28/200 2899/28/200 2900/28/200 2921/28/200 2922/28/200 2923/28/200 2924/28/200 2945/28/200 2946/28/200 2947/28/200 2948/28/200 2964/28/200
f 2775/28/217 2773/28/205 2776/28/205 2778/28/217
f 2776/28/996 2777/28/251 2780/28/251 2779/28/996
f 2778/28/262 2776/28/996 2779/28/996 2781/28/262
f 2779/28/717 2780/28/284 2783/28/285 2782/28/286
f 2781/28/304 2779/28/717 2782/28/286 2784/28/305
f 2782/28/286 2783/28/285 2786/28/337 2785/28/346
f 2784/28/305 2782/28/286 2785/28/346 2787/28/344
f 2785/28/346 2786/28/337 2789/28/364 2788/28/393
f 2787/28/344 2785/28/346 2788/28/393 2790/28/1034
f 2789/28/364 2959/28/365 2958/28/366 2957/28/367 2936/28/368 2935/28/369 2934/28/370 2933/28/1023 2912/28/372 2911/28/373 2910/28/374 2909/28/375 2888/28/376 2887/28/377 2886/28/378 2885/28/379 2864/28/335 2863/28/334 2862/28/380 2861/28/381 2840/28/382 2839/28/1035 2838/28/384 2837/28/385 2816/28/386 2815/28/387 2814/28/388 2813/28/389 2792/28/390 2791/28/391 2790/28/1034 2788/28/393
f 2793/28/342 2787/28/344 2790/28/1034 2791/28/391
f 2794/28/338 2793/28/342 2791/28/391 2792/28/390
f 2796/28/293 2795/28/299 2793/28/342 2794/28/338
f 2795/28/299 2784/28/305 2787/28/344 2793/28/342
f 2798/28/292 2797/28/298 2795/28/299 2796/28/293
f 2797/28/298 2781/28/304 2784/28/305 2795/28/299
f 2800/28/256 2799/28/259 2797/28/259 2798/28/256
f 2799/28/259 2778/28/262 2781/28/262 2797/28/259
f 2802/28/211 2801/28/214 2799/28/214 2800/28/211
f 2801/28/214 2775/28/217 2778/28/217 2799/28/214
f 2803/28/208 2802/28/211 2800/28/211 2805/28/208
f 2804/28/207 2803/28/208 2805/28/208 2806/28/207
f 2806/28/248 2805/28/252 2807/28/252 2808/28/248
f 2805/28/252 2800/28/256 2798/28/256 2807/28/252
f 2808/28/280 2807/28/287 2809/28/1001 2810/28/281
f 2807/28/287 2798/28/292 2796/28/293 2809/28/1001
f 2810/28/281 2809/28/1001 2811/28/339 2812/28/363
f 2809/28/1001 2796/28/293 2794/28/338 2811/28/339
f 2812/28/363 2811/28/339 2813/28/389 2814/28/388
f 2811/28/339 2794/28/338 2792/28/390 2813/28/389
f 2817/28/361 2812/28/363 2814/28/388 2815/28/387
f 2818/28/359 2817/28/361 2815/28/387 2816/28/386
f 2820/28/715 2819/28/276 2817/28/361 2818/28/359
f 2819/28/276 2810/28/281 2812/28/363 2817/28/361
f 2822/28/1002 2821/28/1003 2819/28/276 2820/28/715
f 2821/28/1003 2808/28/280 2810/28/281 2819/28/276
f 2824/28/708 2823/28/246 2821/28/246 2822/28/708
f 2823/28/246 2806/28/248 2808/28/248 2821/28/246
f 2826/28/232 2825/28/234 2823/28/234 2824/28/232
f 2825/28/234 2804/28/207 2806/28/207 2823/28/234
f 2827/28/230 2826/28/232 2824/28/232 2829/28/230
f 2828/28/228 2827/28/230 2829/28/230 2830/28/228
f 2830/28/240 2829/28/242 2831/28/242 2832/28/240
f 2829/28/242 2824/28/708 2822/28/708 2831/28/242
f 2832/28/1005 2831/28/330 2833/28/331 2834/28/327
f 2831/28/330 2822/28/1002 2820/28/715 2833/28/331
f 2834/28/327 2833/28/331 2835/28/357 2836/28/355
f 2833/28/331 2820/28/715 2818/28/359 2835/28/357
f 2836/28/355 2835/28/357 2837/28/385 2838/28/384
f 2835/28/357 2818/28/359 2816/28/386 2837/28/385
f 2841/28/353 2836/28/355 2838/28/384 2839/28/1035
f 2842/28/351 2841/28/353 2839/28/1035 2840/28/382
f 2844/28/319 2843/28/323 2841/28/353 2842/28/351
f 2843/28/323 2834/28/327 2836/28/355 2841/28/353
f 2846/28/318 2845/28/1008 2843/28/323 2844/28/319
f 2845/28/1008 2832/28/1005 2834/28/327 2843/28/323
f 2848/28/269 2847/28/239 2845/28/239 2846/28/269
f 2847/28/239 2830/28/240 2832/28/240 2845/28/239
f 2850/28/224 2849/28/226 2847/28/226 2848/28/224
f 2849/28/226 2828/28/228 2830/28/228 2847/28/226
f 2851/28/222 2850/28/224 2848/28/224 2853/28/222
f 2852/28/220 2851/28/222 2853/28/222 2854/28/220
f 2854/28/265 2853/28/267 2855/28/267 2856/28/265
f 2853/28/267 2848/28/269 2846/28/269 2855/28/267
f 2856/28/310 2855/28/314 2857/28/720 2858/28/311
f 2855/28/314 2846/28/318 2844/28/319 2857/28/720
f 2858/28/311 2857/28/720 2859/28/349 2860/28/1011
f 2857/28/720 2844/28/319 2842/28/351 2859/28/349
f 2860/28/1011 2859/28/349 2861/28/381 2862/28/380
f 2859/28/349 2842/28/351 2840/28/382 2861/28/381
f 2865/28/333 2860/28/1011 2862/28/380 2863/28/334
f 2866/28/332 2865/28/333 2863/28/334 2864/28/335
f 2868/28/301 2867/28/307 2865/28/333 2866/28/332
f 2867/28/307 2858/28/311 2860/28/1011 2865/28/333
f 2870/28/300 2869/28/719 2867/28/307 2868/28/301
f 2869/28/719 2856/28/310 2858/28/311 2867/28/307
f 2872/28/712 2871/28/714 2869/28/714 2870/28/260
f 2871/28/714 2854/28/265 2856/28/265 2869/28/714
f 2874/28/215 2873/28/1036 2871/28/1036 2872/28/215
f 2873/28/1036 2852/28/220 2854/28/220 2871/28/1036
f 2875/28/212 2874/28/215 2872/28/215 2877/28/212
f 2876/28/209 2875/28/212 2877/28/212 2878/28/209
f 2878/28/254 2877/28/1024 2879/28/1024 2880/28/254
f 2877/28/1024 2872/28/712 2870/28/260 2879/28/1024
f 2880/28/289 2879/28/718 2881/28/295 2882/28/271
f 2879/28/718 2870/28/300 2868/28/301 2881/28/295
f 2882/28/271 2881/28/295 2883/28/340 2884/28/272
f 2881/28/295 2868/28/301 2866/28/332 2883/28/340
f 2884/28/272 2883/28/340 2885/28/379 2886/28/378
f 2883/28/340 2866/28/332 2864/28/335 2885/28/379
f 2889/28/273 2884/28/272 2886/28/378 2887/28/377
f 2890/28/723 2889/28/273 2887/28/377 2888/28/376
f 2892/28/1025 2891/28/270 2889/28/273 2890/28/723
f 2891/28/270 2882/28/271 2884/28/272 2889/28/273
f 2894/28/278 2893/28/282 2891/28/270 2892/28/1025
f 2893/28/282 2880/28/289 2882/28/271 2891/28/270
f 2896/28/1013 2895/28/1026 2893/28/1026 2894/28/1013
f 2895/28/1026 2878/28/254 2880/28/254 2893/28/1026
f 2898/28/203 2897/28/1037 2895/28/1037 2896/28/203
f 2897/28/1037 2876/28/209 2878/28/209 2895/28/1037
f 2899/28/233 2898/28/203 2896/28/203 2901/28/233
f 2900/28/231 2899/28/233 2901/28/233 2902/28/231
f 2902/28/243 2901/28/709 2903/28/709 2904/28/243
f 2901/28/709 2896/28/1013 2894/28/1013 2903/28/709
f 2904/28/235 2903/28/236 2905/28/237 2906/28/238
f 2903/28/236 2894/28/278 2892/28/1025 2905/28/237
f 2906/28/238 2905/28/237 2907/28/360 2908/28/358
f 2905/28/237 2892/28/1025 2890/28/723 2907/28/360
f 2908/28/358 2907/28/360 2909/28/375 2910/28/374
f 2907/28/360 2890/28/723 2888/28/376 2909/28/375
f 2913/28/356 2908/28/358 2910/28/374 2911/28/373
f 2914/28/354 2913/28/356 2911/28/373 2912/28/372
f 2916/28/325 2915/28/329 2913/28/356 2914/28/354
f 2915/28/329 2906/28/238 2908/28/358 2913/28/356
f 2918/28/324 2917/28/328 2915/28/329 2916/28/325
f 2917/28/328 2904/28/235 2906/28/238 2915/28/329
f 2920/28/202 2919/28/241 2917/28/241 2918/28/202
f 2919/28/241 2902/28/243 2904/28/243 2917/28/241
f 2922/28/227 2921/28/229 2919/28/229 2920/28/227
f 2921/28/229 2900/28/231 2902/28/231 2919/28/229
f 2923/28/225 2922/28/227 2920/28/227 2925/28/225
f 2924/28/223 2923/28/225 2925/28/225 2926/28/223
f 2926/28/268 2925/28/201 2927/28/201 2928/28/268
f 2925/28/201 2920/28/202 2918/28/202 2927/28/201
f 2928/28/316 2927/28/320 2929/28/321 2930/28/317
f 2927/28/320 2918/28/324 2916/28/325 2929/28/321
f 2930/28/317 2929/28/321 2931/28/1018 2932/28/350
f 2929/28/321 2916/28/325 2914/28/354 2931/28/1018
f 2932/28/350 2931/28/1018 2933/28/1023 2934/28/370
f 2931/28/1018 2914/28/354 2912/28/372 2933/28/1023
f 2937/28/348 2932/28/350 2934/28/370 2935/28/369
f 2938/28/345 2937/28/348 2935/28/369 2936/28/368
f 2940/28/309 2939/28/313 2937/28/348 2938/28/345
f 2939/28/313 2930/28/317 2932/28/350 2937/28/348
f 2942/28/1019 2941/28/312 2939/28/313 2940/28/309
f 2941/28/312 2928/28/316 2930/28/317 2939/28/313
f 2944/28/264 2943/28/266 2941/28/266 2942/28/264
f 2943/28/266 2926/28/268 2928/28/268 2941/28/266
f 2946/28/219 2945/28/221 2943/28/221 2944/28/219
f 2945/28/221 2924/28/223 2926/28/223 2943/28/221
f 2947/28/216 2946/28/219 2944/28/219 2949/28/216
f 2948/28/213 2947/28/216 2949/28/216 2950/28/213
f 2950/28/1022 2949/28/1027 2951/28/1027 2952/28/1022
f 2949/28/1027 2944/28/264 2942/28/264 2951/28/1027
f 2952/28/1038 2951/28/302 2953/28/1028 2954/28/297
f 2951/28/302 2942/28/1019 2940/28/309 2953/28/1028
f 2954/28/297 2953/28/1028 2955/28/343 2956/28/341
f 2953/28/1028 2940/28/309 2938/28/345 2955/28/343
f 2956/28/341 2955/28/343 2957/28/367 2958/28/366
f 2955/28/343 2938/28/345 2936/28/368 2957/28/367
f 2960/28/336 2956/28/341 2958/28/366 2959/28/365
f 2786/28/337 2960/28/336 2959/28/365 2789/28/364
f 2783/28/285 2961/28/291 2960/28/336 2786/28/337
f 2961/28/291 2954/28/297 2956/28/341 2960/28/336
f 2780/28/284 2962/28/1029 2961/28/291 2783/28/285
f 2962/28/1029 2952/28/1038 2954/28/297 2961/28/291
f 2777/28/251 2963/28/255 2962/28/1030 2780/28/251
f 2963/28/255 2950/28/1022 2952/28/1022 2962/28/1030
f 2774/28/206 2964/28/210 2963/28/210 2777/28/206
f 2964/28/210 2948/28/213 2950/28/213 2963/28/210
f 2965/28/205 2966/28/206 2969/28/206 2968/28/205
f 2966/28/200 2965/28/200 2967/28/200 2993/28/200 2994/28/200 2995/28/200 2996/28/200 3017/28/200 3018/28/200 3019/28/200 3020/28/200 3041/28/200 3042/28/200 3043/28/200 3044/28/200 3065/28/200 3066/28/200 3067/28/200 3068/28/200 3089/28/200 3090/28/200 3091/28/200 3092/28/200 3113/28/200 3114/28/200 3115/28/200 3116/28/200 3137/28/200 3138/28/200 3139/28/200 3140/28/200 3156/28/200
f 2967/28/217 2965/28/205 2968/28/205 2970/28/217
f 2968/28/996 2969/28/251 2972/28/251 2971/28/996
f 2970/28/262 2968/28/996 2971/28/996 2973/28/262
f 2971/28/717 2972/28/284 2975/28/285 2974/28/286
f 2973/28/304 2971/28/717 2974/28/286 2976/28/305
f 2974/28/286 2975/28/285 2978/28/337 2977/28/346
f 2976/28/305 2974/28/286 2977/28/346 2979/28/344
f 2977/28/346 2978/28/337 2981/28/364 2980/28/393
f 2979/28/344 2977/28/346 2980/28/393 2982/28/392
f 2981/28/364 3151/28/365 3150/28/366 3149/28/367 3128/28/368 3127/28/369 3126/28/370 3125/28/371 3104/28/372 3103/28/373 3102/28/374 3101/28/375 3080/28/376 3079/28/377 3078/28/378 3077/28/379 3056/28/335 3055/28/334 3054/28/380 3053/28/381 3032/28/382 3031/28/1035 3030/28/384 3029/28/385 3008/28/386 3007/28/998 3006/28/388 3005/28/389 2984/28/390 2983/28/391 2982/28/392 2980/28/393
f 2985/28/342 2979/28/344 2982/28/392 2983/28/391
f 2986/28/338 2985/28/342 2983/28/391 2984/28/390
f 2988/28/293 2987/28/299 2985/28/342 2986/28/338
f 2987/28/299 2976/28/305 2979/28/344 2985/28/342
f 2990/28/292 2989/28/298 2987/28/299 2988/28/293
f 2989/28/298 2973/28/304 2976/28/305 2987/28/299
f 2992/28/256 2991/28/999 2989/28/999 2990/28/256
f 2991/28/999 2970/28/262 2973/28/262 2989/28/999
f 2994/28/211 2993/28/707 2991/28/707 2992/28/211
f 2993/28/707 2967/28/217 2970/28/217 2991/28/707
f 2995/28/208 2994/28/211 2992/28/211 2997/28/208
f 2996/28/207 2995/28/208 2997/28/208 2998/28/207
f 2998/28/248 2997/28/1000 2999/28/1000 3000/28/248
f 2997/28/1000 2992/28/256 2990/28/256 2999/28/1000
f 3000/28/280 2999/28/287 3001/28/1039 3002/28/281
f 2999/28/287 2990/28/292 2988/28/293 3001/28/1039
f 3002/28/281 3001/28/1039 3003/28/339 3004/28/363
f 3001/28/1039 2988/28/293 2986/28/338 3003/28/339
f 3004/28/363 3003/28/339 3005/28/389 3006/28/388
f 3003/28/339 2986/28/338 2984/28/390 3005/28/389
f 3009/28/361 3004/28/363 3006/28/388 3007/28/998
f 3010/28/359 3009/28/361 3007/28/998 3008/28/386
f 3012/28/715 3011/28/276 3009/28/361 3010/28/359
f 3011/28/276 3002/28/281 3004/28/363 3009/28/361
f 3014/28/1002 3013/28/1003 3011/28/276 3012/28/715
f 3013/28/1003 3000/28/280 3002/28/281 3011/28/276
f 3016/28/244 3015/28/246 3013/28/246 3014/28/708
f 3015/28/246 2998/28/248 3000/28/248 3013/28/246
f 3018/28/232 3017/28/234 3015/28/234 3016/28/232
f 3017/28/234 2996/28/207 2998/28/207 3015/28/234
f 3019/28/1004 3018/28/232 3016/28/232 3021/28/1004
f 3020/28/228 3019/28/1004 3021/28/1004 3022/28/228
f 3022/28/240 3021/28/242 3023/28/242 3024/28/240
f 3021/28/242 3016/28/244 3014/28/708 3023/28/242
f 3024/28/1005 3023/28/330 3025/28/331 3026/28/1007
f 3023/28/330 3014/28/1002 3012/28/715 3025/28/331
f 3026/28/1007 3025/28/331 3027/28/357 3028/28/355
f 3025/28/331 3012/28/715 3010/28/359 3027/28/357
f 3028/28/355 3027/28/357 3029/28/385 3030/28/384
f 3027/28/357 3010/28/359 3008/28/386 3029/28/385
f 3033/28/353 3028/28/355 3030/28/384 3031/28/1035
f 3034/28/351 3033/28/353 3031/28/1035 3032/28/382
f 3036/28/319 3035/28/323 3033/28/353 3034/28/351
f 3035/28/323 3026/28/1007 3028/28/355 3033/28/353
f 3038/28/318 3037/28/1008 3035/28/323 3036/28/319
f 3037/28/1008 3024/28/1005 3026/28/1007 3035/28/323
f 3040/28/269 3039/28/239 3037/28/239 3038/28/269
f 3039/28/239 3022/28/240 3024/28/240 3037/28/239
f 3042/28/224 3041/28/226 3039/28/226 3040/28/224
f 3041/28/226 3020/28/228 3022/28/228 3039/28/226
f 3043/28/222 3042/28/224 3040/28/224 3045/28/222
f 3044/28/220 3043/28/222 3045/28/222 3046/28/220
f 3046/28/265 3045/28/1009 3047/28/1009 3048/28/265
f 3045/28/1009 3040/28/269 3038/28/269 3047/28/1009
f 3048/28/1010 3047/28/314 3049/28/720 3050/28/311
f 3047/28/314 3038/28/318 3036/28/319 3049/28/720
f 3050/28/311 3049/28/720 3051/28/349 3052/28/1011
f 3049/28/720 3036/28/319 3034/28/351 3051/28/349
f 3052/28/1011 3051/28/349 3053/28/381 3054/28/380
f 3051/28/349 3034/28/351 3032/28/382 3053/28/381
f 3057/28/333 3052/28/1011 3054/28/380 3055/28/334
f 3058/28/332 3057/28/333 3055/28/334 3056/28/335
f 3060/28/301 3059/28/307 3057/28/333 3058/28/332
f 3059/28/307 3050/28/311 3052/28/1011 3057/28/333
f 3062/28/300 3061/28/719 3059/28/307 3060/28/301
f 3061/28/719 3048/28/1010 3050/28/311 3059/28/307
f 3064/28/260 3063/28/263 3061/28/263 3062/28/260
f 3063/28/263 3046/28/265 3048/28/265 3061/28/263
f 3066/28/215 3065/28/1036 3063/28/1036 3064/28/215
f 3065/28/1036 3044/28/220 3046/28/220 3063/28/1036
f 3067/28/212 3066/28/215 3064/28/215 3069/28/212
f 3068/28/209 3067/28/212 3069/28/212 3070/28/209
f 3070/28/254 3069/28/1012 3071/28/1012 3072/28/254
f 3069/28/1012 3064/28/260 3062/28/260 3071/28/1012
f 3072/28/289 3071/28/294 3073/28/295 3074/28/271
f 3071/28/294 3062/28/300 3060/28/301 3073/28/295
f 3074/28/271 3073/28/295 3075/28/340 3076/28/272
f 3073/28/295 3060/28/301 3058/28/332 3075/28/340
f 3076/28/272 3075/28/340 3077/28/379 3078/28/378
f 3075/28/340 3058/28/332 3056/28/335 3077/28/379
f 3081/28/273 3076/28/272 3078/28/378 3079/28/377
f 3082/28/723 3081/28/273 3079/28/377 3080/28/376
f 3084/28/279 3083/28/270 3081/28/273 3082/28/723
f 3083/28/270 3074/28/271 3076/28/272 3081/28/273
f 3086/28/278 3085/28/716 3083/28/270 3084/28/279
f 3085/28/716 3072/28/289 3074/28/271 3083/28/270
f 3088/28/1013 3087/28/249 3085/28/249 3086/28/1013
f 3087/28/249 3070/28/254 3072/28/254 3085/28/249
f 3090/28/203 3089/28/204 3087/28/204 3088/28/203
f 3089/28/204 3068/28/209 3070/28/209 3087/28/204
f 3091/28/233 3090/28/203 3088/28/203 3093/28/233
f 3092/28/1014 3091/28/233 3093/28/233 3094/28/1014
f 3094/28/243 3093/28/1015 3095/28/1015 3096/28/243
f 3093/28/1015 3088/28/1013 3086/28/1013 3095/28/1015
f 3096/28/1016 3095/28/236 3097/28/237 3098/28/238
f 3095/28/236 3086/28/278 3084/28/279 3097/28/237
f 3098/28/238 3097/28/237 3099/28/360 3100/28/358
f 3097/28/237 3084/28/279 3082/28/723 3099/28/360
f 3100/28/358 3099/28/360 3101/28/375 3102/28/374
f 3099/28/360 3082/28/723 3080/28/376 3101/28/375
f 3105/28/356 3100/28/358 3102/28/374 3103/28/373
f 3106/28/354 3105/28/356 3103/28/373 3104/28/372
f 3108/28/325 3107/28/329 3105/28/356 3106/28/354
f 3107/28/329 3098/28/238 3100/28/358 3105/28/356
f 3110/28/324 3109/28/328 3107/28/329 3108/28/325
f 3109/28/328 3096/28/1016 3098/28/238 3107/28/329
f 3112/28/202 3111/28/241 3109/28/241 3110/28/202
f 3111/28/241 3094/28/243 3096/28/243 3109/28/241
f 3114/28/227 3113/28/229 3111/28/229 3112/28/227
f 3113/28/229 3092/28/1014 3094/28/1014 3111/28/229
f 3115/28/225 3114/28/227 3112/28/227 3117/28/225
f 3116/28/223 3115/28/225 3117/28/225 3118/28/223
f 3118/28/1017 3117/28/201 3119/28/201 3120/28/1017
f 3117/28/201 3112/28/202 3110/28/202 3119/28/201
f 3120/28/316 3119/28/320 3121/28/321 3122/28/317
f 3119/28/320 3110/28/324 3108/28/325 3121/28/321
f 3122/28/317 3121/28/321 3123/28/1018 3124/28/350
f 3121/28/321 3108/28/325 3106/28/354 3123/28/1018
f 3124/28/350 3123/28/1018 3125/28/371 3126/28/370
f 3123/28/1018 3106/28/354 3104/28/372 3125/28/371
f 3129/28/348 3124/28/350 3126/28/370 3127/28/369
f 3130/28/345 3129/28/348 3127/28/369 3128/28/368
f 3132/28/309 3131/28/313 3129/28/348 3130/28/345
f 3131/28/313 3122/28/317 3124/28/350 3129/28/348
f 3134/28/1019 3133/28/312 3131/28/313 3132/28/309
f 3133/28/312 3120/28/316 3122/28/317 3131/28/313
f 3136/28/1020 3135/28/266 3133/28/266 3134/28/1020
f 3135/28/266 3118/28/1017 3120/28/1017 3133/28/266
f 3138/28/1021 3137/28/221 3135/28/221 3136/28/1021
f 3137/28/221 3116/28/223 3118/28/223 3135/28/221
f 3139/28/216 3138/28/1021 3136/28/1021 3141/28/216
f 3140/28/213 3139/28/216 3141/28/216 3142/28/213
f 3142/28/1022 3141/28/261 3143/28/261 3144/28/1022
f 3141/28/261 3136/28/1020 3134/28/1020 3143/28/261
f 3144/28/296 3143/28/302 3145/28/303 3146/28/297
f 3143/28/302 3134/28/1019 3132/28/309 3145/28/303
f 3146/28/297 3145/28/303 3147/28/343 3148/28/341
f 3145/28/303 3132/28/309 3130/28/345 3147/28/343
f 3148/28/341 3147/28/343 3149/28/367 3150/28/366
f 3147/28/343 3130/28/345 3128/28/368 3149/28/367
f 3152/28/336 3148/28/341 3150/28/366 3151/28/365
f 2978/28/337 3152/28/336 3151/28/365 2981/28/364
f 2975/28/285 3153/28/291 3152/28/336 2978/28/337
f 3153/28/291 3146/28/297 3148/28/341 3152/28/336
f 2972/28/284 3154/28/290 3153/28/291 2975/28/285
f 3154/28/290 3144/28/296 3146/28/297 3153/28/291
f 2969/28/251 3155/28/255 3154/28/255 2972/28/251
f 3155/28/255 3142/28/1022 3144/28/1022 3154/28/255
f 2966/28/206 3156/28/210 3155/28/210 2969/28/206
f 3156/28/210 3140/28/213 3142/28/213 3155/28/210
f 3733/28/205 3734/28/206 3737/28/206 3736/28/205
f 3734/28/200 3733/28/200 3735/28/200 3761/28/200 3762/28/200 3763/28/200 3764/28/200 3785/28/200 3786/28/200 3787/28/200 3788/28/200 3809/28/200 3810/28/200 3811/28/200 3812/28/200 3833/28/200 3834/28/200 3835/28/200 3836/28/200 3857/28/200 3858/28/200 3859/28/200 3860/28/200 3881/28/200 3882/28/200 3883/28/200 3884/28/200 3905/28/200 3906/28/200 3907/28/200 3908/28/200 3924/28/200
f 3735/28/217 3733/28/205 3736/28/205 3738/28/217
f 3736/28/996 3737/28/251 3740/28/251 3739/28/996
f 3738/28/262 3736/28/996 3739/28/996 3741/28/262
f 3739/28/283 3740/28/284 3743/28/285 3742/28/286
f 3741/28/304 3739/28/283 3742/28/286 3744/28/305
f 3742/28/286 3743/28/285 3746/28/337 3745/28/346
f 3744/28/305 3742/28/286 3745/28/346 3747/28/344
f 3745/28/346 3746/28/337 3749/28/364 3748/28/393
f 3747/28/344 3745/28/346 3748/28/393 3750/28/392
f 3749/28/364 3919/28/365 3918/28/366 3917/28/367 3896/28/368 3895/28/369 3894/28/370 3893/28/1023 3872/28/372 3871/28/373 3870/28/374 3869/28/375 3848/28/376 3847/28/377 3846/28/378 3845/28/379 3824/28/1055 3823/28/334 3822/28/380 3821/28/381 3800/28/382 3799/28/383 3798/28/384 3797/28/385 3776/28/386 3775/28/387 3774/28/388 3773/28/389 3752/28/390 3751/28/391 3750/28/392 3748/28/393
f 3753/28/342 3747/28/344 3750/28/392 3751/28/391
f 3754/28/338 3753/28/342 3751/28/391 3752/28/390
f 3756/28/293 3755/28/299 3753/28/342 3754/28/338
f 3755/28/299 3744/28/305 3747/28/344 3753/28/342
f 3758/28/292 3757/28/298 3755/28/299 3756/28/293
f 3757/28/298 3741/28/304 3744/28/305 3755/28/299
f 3760/28/256 3759/28/259 3757/28/259 3758/28/256
f 3759/28/259 3738/28/262 3741/28/262 3757/28/259
f 3762/28/211 3761/28/214 3759/28/214 3760/28/211
f 3761/28/214 3735/28/217 3738/28/217 3759/28/214
f 3763/28/208 3762/28/211 3760/28/211 3765/28/208
f 3764/28/207 3763/28/208 3765/28/208 3766/28/207
f 3766/28/248 3765/28/252 3767/28/252 3768/28/248
f 3765/28/252 3760/28/256 3758/28/256 3767/28/252
f 3768/28/280 3767/28/287 3769/28/1001 3770/28/281
f 3767/28/287 3758/28/292 3756/28/293 3769/28/1001
f 3770/28/281 3769/28/1001 3771/28/339 3772/28/363
f 3769/28/1001 3756/28/293 3754/28/338 3771/28/339
f 3772/28/363 3771/28/339 3773/28/389 3774/28/388
f 3771/28/339 3754/28/338 3752/28/390 3773/28/389
f 3777/28/361 3772/28/363 3774/28/388 3775/28/387
f 3778/28/359 3777/28/361 3775/28/387 3776/28/386
f 3780/28/715 3779/28/276 3777/28/361 3778/28/359
f 3779/28/276 3770/28/281 3772/28/363 3777/28/361
f 3782/28/1002 3781/28/1003 3779/28/276 3780/28/715
f 3781/28/1003 3768/28/280 3770/28/281 3779/28/276
f 3784/28/708 3783/28/246 3781/28/246 3782/28/708
f 3783/28/246 3766/28/248 3768/28/248 3781/28/246
f 3786/28/232 3785/28/234 3783/28/234 3784/28/232
f 3785/28/234 3764/28/207 3766/28/207 3783/28/234
f 3787/28/230 3786/28/232 3784/28/232 3789/28/230
f 3788/28/228 3787/28/230 3789/28/230 3790/28/228
f 3790/28/240 3789/28/242 3791/28/242 3792/28/240
f 3789/28/242 3784/28/708 3782/28/708 3791/28/242
f 3792/28/1005 3791/28/330 3793/28/331 3794/28/327
f 3791/28/330 3782/28/1002 3780/28/715 3793/28/331
f 3794/28/327 3793/28/331 3795/28/357 3796/28/355
f 3793/28/331 3780/28/715 3778/28/359 3795/28/357
f 3796/28/355 3795/28/357 3797/28/385 3798/28/384
f 3795/28/357 3778/28/359 3776/28/386 3797/28/385
f 3801/28/353 3796/28/355 3798/28/384 3799/28/383
f 3802/28/351 3801/28/353 3799/28/383 3800/28/382
f 3804/28/319 3803/28/323 3801/28/353 3802/28/351
f 3803/28/323 3794/28/327 3796/28/355 3801/28/353
f 3806/28/318 3805/28/1008 3803/28/323 3804/28/319
f 3805/28/1008 3792/28/1005 3794/28/327 3803/28/323
f 3808/28/269 3807/28/239 3805/28/239 3806/28/269
f 3807/28/239 3790/28/240 3792/28/240 3805/28/239
f 3810/28/224 3809/28/226 3807/28/226 3808/28/224
f 3809/28/226 3788/28/228 3790/28/228 3807/28/226
f 3811/28/222 3810/28/224 3808/28/224 3813/28/222
f 3812/28/220 3811/28/222 3813/28/222 3814/28/220
f 3814/28/265 3813/28/267 3815/28/267 3816/28/265
f 3813/28/267 3808/28/269 3806/28/269 3815/28/267
f 3816/28/310 3815/28/314 3817/28/720 3818/28/311
f 3815/28/314 3806/28/318 3804/28/319 3817/28/720
f 3818/28/311 3817/28/720 3819/28/349 3820/28/347
f 3817/28/720 3804/28/319 3802/28/351 3819/28/349
f 3820/28/347 3819/28/349 3821/28/381 3822/28/380
f 3819/28/349 3802/28/351 3800/28/382 3821/28/381
f 3825/28/333 3820/28/347 3822/28/380 3823/28/334
f 3826/28/332 3825/28/333 3823/28/334 3824/28/1055
f 3828/28/301 3827/28/307 3825/28/333 3826/28/332
f 3827/28/307 3818/28/311 3820/28/347 3825/28/333
f 3830/28/300 3829/28/306 3827/28/307 3828/28/301
f 3829/28/306 3816/28/310 3818/28/311 3827/28/307
f 3832/28/260 3831/28/263 3829/28/263 3830/28/260
f 3831/28/263 3814/28/265 3816/28/265 3829/28/263
f 3834/28/215 3833/28/218 3831/28/218 3832/28/215
f 3833/28/218 3812/28/220 3814/28/220 3831/28/218
f 3835/28/212 3834/28/215 3832/28/215 3837/28/212
f 3836/28/209 3835/28/212 3837/28/212 3838/28/209
f 3838/28/254 3837/28/1024 3839/28/1024 3840/28/254
f 3837/28/1024 3832/28/260 3830/28/260 3839/28/1024
f 3840/28/289 3839/28/294 3841/28/295 3842/28/271
f 3839/28/294 3830/28/300 3828/28/301 3841/28/295
f 3842/28/271 3841/28/295 3843/28/340 3844/28/272
f 3841/28/295 3828/28/301 3826/28/332 3843/28/340
f 3844/28/272 3843/28/340 3845/28/379 3846/28/378
f 3843/28/340 3826/28/332 3824/28/1055 3845/28/379
f 3849/28/273 3844/28/272 3846/28/378 3847/28/377
f 3850/28/362 3849/28/273 3847/28/377 3848/28/376
f 3852/28/1025 3851/28/270 3849/28/273 3850/28/362
f 3851/28/270 3842/28/271 3844/28/272 3849/28/273
f 3854/28/278 3853/28/282 3851/28/270 3852/28/1025
f 3853/28/282 3840/28/289 3842/28/271 3851/28/270
f 3856/28/1013 3855/28/249 3853/28/249 3854/28/1013
f 3855/28/249 3838/28/254 3840/28/254 3853/28/249
f 3858/28/203 3857/28/204 3855/28/204 3856/28/203
f 3857/28/204 3836/28/209 3838/28/209 3855/28/204
f 3859/28/233 3858/28/203 3856/28/203 3861/28/233
f 3860/28/231 3859/28/233 3861/28/233 3862/28/231
f 3862/28/243 3861/28/709 3863/28/709 3864/28/243
f 3861/28/709 3856/28/1013 3854/28/1013 3863/28/709
f 3864/28/235 3863/28/236 3865/28/1048 3866/28/238
f 3863/28/236 3854/28/278 3852/28/1025 3865/28/1048
f 3866/28/238 3865/28/1048 3867/28/360 3868/28/358
f 3865/28/1048 3852/28/1025 3850/28/362 3867/28/360
f 3868/28/358 3867/28/360 3869/28/375 3870/28/374
f 3867/28/360 3850/28/362 3848/28/376 3869/28/375
f 3873/28/356 3868/28/358 3870/28/374 3871/28/373
f 3874/28/354 3873/28/356 3871/28/373 3872/28/372
f 3876/28/325 3875/28/329 3873/28/356 3874/28/354
f 3875/28/329 3866/28/238 3868/28/358 3873/28/356
f 3878/28/324 3877/28/328 3875/28/329 3876/28/325
f 3877/28/328 3864/28/235 3866/28/238 3875/28/329
f 3880/28/202 3879/28/241 3877/28/241 3878/28/202
f 3879/28/241 3862/28/243 3864/28/243 3877/28/241
f 3882/28/227 3881/28/229 3879/28/229 3880/28/227
f 3881/28/229 3860/28/231 3862/28/231 3879/28/229
f 3883/28/225 3882/28/227 3880/28/227 3885/28/225
f 3884/28/223 3883/28/225 3885/28/225 3886/28/223
f 3886/28/268 3885/28/201 3887/28/201 3888/28/268
f 3885/28/201 3880/28/202 3878/28/202 3887/28/201
f 3888/28/316 3887/28/320 3889/28/321 3890/28/317
f 3887/28/320 3878/28/324 3876/28/325 3889/28/321
f 3890/28/317 3889/28/321 3891/28/1018 3892/28/350
f 3889/28/321 3876/28/325 3874/28/354 3891/28/1018
f 3892/28/350 3891/28/1018 3893/28/1023 3894/28/370
f 3891/28/1018 3874/28/354 3872/28/372 3893/28/1023
f 3897/28/348 3892/28/350 3894/28/370 3895/28/369
f 3898/28/345 3897/28/348 3895/28/369 3896/28/368
f 3900/28/309 3899/28/313 3897/28/348 3898/28/345
f 3899/28/313 3890/28/317 3892/28/350 3897/28/348
f 3902/28/308 3901/28/312 3899/28/313 3900/28/309
f 3901/28/312 3888/28/316 3890/28/317 3899/28/313
f 3904/28/264 3903/28/266 3901/28/266 3902/28/264
f 3903/28/266 3886/28/268 3888/28/268 3901/28/266
f 3906/28/219 3905/28/221 3903/28/221 3904/28/219
f 3905/28/221 3884/28/223 3886/28/223 3903/28/221
f 3907/28/216 3906/28/219 3904/28/219 3909/28/216
f 3908/28/213 3907/28/216 3909/28/216 3910/28/213
f 3910/28/1022 3909/28/1049 3911/28/1049 3912/28/1022
f 3909/28/1049 3904/28/264 3902/28/264 3911/28/1049
f 3912/28/1038 3911/28/302 3913/28/1028 3914/28/297
f 3911/28/302 3902/28/308 3900/28/309 3913/28/1028
f 3914/28/297 3913/28/1028 3915/28/343 3916/28/341
f 3913/28/1028 3900/28/309 3898/28/345 3915/28/343
f 3916/28/341 3915/28/343 3917/28/367 3918/28/366
f 3915/28/343 3898/28/345 3896/28/368 3917/28/367
f 3920/28/336 3916/28/341 3918/28/366 3919/28/365
f 3746/28/337 3920/28/336 3919/28/365 3749/28/364
f 3743/28/285 3921/28/291 3920/28/336 3746/28/337
f 3921/28/291 3914/28/297 3916/28/341 3920/28/336
f 3740/28/284 3922/28/1029 3921/28/291 3743/28/285
f 3922/28/1029 3912/28/1038 3914/28/297 3921/28/291
f 3737/28/251 3923/28/1030 3922/28/1030 3740/28/251
f 3923/28/1030 3910/28/1022 3912/28/1022 3922/28/1030
f 3734/28/206 3924/28/210 3923/28/210 3737/28/206
f 3924/28/210 3908/28/213 3910/28/213 3923/28/210
f 3925/28/205 3926/28/206 3929/28/206 3928/28/205
f 3926/28/200 3925/28/200 3927/28/200 3953/28/200 3954/28/200 3955/28/200 3956/28/200 3977/28/200 3978/28/200 3979/28/200 3980/28/200 4001/28/200 4002/28/200 4003/28/200 4004/28/200 4025/28/200 4026/28/200 4027/28/200 4028/28/200 4049/28/200 4050/28/200 4051/28/200 4052/28/200 4073/28/200 4074/28/200 4075/28/200 4076/28/200 4097/28/200 4098/28/200 4099/28/200 4100/28/200 4116/28/200
f 3927/28/217 3925/28/205 3928/28/205 3930/28/217
f 3928/28/996 3929/28/251 3932/28/251 3931/28/996
f 3930/28/262 3928/28/996 3931/28/996 3933/28/262
f 3931/28/283 3932/28/1040 3935/28/285 3934/28/286
f 3933/28/304 3931/28/283 3934/28/286 3936/28/305
f 3934/28/286 3935/28/285 3938/28/337 3937/28/346
f 3936/28/305 3934/28/286 3937/28/346 3939/28/344
f 3937/28/346 3938/28/337 3941/28/364 3940/28/393
f 3939/28/344 3937/28/346 3940/28/393 3942/28/392
f 3941/28/364 4111/28/365 4110/28/366 4109/28/367 4088/28/368 4087/28/369 4086/28/370 4085/28/371 4064/28/372 4063/28/373 4062/28/374 4061/28/375 4040/28/376 4039/28/377 4038/28/378 4037/28/379 4016/28/335 4015/28/334 4014/28/380 4013/28/381 3992/28/382 3991/28/383 3990/28/384 3989/28/385 3968/28/386 3967/28/998 3966/28/388 3965/28/389 3944/28/390 3943/28/391 3942/28/392 3940/28/393
f 3945/28/342 3939/28/344 3942/28/392 3943/28/391
f 3946/28/338 3945/28/342 3943/28/391 3944/28/390
f 3948/28/293 3947/28/299 3945/28/342 3946/28/338
f 3947/28/299 3936/28/305 3939/28/344 3945/28/342
f 3950/28/292 3949/28/298 3947/28/299 3948/28/293
f 3949/28/298 3933/28/304 3936/28/305 3947/28/299
f 3952/28/256 3951/28/999 3949/28/999 3950/28/256
f 3951/28/999 3930/28/262 3933/28/262 3949/28/999
f 3954/28/211 3953/28/214 3951/28/214 3952/28/211
f 3953/28/214 3927/28/217 3930/28/217 3951/28/214
f 3955/28/208 3954/28/211 3952/28/211 3957/28/208
f 3956/28/207 3955/28/208 3957/28/208 3958/28/207
f 3958/28/248 3957/28/1000 3959/28/1000 3960/28/248
f 3957/28/1000 3952/28/256 3950/28/256 3959/28/1000
f 3960/28/280 3959/28/287 3961/28/1001 3962/28/281
f 3959/28/287 3950/28/292 3948/28/293 3961/28/1001
f 3962/28/281 3961/28/1001 3963/28/339 3964/28/363
f 3961/28/1001 3948/28/293 3946/28/338 3963/28/339
f 3964/28/363 3963/28/339 3965/28/389 3966/28/388
f 3963/28/339 3946/28/338 3944/28/390 3965/28/389
f 3969/28/361 3964/28/363 3966/28/388 3967/28/998
f 3970/28/359 3969/28/361 3967/28/998 3968/28/386
f 3972/28/277 3971/28/276 3969/28/361 3970/28/359
f 3971/28/276 3962/28/281 3964/28/363 3969/28/361
f 3974/28/1002 3973/28/1003 3971/28/276 3972/28/277
f 3973/28/1003 3960/28/280 3962/28/281 3971/28/276
f 3976/28/244 3975/28/246 3973/28/246 3974/28/244
f 3975/28/246 3958/28/248 3960/28/248 3973/28/246
f 3978/28/232 3977/28/234 3975/28/234 3976/28/232
f 3977/28/234 3956/28/207 3958/28/207 3975/28/234
f 3979/28/1004 3978/28/232 3976/28/232 3981/28/1004
f 3980/28/228 3979/28/1004 3981/28/1004 3982/28/228
f 3982/28/240 3981/28/242 3983/28/242 3984/28/240
f 3981/28/242 3976/28/244 3974/28/244 3983/28/242
f 3984/28/1005 3983/28/330 3985/28/331 3986/28/327
f 3983/28/330 3974/28/1002 3972/28/277 3985/28/331
f 3986/28/327 3985/28/331 3987/28/357 3988/28/355
f 3985/28/331 3972/28/277 3970/28/359 3987/28/357
f 3988/28/355 3987/28/357 3989/28/385 3990/28/384
f 3987/28/357 3970/28/359 3968/28/386 3989/28/385
f 3993/28/353 3988/28/355 3990/28/384 3991/28/383
f 3994/28/351 3993/28/353 3991/28/383 3992/28/382
f 3996/28/319 3995/28/323 3993/28/353 3994/28/351
f 3995/28/323 3986/28/327 3988/28/355 3993/28/353
f 3998/28/318 3997/28/1008 3995/28/323 3996/28/319
f 3997/28/1008 3984/28/1005 3986/28/327 3995/28/323
f 4000/28/269 3999/28/239 3997/28/239 3998/28/269
f 3999/28/239 3982/28/240 3984/28/240 3997/28/239
f 4002/28/224 4001/28/226 3999/28/226 4000/28/224
f 4001/28/226 3980/28/228 3982/28/228 3999/28/226
f 4003/28/222 4002/28/224 4000/28/224 4005/28/222
f 4004/28/220 4003/28/222 4005/28/222 4006/28/220
f 4006/28/265 4005/28/1009 4007/28/1009 4008/28/265
f 4005/28/1009 4000/28/269 3998/28/269 4007/28/1009
f 4008/28/310 4007/28/314 4009/28/720 4010/28/311
f 4007/28/314 3998/28/318 3996/28/319 4009/28/720
f 4010/28/311 4009/28/720 4011/28/349 4012/28/722
f 4009/28/720 3996/28/319 3994/28/351 4011/28/349
f 4012/28/722 4011/28/349 4013/28/381 4014/28/380
f 4011/28/349 3994/28/351 3992/28/382 4013/28/381
f 4017/28/333 4012/28/722 4014/28/380 4015/28/334
f 4018/28/332 4017/28/333 4015/28/334 4016/28/335
f 4020/28/301 4019/28/307 4017/28/333 4018/28/332
f 4019/28/307 4010/28/311 4012/28/722 4017/28/333
f 4022/28/300 4021/28/719 4019/28/307 4020/28/301
f 4021/28/719 4008/28/310 4010/28/311 4019/28/307
f 4024/28/260 4023/28/263 4021/28/263 4022/28/260
f 4023/28/263 4006/28/265 4008/28/265 4021/28/263
f 4026/28/215 4025/28/218 4023/28/218 4024/28/215
f 4025/28/218 4004/28/220 4006/28/220 4023/28/218
f 4027/28/212 4026/28/215 4024/28/215 4029/28/212
f 4028/28/209 4027/28/212 4029/28/212 4030/28/209
f 4030/28/254 4029/28/1024 4031/28/1024 4032/28/254
f 4029/28/1024 4024/28/260 4022/28/260 4031/28/1024
f 4032/28/289 4031/28/294 4033/28/295 4034/28/271
f 4031/28/294 4022/28/300 4020/28/301 4033/28/295
f 4034/28/271 4033/28/295 4035/28/340 4036/28/272
f 4033/28/295 4020/28/301 4018/28/332 4035/28/340
f 4036/28/272 4035/28/340 4037/28/379 4038/28/378
f 4035/28/340 4018/28/332 4016/28/335 4037/28/379
f 4041/28/273 4036/28/272 4038/28/378 4039/28/377
f 4042/28/723 4041/28/273 4039/28/377 4040/28/376
f 4044/28/279 4043/28/270 4041/28/273 4042/28/723
f 4043/28/270 4034/28/271 4036/28/272 4041/28/273
f 4046/28/278 4045/28/716 4043/28/270 4044/28/279
f 4045/28/716 4032/28/289 4034/28/271 4043/28/270
f 4048/28/247 4047/28/249 4045/28/249 4046/28/247
f 4047/28/249 4030/28/254 4032/28/254 4045/28/249
f 4050/28/203 4049/28/204 4047/28/204 4048/28/203
f 4049/28/204 4028/28/209 4030/28/209 4047/28/204
f 4051/28/233 4050/28/203 4048/28/203 4053/28/233
f 4052/28/231 4051/28/233 4053/28/233 4054/28/231
f 4054/28/1044 4053/28/1045 4055/28/1045 4056/28/1044
f 4053/28/1045 4048/28/247 4046/28/247 4055/28/1045
f 4056/28/235 4055/28/236 4057/28/237 4058/28/238
f 4055/28/236 4046/28/278 4044/28/279 4057/28/237
f 4058/28/238 4057/28/237 4059/28/360 4060/28/358
f 4057/28/237 4044/28/279 4042/28/723 4059/28/360
f 4060/28/358 4059/28/360 4061/28/375 4062/28/374
f 4059/28/360 4042/28/723 4040/28/376 4061/28/375
f 4065/28/356 4060/28/358 4062/28/374 4063/28/373
f 4066/28/354 4065/28/356 4063/28/373 4064/28/372
f 4068/28/325 4067/28/329 4065/28/356 4066/28/354
f 4067/28/329 4058/28/238 4060/28/358 4065/28/356
f 4070/28/324 4069/28/1046 4067/28/329 4068/28/325
f 4069/28/1046 4056/28/235 4058/28/238 4067/28/329
f 4072/28/202 4071/28/241 4069/28/241 4070/28/202
f 4071/28/241 4054/28/1044 4056/28/1044 4069/28/241
f 4074/28/227 4073/28/229 4071/28/229 4072/28/227
f 4073/28/229 4052/28/231 4054/28/231 4071/28/229
f 4075/28/225 4074/28/227 4072/28/227 4077/28/225
f 4076/28/223 4075/28/225 4077/28/225 4078/28/223
f 4078/28/1017 4077/28/201 4079/28/201 4080/28/1017
f 4077/28/201 4072/28/202 4070/28/202 4079/28/201
f 4080/28/316 4079/28/320 4081/28/321 4082/28/317
f 4079/28/320 4070/28/324 4068/28/325 4081/28/321
f 4082/28/317 4081/28/321 4083/28/1018 4084/28/350
f 4081/28/321 4068/28/325 4066/28/354 4083/28/1018
f 4084/28/350 4083/28/1018 4085/28/371 4086/28/370
f 4083/28/1018 4066/28/354 4064/28/372 4085/28/371
f 4089/28/348 4084/28/350 4086/28/370 4087/28/369
f 4090/28/345 4089/28/348 4087/28/369 4088/28/368
f 4092/28/309 4091/28/313 4089/28/348 4090/28/345
f 4091/28/313 4082/28/317 4084/28/350 4089/28/348
f 4094/28/308 4093/28/1047 4091/28/313 4092/28/309
f 4093/28/1047 4080/28/316 4082/28/317 4091/28/313
f 4096/28/264 4095/28/266 4093/28/266 4094/28/264
f 4095/28/266 4078/28/1017 4080/28/1017 4093/28/266
f 4098/28/1021 4097/28/221 4095/28/221 4096/28/1021
f 4097/28/221 4076/28/223 4078/28/223 4095/28/221
f 4099/28/216 4098/28/1021 4096/28/1021 4101/28/216
f 4100/28/213 4099/28/216 4101/28/216 4102/28/213
f 4102/28/1022 4101/28/261 4103/28/261 4104/28/1022
f 4101/28/261 4096/28/264 4094/28/264 4103/28/261
f 4104/28/296 4103/28/302 4105/28/1028 4106/28/297
f 4103/28/302 4094/28/308 4092/28/309 4105/28/1028
f 4106/28/297 4105/28/1028 4107/28/343 4108/28/341
f 4105/28/1028 4092/28/309 4090/28/345 4107/28/343
f 4108/28/341 4107/28/343 4109/28/367 4110/28/366
f 4107/28/343 4090/28/345 4088/28/368 4109/28/367
f 4112/28/336 4108/28/341 4110/28/366 4111/28/365
f 3938/28/337 4112/28/336 4111/28/365 3941/28/364
f 3935/28/285 4113/28/291 4112/28/336 3938/28/337
f 4113/28/291 4106/28/297 4108/28/341 4112/28/336
f 3932/28/1040 4114/28/290 4113/28/291 3935/28/285
f 4114/28/290 4104/28/296 4106/28/297 4113/28/291
f 3929/28/251 4115/28/1030 4114/28/1030 3932/28/251
f 4115/28/1030 4102/28/1022 4104/28/1022 4114/28/1030
f 3926/28/206 4116/28/210 4115/28/1056 3929/28/206
f 4116/28/210 4100/28/213 4102/28/213 4115/28/1056
